make[1]: Entering directory '/home/runner/work/android_kernel_samsung_universal8895/android_kernel_samsung_universal8895/out/greatlte'
  GEN     ./Makefile
scripts/kconfig/conf  --silentoldconfig Kconfig
boolean symbol SND_SOC_MAX98506 tested for 'm'? test forced to 'n'
INFO: CC is  aarch64-linux-gnu-gcc
  CHK     include/config/kernel.release
  UPD     include/config/kernel.release
  GEN     ./Makefile
  WRAP    arch/arm64/include/generated/asm/bug.h
  WRAP    arch/arm64/include/generated/asm/bugs.h
  WRAP    arch/arm64/include/generated/asm/checksum.h
  WRAP    arch/arm64/include/generated/asm/clkdev.h
  WRAP    arch/arm64/include/generated/asm/cputime.h
  WRAP    arch/arm64/include/generated/asm/current.h
  WRAP    arch/arm64/include/generated/asm/delay.h
  CHK     include/generated/uapi/linux/version.h
  WRAP    arch/arm64/include/generated/asm/div64.h
  WRAP    arch/arm64/include/generated/asm/dma.h
  WRAP    arch/arm64/include/generated/asm/dma-contiguous.h
  UPD     include/generated/uapi/linux/version.h
  WRAP    arch/arm64/include/generated/asm/early_ioremap.h
  WRAP    arch/arm64/include/generated/asm/emergency-restart.h
  WRAP    arch/arm64/include/generated/asm/errno.h
  WRAP    arch/arm64/include/generated/asm/ftrace.h
  WRAP    arch/arm64/include/generated/asm/hw_irq.h
  WRAP    arch/arm64/include/generated/asm/ioctl.h
  WRAP    arch/arm64/include/generated/asm/ioctls.h
  WRAP    arch/arm64/include/generated/asm/ipcbuf.h
  WRAP    arch/arm64/include/generated/asm/irq_regs.h
  WRAP    arch/arm64/include/generated/asm/kdebug.h
  WRAP    arch/arm64/include/generated/asm/kmap_types.h
  WRAP    arch/arm64/include/generated/asm/kvm_para.h
  WRAP    arch/arm64/include/generated/asm/local.h
  WRAP    arch/arm64/include/generated/asm/local64.h
  WRAP    arch/arm64/include/generated/asm/mcs_spinlock.h
  WRAP    arch/arm64/include/generated/asm/mm-arch-hooks.h
  WRAP    arch/arm64/include/generated/asm/mman.h
  WRAP    arch/arm64/include/generated/asm/msgbuf.h
  WRAP    arch/arm64/include/generated/asm/msi.h
  WRAP    arch/arm64/include/generated/asm/mutex.h
  WRAP    arch/arm64/include/generated/asm/pci.h
  WRAP    arch/arm64/include/generated/asm/pci-bridge.h
  WRAP    arch/arm64/include/generated/asm/poll.h
  WRAP    arch/arm64/include/generated/asm/preempt.h
  WRAP    arch/arm64/include/generated/asm/resource.h
  WRAP    arch/arm64/include/generated/asm/rwsem.h
  WRAP    arch/arm64/include/generated/asm/sections.h
  WRAP    arch/arm64/include/generated/asm/segment.h
  WRAP    arch/arm64/include/generated/asm/sembuf.h
  WRAP    arch/arm64/include/generated/asm/serial.h
  WRAP    arch/arm64/include/generated/asm/shmbuf.h
  WRAP    arch/arm64/include/generated/asm/simd.h
  WRAP    arch/arm64/include/generated/asm/sizes.h
  WRAP    arch/arm64/include/generated/asm/socket.h
  WRAP    arch/arm64/include/generated/asm/sockios.h
  WRAP    arch/arm64/include/generated/asm/swab.h
  WRAP    arch/arm64/include/generated/asm/switch_to.h
  WRAP    arch/arm64/include/generated/asm/termbits.h
  WRAP    arch/arm64/include/generated/asm/termios.h
  CHK     include/generated/utsrelease.h
  WRAP    arch/arm64/include/generated/asm/topology.h
  WRAP    arch/arm64/include/generated/asm/trace_clock.h
  WRAP    arch/arm64/include/generated/asm/types.h
  WRAP    arch/arm64/include/generated/asm/unaligned.h
  WRAP    arch/arm64/include/generated/asm/user.h
  UPD     include/generated/utsrelease.h
  WRAP    arch/arm64/include/generated/asm/vga.h
  WRAP    arch/arm64/include/generated/asm/xor.h
  WRAP    arch/arm64/include/generated/uapi/asm/kvm_para.h
  HOSTCC  scripts/basic/fixdep
  Using /home/runner/work/android_kernel_samsung_universal8895/android_kernel_samsung_universal8895 as source for kernel
  HOSTCC  scripts/basic/bin2c
  CHK     include/generated/timeconst.h
  CC      kernel/bounds.s
  UPD     include/generated/timeconst.h
  CC      scripts/mod/empty.o
  HOSTCC  scripts/dtbtool_exynos/dtbtool.o
  HOSTCC  scripts/dtc/dtc.o
  CHK     include/generated/bounds.h
  HOSTCC  scripts/mod/mk_elfconfig
  UPD     include/generated/bounds.h
  CC      arch/arm64/kernel/asm-offsets.s
  CC      scripts/mod/devicetable-offsets.s
  HOSTCC  scripts/dtc/flattree.o
  MKELF   scripts/mod/elfconfig.h
  CHK     scripts/mod/devicetable-offsets.h
  UPD     scripts/mod/devicetable-offsets.h
  HOSTCC  scripts/mod/sumversion.o
  HOSTCC  scripts/dtbtool_exynos/../dtc/libfdt/fdt.o
  HOSTCC  scripts/dtbtool_exynos/../dtc/libfdt/fdt_ro.o
  CHK     include/generated/asm-offsets.h
  UPD     include/generated/asm-offsets.h
  CALL    /home/runner/work/android_kernel_samsung_universal8895/android_kernel_samsung_universal8895/scripts/checksyscalls.sh
  HOSTCC  scripts/mod/modpost.o
  HOSTCC  scripts/dtc/fstree.o
  HOSTLD  scripts/dtbtool_exynos/dtbtool
  HOSTCC  scripts/mod/file2alias.o
  HOSTCC  scripts/dtc/data.o
  HOSTCC  scripts/dtc/livetree.o
  HOSTCC  scripts/dtc/treesource.o
  LDS     arch/arm64/kernel/vdso/vdso.lds
  HOSTCC  scripts/dtc/srcpos.o
  HOSTLD  scripts/mod/modpost
  VDSOA   arch/arm64/kernel/vdso/gettimeofday.o
  VDSOA   arch/arm64/kernel/vdso/note.o
  HOSTCC  scripts/kallsyms
  HOSTCC  scripts/selinux/genheaders/genheaders
  VDSOA   arch/arm64/kernel/vdso/sigreturn.o
  VDSOL   arch/arm64/kernel/vdso/vdso.so.dbg
  VDSOSYM include/generated/vdso-offsets.h
  HOSTCC  scripts/dtc/checks.o
  HOSTCC  scripts/selinux/mdp/mdp
  HOSTCC  scripts/dtc/util.o
  SHIPPED scripts/dtc/dtc-lexer.lex.c
  SHIPPED scripts/dtc/dtc-parser.tab.h
  SHIPPED scripts/dtc/dtc-parser.tab.c
  HOSTCC  scripts/dtc/dtc-lexer.lex.o
  HOSTCC  scripts/dtc/dtc-parser.tab.o
  HOSTLD  scripts/dtc/dtc
  CC      init/main.o
  CHK     include/generated/compile.h
  HOSTCC  usr/gen_init_cpio
  UPD     include/generated/compile.h
  CC      arch/arm64/kernel/debug-monitors.o
  CC      arch/arm64/mm/dma-mapping.o
  GEN     usr/initramfs_data.cpio.gz
  AS      usr/initramfs_data.o
  LD      usr/built-in.o
  LD      arch/arm64/net/built-in.o
  CC      init/do_mounts.o
  AS      arch/arm64/kernel/entry.o
  CC      arch/arm64/kernel/irq.o
  CC      init/do_mounts_rd.o
  CC      arch/arm64/kernel/fpsimd.o
  CC      arch/arm64/mm/extable.o
  CC      arch/arm64/mm/fault.o
  CC      init/do_mounts_initrd.o
  CC      arch/arm64/crypto/sha1-ce-glue.o
  AS      arch/arm64/kernel/entry-fpsimd.o
  CC      arch/arm64/kernel/process.o
  CC      init/do_mounts_dm.o
  CC      arch/arm64/mm/init.o
  AS      arch/arm64/crypto/sha1-ce-core.o
  CC      arch/arm64/crypto/sha2-ce-glue.o
  CC      arch/arm64/kernel/ptrace.o
  CC      init/noinitramfs.o
  AS      arch/arm64/mm/cache.o
  CC      arch/arm64/mm/copypage.o
  AS      arch/arm64/crypto/sha2-ce-core.o
  CC      arch/arm64/crypto/poly-hash-ce-glue.o
  CC      arch/arm64/mm/flush.o
  CC      init/initramfs.o
  CC      arch/arm64/mm/ioremap.o
  AS      arch/arm64/crypto/poly-hash-ce-core.o
  CC      arch/arm64/crypto/aes-ce-cipher.o
  CC      arch/arm64/mm/mmap.o
  CC      arch/arm64/crypto/aes-glue-ce.o
  CC      init/calibrate.o
  CC      init/init_task.o
  CC      arch/arm64/kernel/setup.o
  CC      arch/arm64/mm/pgd.o
  AS      arch/arm64/crypto/aes-ce.o
  LD      arch/arm64/crypto/sha1-ce.o
  LD      arch/arm64/crypto/sha2-ce.o
  LD      arch/arm64/crypto/poly-hash-ce.o
  CC      arch/arm64/mm/mmu.o
  LD      arch/arm64/crypto/aes-ce-blk.o
  LD      arch/arm64/crypto/built-in.o
  CC      init/version.o
  CC      kernel/fork.o
  LD      init/mounts.o
  LD      init/built-in.o
  CC      arch/arm64/kernel/signal.o
  CC      arch/arm64/mm/context.o
  CC      arch/arm64/kernel/sys.o
  AS      arch/arm64/mm/proc.o
  CC      arch/arm64/mm/pageattr.o
  CC      kernel/exec_domain.o
  CC      arch/arm64/kernel/stacktrace.o
  LD      arch/arm64/mm/built-in.o
  CC      kernel/panic.o
  CC      arch/arm64/kernel/time.o
  LD      certs/built-in.o
  CC      kernel/cpu.o
In file included from /home/runner/work/android_kernel_samsung_universal8895/android_kernel_samsung_universal8895/arch/arm64/include/asm/atomic.h:41,
                 from /home/runner/work/android_kernel_samsung_universal8895/android_kernel_samsung_universal8895/include/linux/atomic.h:4,
                 from /home/runner/work/android_kernel_samsung_universal8895/android_kernel_samsung_universal8895/include/linux/debug_locks.h:5,
                 from /home/runner/work/android_kernel_samsung_universal8895/android_kernel_samsung_universal8895/kernel/panic.c:11:
/home/runner/work/android_kernel_samsung_universal8895/android_kernel_samsung_universal8895/kernel/panic.c: In function ‘add_taint’:
/home/runner/work/android_kernel_samsung_universal8895/android_kernel_samsung_universal8895/arch/arm64/include/asm/cmpxchg.h:38:9: warning: array subscript ‘long unsigned int[0]’ is partly outside array bounds of ‘int[1]’ [-Warray-bounds]
   38 |         asm volatile(ARM64_LSE_ATOMIC_INSN(                             \
      |         ^~~
/home/runner/work/android_kernel_samsung_universal8895/android_kernel_samsung_universal8895/arch/arm64/include/asm/cmpxchg.h:72:1: note: in expansion of macro ‘__XCHG_CASE’
   72 | __XCHG_CASE(w,  ,  mb_4, dmb ish, nop,  , a, l, "memory")
      | ^~~~~~~~~~~
In file included from /home/runner/work/android_kernel_samsung_universal8895/android_kernel_samsung_universal8895/kernel/panic.c:11:
/home/runner/work/android_kernel_samsung_universal8895/android_kernel_samsung_universal8895/include/linux/debug_locks.h:10:12: note: while referencing ‘debug_locks’
   10 | extern int debug_locks;
      |            ^~~~~~~~~~~
In file included from /home/runner/work/android_kernel_samsung_universal8895/android_kernel_samsung_universal8895/arch/arm64/include/asm/atomic.h:41,
                 from /home/runner/work/android_kernel_samsung_universal8895/android_kernel_samsung_universal8895/include/linux/atomic.h:4,
                 from /home/runner/work/android_kernel_samsung_universal8895/android_kernel_samsung_universal8895/include/linux/debug_locks.h:5,
                 from /home/runner/work/android_kernel_samsung_universal8895/android_kernel_samsung_universal8895/kernel/panic.c:11:
/home/runner/work/android_kernel_samsung_universal8895/android_kernel_samsung_universal8895/arch/arm64/include/asm/cmpxchg.h:38:9: warning: array subscript ‘long unsigned int[0]’ is partly outside array bounds of ‘int[1]’ [-Warray-bounds]
   38 |         asm volatile(ARM64_LSE_ATOMIC_INSN(                             \
      |         ^~~
/home/runner/work/android_kernel_samsung_universal8895/android_kernel_samsung_universal8895/arch/arm64/include/asm/cmpxchg.h:72:1: note: in expansion of macro ‘__XCHG_CASE’
   72 | __XCHG_CASE(w,  ,  mb_4, dmb ish, nop,  , a, l, "memory")
      | ^~~~~~~~~~~
In file included from /home/runner/work/android_kernel_samsung_universal8895/android_kernel_samsung_universal8895/kernel/panic.c:11:
/home/runner/work/android_kernel_samsung_universal8895/android_kernel_samsung_universal8895/include/linux/debug_locks.h:10:12: note: while referencing ‘debug_locks’
   10 | extern int debug_locks;
      |            ^~~~~~~~~~~
  CC      arch/arm64/kernel/traps.o
  CC      mm/filemap.o
  CC      kernel/exit.o
  CC      arch/arm64/kernel/io.o
  CC      kernel/softirq.o
  CC      arch/arm64/kernel/vdso.o
  AS      arch/arm64/kernel/hyp-stub.o
  CC      arch/arm64/kernel/psci.o
  CC      arch/arm64/kernel/cpu_ops.o
  CC      mm/mempool.o
  CC      fs/open.o
  CC      arch/arm64/kernel/insn.o
  CC      kernel/resource.o
  CC      mm/oom_kill.o
  CC      arch/arm64/kernel/return_address.o
  CC      kernel/sysctl.o
  CC      arch/arm64/kernel/cpuinfo.o
  CC      fs/read_write.o
  CC      mm/maccess.o
  CC      arch/arm64/kernel/cpu_errata.o
  CC      mm/page_alloc.o
  CC      arch/arm64/kernel/cpufeature.o
  CC      arch/arm64/kernel/alternative.o
  CC      kernel/sysctl_binary.o
  CC      fs/file_table.o
  CC      arch/arm64/kernel/cacheinfo.o
  CC      fs/super.o
  CC      kernel/capability.o
  CC      arch/arm64/kernel/smp.o
  CC      kernel/ptrace.o
  CC      arch/arm64/kernel/smp_spin_table.o
  CC      fs/char_dev.o
  CC      arch/arm64/kernel/topology.o
  CC      mm/page-writeback.o
  CC      fs/stat.o
  CC      kernel/user.o
  AS      arch/arm64/kernel/smccc-call.o
  CC      arch/arm64/kernel/ctr_el0_handler.o
  CC      kernel/signal.o
  CC      arch/arm64/kernel/sys32.o
  CC      fs/exec.o
  AS      arch/arm64/kernel/kuser32.o
  CC      arch/arm64/kernel/signal32.o
  CC      mm/readahead.o
  CC      fs/pipe.o
  CC      mm/swap.o
  CC      arch/arm64/kernel/sys_compat.o
  AS      arch/arm64/kernel/entry32.o
  CC      arch/arm64/kernel/../../arm/kernel/opcodes.o
  CC      fs/namei.o
  CC      arch/arm64/kernel/perf_regs.o
  CC      kernel/sys.o
  CC      arch/arm64/kernel/perf_callchain.o
  CC      mm/truncate.o
  CC      arch/arm64/kernel/perf_event.o
  CC      mm/vmscan.o
  CC      arch/arm64/kernel/hw_breakpoint.o
  AS      arch/arm64/kernel/sleep.o
  CC      arch/arm64/kernel/suspend.o
  CC      kernel/kmod.o
  CC      arch/arm64/kernel/cpuidle.o
  AS      arch/arm64/kernel/exynos-smc.o
  CC      arch/arm64/kernel/pci.o
  CC      kernel/workqueue.o
  CC      fs/fcntl.o
  CC      arch/arm64/kernel/armv8_deprecated.o
  CC      fs/ioctl.o
  CC      arch/arm64/kernel/acpi.o
  CC      mm/shmem.o
  CC      fs/readdir.o
  OBJCOPY arch/arm64/kernel/vdso/vdso.so
  AS      arch/arm64/kernel/vdso/vdso.o
  LD      arch/arm64/kernel/vdso/built-in.o
  AS      arch/arm64/kernel/head.o
  LDS     arch/arm64/kernel/vmlinux.lds
  LD      arch/arm64/kernel/built-in.o
  CC      fs/select.o
  CC      mm/util.o
  CC      fs/dcache.o
  CC      kernel/pid.o
  CC      fs/inode.o
  CC      mm/mmzone.o
  CC      kernel/task_work.o
  CC      mm/vmstat.o
  CC      kernel/extable.o
  CC      kernel/params.o
  CC      fs/attr.o
  CC      ipc/mqueue.o
  CC      mm/backing-dev.o
  CC      fs/bad_inode.o
  CC      kernel/kthread.o
  CC      fs/file.o
  CC      mm/mm_init.o
  CC      kernel/sys_ni.o
  CC      kernel/nsproxy.o
  CC      mm/mmu_context.o
  CC      ipc/msgutil.o
  CC      mm/percpu.o
  CC      fs/filesystems.o
  CC      ipc/compat_mq.o
  CC      kernel/notifier.o
  CC      fs/namespace.o
  CC      ipc/namespace.o
  CC      kernel/ksysfs.o
  CC      kernel/cred.o
  CC      ipc/mq_sysctl.o
  LD      ipc/built-in.o
  CC      mm/slab_common.o
  CC      security/integrity/iint.o
  CC      kernel/reboot.o
  CC      security/integrity/integrity_audit.o
  LD      security/integrity/integrity.o
  LD      security/integrity/built-in.o
  CC      kernel/async.o
  CC      security/keys/gc.o
  CC      kernel/range.o
  CC      mm/compaction.o
  CC      security/keys/key.o
  CC      kernel/smpboot.o
  CC      fs/seq_file.o
  CC      kernel/groups.o
  CC      security/keys/keyring.o
  CC      fs/xattr.o
  CC      kernel/bpf/core.o
  CC      security/keys/keyctl.o
  CC      mm/vmacache.o
  CC      fs/libfs.o
  CC      mm/interval_tree.o
  LD      kernel/bpf/built-in.o
  CC      kernel/events/core.o
  CC      security/keys/permission.o
  CC      mm/list_lru.o
  CC      security/keys/process_keys.o
  CC      fs/fs-writeback.o
  CC      mm/workingset.o
  CC      security/keys/request_key.o
  CC      mm/debug.o
  CC      security/keys/request_key_auth.o
  CC      mm/gup.o
  CC      security/keys/user_defined.o
  CC      security/keys/compat.o
  CC      mm/highmem.o
  CC      security/keys/proc.o
  CC      mm/memory.o
  CC      security/keys/sysctl.o
  CC      fs/pnode.o
  CC      security/keys/encrypted-keys/encrypted.o
  CC      fs/splice.o
  CC      security/keys/encrypted-keys/ecryptfs_format.o
  LD      security/keys/encrypted-keys/encrypted-keys.o
  LD      security/keys/encrypted-keys/built-in.o
  LD      security/keys/built-in.o
  CC      security/mstdrv/mstdrv.o
  CC      kernel/events/ring_buffer.o
  LD      security/mstdrv/built-in.o
  CC      mm/mincore.o
  CC      security/sdp/dek.o
  CC      fs/sync.o
  CC      kernel/events/callchain.o
  CC      mm/mlock.o
  CC      fs/utimes.o
  CC      security/sdp/dek_aes.o
  CC      kernel/events/hw_breakpoint.o
  CC      fs/stack.o
  CC      security/sdp/sdp_mm.o
  CC      mm/mmap.o
  CC      fs/fs_struct.o
  LD      kernel/events/built-in.o
  CC      kernel/irq/irqdesc.o
  CC      security/sdp/pub_crypto_emul.o
  CC      fs/statfs.o
  CC      kernel/irq/handle.o
  CC      fs/fs_pin.o
  CC      security/sdp/dek_sysfs.o
  CC      kernel/irq/manage.o
  CC      fs/nsfs.o
  CC      security/sdp/cache_cleanup.o
  CC      fs/buffer.o
  CC      security/sdp/kek_pack.o
  CC      mm/mprotect.o
  CC      kernel/irq/spurious.o
  CC      security/sdp/fs_handler.o
  CC      mm/mremap.o
  CC      kernel/irq/resend.o
  CC      kernel/irq/chip.o
  CC      security/sdp/sdp_dlp.o
  CC      mm/msync.o
  LD      security/sdp/built-in.o
  GEN     security/selinux/flask.h security/selinux/av_permissions.h
  CC      security/selinux/avc.o
  CC      mm/rmap.o
  CC      kernel/irq/dummychip.o
  CC      kernel/irq/devres.o
  CC      fs/block_dev.o
  CC      kernel/irq/generic-chip.o
  CC      mm/vmalloc.o
  CC      security/selinux/hooks.o
  CC      kernel/irq/autoprobe.o
  CC      kernel/irq/irqdomain.o
  CC      fs/direct-io.o
  CC      kernel/irq/proc.o
  CC      mm/pagewalk.o
  CC      kernel/irq/cpuhotplug.o
  CC      mm/pgtable-generic.o
  CC      kernel/irq/pm.o
  CC      fs/mpage.o
  CC      mm/process_vm_access.o
  CC      kernel/irq/msi.o
  CC      mm/init-mm.o
  LD      kernel/irq/built-in.o
  LD      kernel/livepatch/built-in.o
  CC      mm/nobootmem.o
  CC      kernel/locking/mutex.o
  CC      fs/proc_namespace.o
  CC      security/selinux/selinuxfs.o
  CC      mm/fadvise.o
  CC      kernel/locking/semaphore.o
  CC      fs/dlog_hook.o
  CC      mm/madvise.o
  CC      kernel/locking/rwsem.o
  CC      fs/configfs/inode.o
  CC      kernel/locking/percpu-rwsem.o
  CC      kernel/locking/spinlock.o
  CC      mm/memblock.o
  CC      fs/configfs/file.o
  CC      security/selinux/netlink.o
  CC      kernel/locking/osq_lock.o
  CC      fs/configfs/dir.o
  CC      security/selinux/nlmsgtab.o
  CC      kernel/locking/lglock.o
  CC      kernel/locking/rtmutex.o
  CC      mm/page_io.o
  CC      security/selinux/netif.o
  CC      fs/configfs/symlink.o
  CC      mm/swap_state.o
  CC      kernel/locking/rwsem-xadd.o
  CC      security/selinux/netnode.o
  CC      fs/configfs/mount.o
  LD      kernel/locking/built-in.o
  CC      kernel/power/qos.o
  CC      mm/swapfile.o
  CC      fs/configfs/item.o
  CC      security/selinux/netport.o
  LD      fs/configfs/configfs.o
  LD      fs/configfs/built-in.o
  CC      fs/cramfs/inode.o
  CC      kernel/power/main.o
  CC      security/selinux/exports.o
  CC      fs/cramfs/uncompress.o
  LD      fs/cramfs/cramfs.o
  LD      fs/cramfs/built-in.o
  CC      fs/debugfs/inode.o
  CC      security/selinux/ss/ebitmap.o
  CC      kernel/power/process.o
  CC      mm/dmapool.o
  CC      fs/debugfs/file.o
  CC      kernel/power/suspend.o
  CC      security/selinux/ss/hashtab.o
  CC      mm/sparse.o
  CC      security/selinux/ss/symtab.o
  CC      security/selinux/ss/sidtab.o
  LD      fs/debugfs/debugfs.o
  LD      fs/debugfs/built-in.o
  CC      fs/devpts/inode.o
  CC      mm/sparse-vmemmap.o
  CC      kernel/power/autosleep.o
  CC      security/selinux/ss/avtab.o
  LD      fs/devpts/devpts.o
  LD      fs/devpts/built-in.o
  CC      mm/slub.o
  CC      kernel/power/wakelock.o
  CC      fs/ecryptfs/dentry.o
  CC      fs/ecryptfs/file.o
  CC      kernel/power/poweroff.o
  CC      kernel/power/wakeup_reason.o
  CC      security/selinux/ss/policydb.o
  LD      kernel/power/built-in.o
  CC      kernel/printk/printk.o
  CC      fs/ecryptfs/inode.o
  CC      fs/ecryptfs/main.o
  LD      kernel/printk/built-in.o
  CC      security/selinux/ss/services.o
  CC      kernel/rcu/update.o
  CC      fs/ecryptfs/super.o
  CC      mm/migrate.o
  CC      kernel/rcu/sync.o
  CC      fs/ecryptfs/mmap.o
  CC      kernel/rcu/srcu.o
  CC      kernel/rcu/tree.o
  CC      fs/ecryptfs/read_write.o
  CC      mm/page_counter.o
  CC      mm/memcontrol.o
  CC      fs/ecryptfs/crypto.o
  CC      security/selinux/ss/conditional.o
  CC      security/selinux/ss/mls.o
  CC      fs/ecryptfs/keystore.o
/home/runner/work/android_kernel_samsung_universal8895/android_kernel_samsung_universal8895/fs/ecryptfs/keystore.c: In function ‘decrypt_pki_encrypted_session_key’:
/home/runner/work/android_kernel_samsung_universal8895/android_kernel_samsung_universal8895/fs/ecryptfs/keystore.c:1222:48: warning: taking address of packed member of ‘struct ecryptfs_auth_tok’ may result in an unaligned pointer value [-Waddress-of-packed-member]
 1222 |         rc = write_tag_64_packet(auth_tok_sig, &(auth_tok->session_key),
      |                                                ^~~~~~~~~~~~~~~~~~~~~~~~
/home/runner/work/android_kernel_samsung_universal8895/android_kernel_samsung_universal8895/fs/ecryptfs/keystore.c:1241:34: warning: taking address of packed member of ‘struct ecryptfs_auth_tok’ may result in an unaligned pointer value [-Waddress-of-packed-member]
 1241 |         rc = parse_tag_65_packet(&(auth_tok->session_key),
      |                                  ^~~~~~~~~~~~~~~~~~~~~~~~
  LD      kernel/rcu/built-in.o
  CC      kernel/sched/core.o
  CC      security/selinux/ss/status.o
  CC      fs/ecryptfs/kthread.o
  LD      security/selinux/selinux.o
  LD      security/selinux/built-in.o
  CC      security/commoncap.o
  CC      fs/ecryptfs/debug.o
  CC      mm/vmpressure.o
  CC      fs/ecryptfs/ecryptfs_dek.o
  CC      security/min_addr.o
  CC      mm/swap_cgroup.o
  CC      security/security.o
  CC      mm/page_isolation.o
  CC      fs/ecryptfs/mm.o
  CC      mm/zsmalloc.o
  CC      fs/ecryptfs/ecryptfs_sdp_chamber.o
  LD      fs/ecryptfs/ecryptfs.o
  LD      fs/ecryptfs/built-in.o
  LD      fs/exofs/built-in.o
  CC      fs/ext2/balloc.o
  CC      security/lsm_audit.o
  CC      mm/early_ioremap.o
  CC      fs/ext2/dir.o
  CC      mm/cma.o
  CC      security/device_cgroup.o
  CC      fs/ext2/file.o
  CC      mm/hpa.o
  LD      security/built-in.o
  CC      fs/ext2/ialloc.o
  CC      crypto/api.o
  CC      mm/frame_vector.o
  CC      fs/ext2/inode.o
  CC      mm/usercopy.o
  CC      crypto/cipher.o
  CC      kernel/sched/loadavg.o
  LD      mm/built-in.o
  CC      block/bio.o
  CC      crypto/compress.o
  CC      kernel/sched/clock.o
  CC      kernel/sched/cputime.o
  CC      crypto/memneq.o
  CC      fs/ext2/ioctl.o
  CC      crypto/crypto_wq.o
  CC      fs/ext2/namei.o
  CC      kernel/sched/idle_task.o
  CC      crypto/algapi.o
  CC      kernel/sched/fair.o
  CC      fs/ext2/super.o
  CC      block/elevator.o
  CC      crypto/scatterwalk.o
  CC      block/blk-core.o
  CC      fs/ext2/symlink.o
  CC      fs/ext2/xattr.o
  CC      crypto/proc.o
  CC      crypto/aead.o
  CC      fs/ext2/xattr_user.o
  CC      fs/ext2/xattr_trusted.o
  CC      crypto/ablkcipher.o
  CC      fs/ext2/xattr_security.o
  LD      fs/ext2/ext2.o
  LD      fs/ext2/built-in.o
  CC      fs/ext4/balloc.o
  CC      crypto/blkcipher.o
  CC      block/blk-tag.o
  CC      fs/ext4/bitmap.o
  CC      crypto/skcipher.o
  CC      block/blk-sysfs.o
  CC      fs/ext4/dir.o
  CC      crypto/chainiv.o
  CC      crypto/eseqiv.o
  CC      block/blk-flush.o
  CC      fs/ext4/file.o
  CC      crypto/seqiv.o
  CC      block/blk-settings.o
  CC      fs/ext4/fsync.o
  CC      crypto/echainiv.o
  CC      block/blk-ioc.o
  CC      crypto/ahash.o
  CC      kernel/sched/rt.o
  CC      fs/ext4/ialloc.o
  CC      block/blk-map.o
  CC      crypto/shash.o
  CC      block/blk-exec.o
  CC      block/blk-merge.o
  CC      crypto/algboss.o
  CC      fs/ext4/inode.o
  CC      kernel/sched/deadline.o
  CC      crypto/testmgr.o
  CC      block/blk-softirq.o
  CC      kernel/sched/stop_task.o
  CC      block/blk-timeout.o
  CC      kernel/sched/wait.o
  CC      block/blk-iopoll.o
  CC      kernel/sched/completion.o
  CC      block/blk-lib.o
  CC      kernel/sched/idle.o
  CC      crypto/hmac.o
  CC      block/blk-mq.o
  CC      crypto/sha1_generic.o
  CC      kernel/sched/cpupri.o
  CC      kernel/sched/cpudeadline.o
  CC      crypto/sha256_generic.o
  CC      kernel/sched/energy.o
  CC      kernel/sched/debug.o
  CC      fs/ext4/page-io.o
  CC      crypto/sha512_generic.o
  CC      block/blk-mq-tag.o
  CC      kernel/sched/cpuacct.o
  CC      crypto/ecb.o
  CC      fs/ext4/ioctl.o
  CC      kernel/sched/cpufreq.o
  CC      block/blk-mq-sysfs.o
  CC      crypto/cbc.o
  LD      kernel/sched/built-in.o
  CC      kernel/time/time.o
  CC      crypto/ctr.o
  CC      block/blk-mq-cpu.o
  CC      fs/ext4/namei.o
  CC      kernel/time/timer.o
  CC      block/blk-mq-cpumap.o
  CC      crypto/gcm.o
/home/runner/work/android_kernel_samsung_universal8895/android_kernel_samsung_universal8895/kernel/time/timer.c:57:1: warning: ignoring attribute ‘section (".data..cacheline_aligned")’ because it conflicts with previous ‘section (".data")’ [-Wattributes]
   57 | __visible u64 jiffies_64 __cacheline_aligned_in_smp = INITIAL_JIFFIES;
      | ^~~~~~~~~
In file included from /home/runner/work/android_kernel_samsung_universal8895/android_kernel_samsung_universal8895/include/linux/ktime.h:25,
                 from /home/runner/work/android_kernel_samsung_universal8895/android_kernel_samsung_universal8895/include/linux/rcupdate.h:47,
                 from /home/runner/work/android_kernel_samsung_universal8895/android_kernel_samsung_universal8895/include/linux/rbtree.h:34,
                 from /home/runner/work/android_kernel_samsung_universal8895/android_kernel_samsung_universal8895/include/linux/hrtimer.h:18,
                 from /home/runner/work/android_kernel_samsung_universal8895/android_kernel_samsung_universal8895/include/linux/interrupt.h:14,
                 from /home/runner/work/android_kernel_samsung_universal8895/android_kernel_samsung_universal8895/include/linux/kernel_stat.h:8,
                 from /home/runner/work/android_kernel_samsung_universal8895/android_kernel_samsung_universal8895/kernel/time/timer.c:22:
/home/runner/work/android_kernel_samsung_universal8895/android_kernel_samsung_universal8895/include/linux/jiffies.h:77:25: note: previous declaration here
   77 | extern u64 __jiffy_data jiffies_64;
      |                         ^~~~~~~~~~
  CC      block/ioctl.o
  CC      crypto/aes_generic.o
  CC      block/genhd.o
  CC      kernel/time/hrtimer.o
  CC      crypto/authenc.o
  CC      fs/ext4/super.o
  CC      kernel/time/itimer.o
  CC      block/scsi_ioctl.o
  CC      crypto/authencesn.o
  CC      kernel/time/posix-timers.o
  CC      block/partition-generic.o
  CC      crypto/rng.o
  CC      kernel/time/posix-cpu-timers.o
  CC      crypto/jitterentropy.o
  CC      crypto/jitterentropy-kcapi.o
  CC      block/ioprio.o
  CC      crypto/drbg.o
  CC      block/partitions/check.o
  CC      kernel/time/timekeeping.o
  CC      block/partitions/msdos.o
  CC      crypto/tcrypt.o
/home/runner/work/android_kernel_samsung_universal8895/android_kernel_samsung_universal8895/crypto/tcrypt.c:80:14: warning: ‘drbg_cores’ defined but not used [-Wunused-variable]
   80 | static char *drbg_cores[] = {
      |              ^~~~~~~~~~
  CC      block/partitions/efi.o
  CC      kernel/time/ntp.o
  LD      block/partitions/built-in.o
  CC      block/noop-iosched.o
  CC      kernel/time/clocksource.o
  CC      block/cfq-iosched.o
  CC      crypto/ghash-generic.o
  CC      kernel/time/jiffies.o
  CC      crypto/pcompress.o
  CC      kernel/time/timer_list.o
  CC      crypto/cmac.o
  CC      kernel/time/timeconv.o
  CC      kernel/time/timecounter.o
  CC      kernel/time/posix-clock.o
  CC      crypto/crypto_null.o
  CC      block/compat_ioctl.o
  CC      kernel/time/alarmtimer.o
  CC      crypto/md5.o
  CC      crypto/gf128mul.o
  CC      kernel/time/clockevents.o
  CC      fs/ext4/symlink.o
  CC      crypto/heh.o
  CC      kernel/time/tick-common.o
  CC      fs/ext4/hash.o
  CC      crypto/cts.o
  CC      kernel/time/tick-broadcast.o
  CC      fs/ext4/resize.o
  CC      crypto/xts.o
  CC      kernel/time/tick-broadcast-hrtimer.o
/home/runner/work/android_kernel_samsung_universal8895/android_kernel_samsung_universal8895/crypto/xts.c:337:13: warning: conflicting types for built-in function ‘free’; expected ‘void(void *)’ [-Wbuiltin-declaration-mismatch]
  337 | static void free(struct crypto_instance *inst)
      |             ^~~~
/home/runner/work/android_kernel_samsung_universal8895/android_kernel_samsung_universal8895/crypto/xts.c:27:1: note: ‘free’ is declared in header ‘<stdlib.h>’
   26 | #include <crypto/gf128mul.h>
  +++ |+#include <stdlib.h>
   27 | 
  CC      kernel/time/sched_clock.o
  LD      block/built-in.o
  CC      crypto/cryptd.o
  CC      fs/fat/cache.o
  CC      kernel/time/tick-oneshot.o
  CC      fs/fat/dir.o
  CC      kernel/time/tick-sched.o
  CC      fs/ext4/extents.o
  CC      crypto/des_generic.o
  CC      kernel/time/timekeeping_debug.o
  LD      kernel/time/built-in.o
  CC      crypto/twofish_generic.o
  CC      kernel/trace/trace_clock.o
  CC      kernel/trace/ring_buffer.o
  CC      fs/fat/fatent.o
  CC      crypto/twofish_common.o
  CC      fs/fat/file.o
  CC      crypto/arc4.o
  CC      crypto/deflate.o
  CC      fs/fat/inode.o
  CC      crypto/crc32c_generic.o
  CC      kernel/trace/trace.o
  CC      crypto/lzo.o
  CC      fs/ext4/ext4_jbd2.o
  CC      crypto/lz4.o
  CC      fs/fat/misc.o
  CC      crypto/ablk_helper.o
  CC      fs/fat/nfs.o
  LD      crypto/crypto.o
  LD      crypto/crypto_algapi.o
  LD      crypto/crypto_blkcipher.o
  CC      fs/ext4/migrate.o
  LD      crypto/crypto_hash.o
  LD      crypto/cryptomgr.o
  LD      crypto/jitterentropy_rng.o
  LD      crypto/built-in.o
  CC      fs/fuse/dev.o
  CC      fs/fat/xattr.o
  CC      fs/ext4/mballoc.o
  CC      fs/fat/namei_vfat.o
  CC      fs/fat/namei_msdos.o
  CC      kernel/trace/trace_output.o
  CC      fs/fuse/dir.o
  LD      fs/fat/fat.o
  LD      fs/fat/vfat.o
  LD      fs/fat/msdos.o
  LD      fs/fat/built-in.o
  CC      kernel/kaslr.o
  CC      kernel/trace/trace_seq.o
  CC      drivers/acpi/tables.o
/home/runner/work/android_kernel_samsung_universal8895/android_kernel_samsung_universal8895/fs/ext4/mballoc.c: In function ‘ext4_mb_freefrag_show’:
/home/runner/work/android_kernel_samsung_universal8895/android_kernel_samsung_universal8895/fs/ext4/mballoc.c:2421:17: warning: ‘snprintf’ argument 4 overlaps destination object ‘buf’ [-Wrestrict]
 2421 |                 snprintf(buf, PAGE_SIZE, "%s\"%s\":\"%llu\",", buf, size[i],
      |                 ^~~~~~~~~~~~~~~~~~~~~~~~~~~~~~~~~~~~~~~~~~~~~~~~~~~~~~~~~~~~
 2422 |                         (unsigned long long)freeblock[i]);
      |                         ~~~~~~~~~~~~~~~~~~~~~~~~~~~~~~~~~
  CC      fs/fuse/file.o
/home/runner/work/android_kernel_samsung_universal8895/android_kernel_samsung_universal8895/fs/ext4/mballoc.c:2379:63: note: destination object referenced by ‘restrict’-qualified argument 1 was declared here
 2379 | ssize_t ext4_mb_freefrag_show(struct ext4_sb_info *sbi, char *buf)
      |                                                         ~~~~~~^~~
  CC      kernel/trace/trace_stat.o
  CC      drivers/acpi/osl.o
  CC      kernel/trace/trace_printk.o
  CC      kernel/trace/trace_sched_switch.o
  CC      fs/ext4/block_validity.o
  CC      drivers/acpi/utils.o
  CC      kernel/trace/trace_nop.o
  CC      fs/ext4/move_extent.o
  CC      drivers/acpi/reboot.o
  CC      kernel/trace/blktrace.o
  CC      fs/fuse/inode.o
  CC      drivers/acpi/nvs.o
  CC      kernel/trace/trace_events.o
  CC      fs/ext4/mmp.o
  CC      drivers/acpi/wakeup.o
  CC      drivers/acpi/device_sysfs.o
  CC      fs/fuse/control.o
  CC      fs/ext4/indirect.o
  CC      drivers/acpi/device_pm.o
  CC      fs/fuse/passthrough.o
  LD      fs/fuse/fuse.o
  LD      fs/fuse/built-in.o
  CC      kernel/trace/trace_export.o
  CC      fs/jbd2/transaction.o
  CC      drivers/acpi/bus.o
  CC      fs/ext4/extents_status.o
  CC      kernel/trace/trace_event_perf.o
  CC      drivers/acpi/glue.o
  CC      kernel/trace/trace_events_filter.o
  CC      drivers/acpi/scan.o
  CC      fs/ext4/xattr.o
  CC      fs/jbd2/commit.o
  CC      kernel/trace/trace_events_trigger.o
  CC      drivers/acpi/resource.o
  CC      fs/jbd2/recovery.o
  CC      fs/ext4/xattr_user.o
  CC      kernel/trace/power-traces.o
  CC      drivers/acpi/acpi_processor.o
  CC      fs/ext4/xattr_trusted.o
  CC      fs/jbd2/checkpoint.o
  CC      fs/ext4/inline.o
  CC      drivers/acpi/processor_core.o
  CC      drivers/acpi/ec.o
  CC      fs/jbd2/revoke.o
  CC      kernel/trace/rpm-traces.o
  CC      fs/jbd2/journal.o
  CC      kernel/trace/gpu-traces.o
  CC      drivers/acpi/pci_root.o
  CC      fs/ext4/readpage.o
  LD      kernel/trace/built-in.o
  CC      kernel/freezer.o
  CC      drivers/acpi/pci_link.o
  CC      fs/ext4/sysfs.o
  CC      kernel/profile.o
  CC      fs/ext4/acl.o
  CC      drivers/acpi/pci_irq.o
  CC      kernel/stacktrace.o
  CC      kernel/futex.o
  CC      drivers/acpi/acpi_lpss.o
  CC      fs/ext4/xattr_security.o
  LD      fs/jbd2/jbd2.o
  LD      fs/jbd2/built-in.o
  CC      drivers/amba/bus.o
  CC      drivers/acpi/acpi_apd.o
  CC      fs/ext4/crypto_policy.o
  CC      drivers/acpi/acpi_platform.o
  LD      drivers/amba/built-in.o
  CC      kernel/futex_compat.o
  CC      fs/ext4/crypto.o
  CC      drivers/acpi/acpi_pnp.o
  CC      kernel/smp.o
  CC      drivers/acpi/int340x_thermal.o
  CC      sound/sound_core.o
  CC      fs/ext4/crypto_key.o
  CC      drivers/acpi/power.o
  CC      kernel/uid16.o
  LD      sound/arm/built-in.o
  LD      sound/atmel/built-in.o
  CC      sound/core/sound.o
  CC      fs/ext4/crypto_fname.o
  CC      sound/core/init.o
  CC      drivers/acpi/event.o
  CC      kernel/kallsyms.o
/home/runner/work/android_kernel_samsung_universal8895/android_kernel_samsung_universal8895/kernel/kallsyms.c: In function ‘__sprint_symbol’:
/home/runner/work/android_kernel_samsung_universal8895/android_kernel_samsung_universal8895/kernel/kallsyms.c:396:17: warning: ‘strcpy’ source argument is the same as destination [-Wrestrict]
  396 |                 strcpy(buffer, name);
      |                 ^~~~~~~~~~~~~~~~~~~~
  CC      fs/ext4/crypto_sec.o
  CC      drivers/acpi/sysfs.o
  CC      kernel/compat.o
  CC      sound/core/memory.o
  CC      sound/core/control.o
  LD      fs/ext4/ext4.o
  LD      fs/ext4/built-in.o
  CC      drivers/acpi/property.o
  CC      fs/kernfs/mount.o
In file included from /home/runner/work/android_kernel_samsung_universal8895/android_kernel_samsung_universal8895/include/linux/poll.h:11,
                 from /home/runner/work/android_kernel_samsung_universal8895/android_kernel_samsung_universal8895/include/sound/info.h:25,
                 from /home/runner/work/android_kernel_samsung_universal8895/android_kernel_samsung_universal8895/sound/core/control.c:30:
/home/runner/work/android_kernel_samsung_universal8895/android_kernel_samsung_universal8895/sound/core/control_compat.c: In function ‘snd_ctl_elem_info_compat’:
/home/runner/work/android_kernel_samsung_universal8895/android_kernel_samsung_universal8895/sound/core/control_compat.c:111:51: warning: taking address of packed member of ‘struct snd_ctl_elem_info32’ may result in an unaligned pointer value [-Waddress-of-packed-member]
  111 |         if (get_user(data->value.enumerated.item, &data32->value.enumerated.item))
/home/runner/work/android_kernel_samsung_universal8895/android_kernel_samsung_universal8895/arch/arm64/include/asm/uaccess.h:318:43: note: in definition of macro ‘get_user’
  318 |         __typeof__(*(ptr)) __user *__p = (ptr);                         \
      |                                           ^~~
/home/runner/work/android_kernel_samsung_universal8895/android_kernel_samsung_universal8895/sound/core/control_compat.c:128:35: warning: taking address of packed member of ‘struct snd_ctl_elem_info32’ may result in an unaligned pointer value [-Waddress-of-packed-member]
  128 |         if (put_user(data->owner, &data32->owner))
/home/runner/work/android_kernel_samsung_universal8895/android_kernel_samsung_universal8895/arch/arm64/include/asm/uaccess.h:384:43: note: in definition of macro ‘put_user’
  384 |         __typeof__(*(ptr)) __user *__p = (ptr);                         \
      |                                           ^~~
/home/runner/work/android_kernel_samsung_universal8895/android_kernel_samsung_universal8895/sound/core/control_compat.c:133:55: warning: taking address of packed member of ‘struct snd_ctl_elem_info32’ may result in an unaligned pointer value [-Waddress-of-packed-member]
  133 |                 if (put_user(data->value.integer.min, &data32->value.integer.min) ||
/home/runner/work/android_kernel_samsung_universal8895/android_kernel_samsung_universal8895/arch/arm64/include/asm/uaccess.h:384:43: note: in definition of macro ‘put_user’
  384 |         __typeof__(*(ptr)) __user *__p = (ptr);                         \
      |                                           ^~~
/home/runner/work/android_kernel_samsung_universal8895/android_kernel_samsung_universal8895/sound/core/control_compat.c:134:55: warning: taking address of packed member of ‘struct snd_ctl_elem_info32’ may result in an unaligned pointer value [-Waddress-of-packed-member]
  134 |                     put_user(data->value.integer.max, &data32->value.integer.max) ||
/home/runner/work/android_kernel_samsung_universal8895/android_kernel_samsung_universal8895/arch/arm64/include/asm/uaccess.h:384:43: note: in definition of macro ‘put_user’
  384 |         __typeof__(*(ptr)) __user *__p = (ptr);                         \
      |                                           ^~~
/home/runner/work/android_kernel_samsung_universal8895/android_kernel_samsung_universal8895/sound/core/control_compat.c:135:56: warning: taking address of packed member of ‘struct snd_ctl_elem_info32’ may result in an unaligned pointer value [-Waddress-of-packed-member]
  135 |                     put_user(data->value.integer.step, &data32->value.integer.step))
/home/runner/work/android_kernel_samsung_universal8895/android_kernel_samsung_universal8895/arch/arm64/include/asm/uaccess.h:384:43: note: in definition of macro ‘put_user’
  384 |         __typeof__(*(ptr)) __user *__p = (ptr);                         \
      |                                           ^~~
/home/runner/work/android_kernel_samsung_universal8895/android_kernel_samsung_universal8895/sound/core/control_compat.c: In function ‘snd_ctl_elem_add_compat’:
/home/runner/work/android_kernel_samsung_universal8895/android_kernel_samsung_universal8895/sound/core/control_compat.c:403:35: warning: taking address of packed member of ‘struct snd_ctl_elem_info32’ may result in an unaligned pointer value [-Waddress-of-packed-member]
  403 |         if (get_user(data->owner, &data32->owner) ||
/home/runner/work/android_kernel_samsung_universal8895/android_kernel_samsung_universal8895/arch/arm64/include/asm/uaccess.h:318:43: note: in definition of macro ‘get_user’
  318 |         __typeof__(*(ptr)) __user *__p = (ptr);                         \
      |                                           ^~~
/home/runner/work/android_kernel_samsung_universal8895/android_kernel_samsung_universal8895/sound/core/control_compat.c:404:34: warning: taking address of packed member of ‘struct snd_ctl_elem_info32’ may result in an unaligned pointer value [-Waddress-of-packed-member]
  404 |             get_user(data->type, &data32->type))
/home/runner/work/android_kernel_samsung_universal8895/android_kernel_samsung_universal8895/arch/arm64/include/asm/uaccess.h:318:43: note: in definition of macro ‘get_user’
  318 |         __typeof__(*(ptr)) __user *__p = (ptr);                         \
      |                                           ^~~
/home/runner/work/android_kernel_samsung_universal8895/android_kernel_samsung_universal8895/sound/core/control_compat.c:409:55: warning: taking address of packed member of ‘struct snd_ctl_elem_info32’ may result in an unaligned pointer value [-Waddress-of-packed-member]
  409 |                 if (get_user(data->value.integer.min, &data32->value.integer.min) ||
/home/runner/work/android_kernel_samsung_universal8895/android_kernel_samsung_universal8895/arch/arm64/include/asm/uaccess.h:318:43: note: in definition of macro ‘get_user’
  318 |         __typeof__(*(ptr)) __user *__p = (ptr);                         \
      |                                           ^~~
/home/runner/work/android_kernel_samsung_universal8895/android_kernel_samsung_universal8895/sound/core/control_compat.c:410:55: warning: taking address of packed member of ‘struct snd_ctl_elem_info32’ may result in an unaligned pointer value [-Waddress-of-packed-member]
  410 |                     get_user(data->value.integer.max, &data32->value.integer.max) ||
/home/runner/work/android_kernel_samsung_universal8895/android_kernel_samsung_universal8895/arch/arm64/include/asm/uaccess.h:318:43: note: in definition of macro ‘get_user’
  318 |         __typeof__(*(ptr)) __user *__p = (ptr);                         \
      |                                           ^~~
/home/runner/work/android_kernel_samsung_universal8895/android_kernel_samsung_universal8895/sound/core/control_compat.c:411:56: warning: taking address of packed member of ‘struct snd_ctl_elem_info32’ may result in an unaligned pointer value [-Waddress-of-packed-member]
  411 |                     get_user(data->value.integer.step, &data32->value.integer.step))
/home/runner/work/android_kernel_samsung_universal8895/android_kernel_samsung_universal8895/arch/arm64/include/asm/uaccess.h:318:43: note: in definition of macro ‘get_user’
  318 |         __typeof__(*(ptr)) __user *__p = (ptr);                         \
      |                                           ^~~
  CC      fs/kernfs/inode.o
  CC      drivers/acpi/debugfs.o
  CC      drivers/acpi/acpi_lpat.o
  CC      fs/kernfs/dir.o
  CC      drivers/acpi/gsi.o
  CC      sound/core/misc.o
  CC      kernel/cgroup.o
  CC      sound/core/device.o
  CC      fs/kernfs/file.o
  CC      drivers/acpi/acpica/dsargs.o
  CC      sound/core/info.o
  CC      drivers/acpi/acpica/dscontrol.o
  CC      fs/kernfs/symlink.o
  CC      drivers/acpi/acpica/dsdebug.o
  CC      drivers/acpi/acpica/dsfield.o
  LD      fs/kernfs/built-in.o
  CC      sound/core/ctljack.o
  CC      fs/nls/nls_base.o
  CC      sound/core/jack.o
  CC      drivers/acpi/acpica/dsinit.o
  CC      fs/nls/nls_cp437.o
  CC      drivers/acpi/acpica/dsmethod.o
  CC      fs/nls/nls_iso8859-1.o
  CC      sound/core/hwdep.o
  CC      fs/nls/nls_utf8.o
  CC      drivers/acpi/acpica/dsmthdat.o
  LD      fs/nls/built-in.o
  CC      fs/notify/fsnotify.o
  CC      drivers/acpi/acpica/dsobject.o
  CC      sound/core/timer.o
  CC      fs/notify/notification.o
  CC      drivers/acpi/acpica/dsopcode.o
  CC      kernel/cgroup_freezer.o
  CC      fs/notify/group.o
  CC      drivers/acpi/acpica/dsutils.o
  CC      drivers/acpi/acpica/dswexec.o
  CC      fs/notify/inode_mark.o
  CC      kernel/cgroup_pids.o
  CC      drivers/acpi/acpica/dswload.o
  CC      fs/notify/mark.o
  CC      kernel/cpuset.o
  CC      sound/core/pcm.o
  CC      drivers/acpi/acpica/dswload2.o
  CC      fs/notify/vfsmount_mark.o
  CC      drivers/acpi/acpica/dswscope.o
  CC      drivers/acpi/acpica/dswstate.o
  CC      fs/notify/fdinfo.o
  CC      sound/core/pcm_native.o
  CC      drivers/acpi/acpica/evevent.o
  CC      fs/notify/dnotify/dnotify.o
  CC      drivers/acpi/acpica/evgpe.o
In file included from /home/runner/work/android_kernel_samsung_universal8895/android_kernel_samsung_universal8895/include/linux/poll.h:11,
                 from /home/runner/work/android_kernel_samsung_universal8895/android_kernel_samsung_universal8895/include/sound/info.h:25,
                 from /home/runner/work/android_kernel_samsung_universal8895/android_kernel_samsung_universal8895/sound/core/pcm_native.c:32:
/home/runner/work/android_kernel_samsung_universal8895/android_kernel_samsung_universal8895/sound/core/pcm_compat.c: In function ‘snd_pcm_status_user_compat’:
/home/runner/work/android_kernel_samsung_universal8895/android_kernel_samsung_universal8895/sound/core/pcm_compat.c:227:33: warning: taking address of packed member of ‘struct snd_pcm_status32’ may result in an unaligned pointer value [-Waddress-of-packed-member]
  227 |                                 (u32 __user *)(&src->audio_tstamp_data)))
/home/runner/work/android_kernel_samsung_universal8895/android_kernel_samsung_universal8895/arch/arm64/include/asm/uaccess.h:318:43: note: in definition of macro ‘get_user’
  318 |         __typeof__(*(ptr)) __user *__p = (ptr);                         \
      |                                           ^~~
/home/runner/work/android_kernel_samsung_universal8895/android_kernel_samsung_universal8895/sound/core/pcm_compat.c:235:36: warning: taking address of packed member of ‘struct snd_pcm_status32’ may result in an unaligned pointer value [-Waddress-of-packed-member]
  235 |         if (put_user(status.state, &src->state) ||
/home/runner/work/android_kernel_samsung_universal8895/android_kernel_samsung_universal8895/arch/arm64/include/asm/uaccess.h:384:43: note: in definition of macro ‘put_user’
  384 |         __typeof__(*(ptr)) __user *__p = (ptr);                         \
      |                                           ^~~
/home/runner/work/android_kernel_samsung_universal8895/android_kernel_samsung_universal8895/sound/core/pcm_compat.c:238:39: warning: taking address of packed member of ‘struct snd_pcm_status32’ may result in an unaligned pointer value [-Waddress-of-packed-member]
  238 |             put_user(status.appl_ptr, &src->appl_ptr) ||
/home/runner/work/android_kernel_samsung_universal8895/android_kernel_samsung_universal8895/arch/arm64/include/asm/uaccess.h:384:43: note: in definition of macro ‘put_user’
  384 |         __typeof__(*(ptr)) __user *__p = (ptr);                         \
      |                                           ^~~
/home/runner/work/android_kernel_samsung_universal8895/android_kernel_samsung_universal8895/sound/core/pcm_compat.c:239:37: warning: taking address of packed member of ‘struct snd_pcm_status32’ may result in an unaligned pointer value [-Waddress-of-packed-member]
  239 |             put_user(status.hw_ptr, &src->hw_ptr) ||
/home/runner/work/android_kernel_samsung_universal8895/android_kernel_samsung_universal8895/arch/arm64/include/asm/uaccess.h:384:43: note: in definition of macro ‘put_user’
  384 |         __typeof__(*(ptr)) __user *__p = (ptr);                         \
      |                                           ^~~
/home/runner/work/android_kernel_samsung_universal8895/android_kernel_samsung_universal8895/sound/core/pcm_compat.c:240:36: warning: taking address of packed member of ‘struct snd_pcm_status32’ may result in an unaligned pointer value [-Waddress-of-packed-member]
  240 |             put_user(status.delay, &src->delay) ||
/home/runner/work/android_kernel_samsung_universal8895/android_kernel_samsung_universal8895/arch/arm64/include/asm/uaccess.h:384:43: note: in definition of macro ‘put_user’
  384 |         __typeof__(*(ptr)) __user *__p = (ptr);                         \
      |                                           ^~~
/home/runner/work/android_kernel_samsung_universal8895/android_kernel_samsung_universal8895/sound/core/pcm_compat.c:241:36: warning: taking address of packed member of ‘struct snd_pcm_status32’ may result in an unaligned pointer value [-Waddress-of-packed-member]
  241 |             put_user(status.avail, &src->avail) ||
/home/runner/work/android_kernel_samsung_universal8895/android_kernel_samsung_universal8895/arch/arm64/include/asm/uaccess.h:384:43: note: in definition of macro ‘put_user’
  384 |         __typeof__(*(ptr)) __user *__p = (ptr);                         \
      |                                           ^~~
/home/runner/work/android_kernel_samsung_universal8895/android_kernel_samsung_universal8895/sound/core/pcm_compat.c:242:40: warning: taking address of packed member of ‘struct snd_pcm_status32’ may result in an unaligned pointer value [-Waddress-of-packed-member]
  242 |             put_user(status.avail_max, &src->avail_max) ||
/home/runner/work/android_kernel_samsung_universal8895/android_kernel_samsung_universal8895/arch/arm64/include/asm/uaccess.h:384:43: note: in definition of macro ‘put_user’
  384 |         __typeof__(*(ptr)) __user *__p = (ptr);                         \
      |                                           ^~~
/home/runner/work/android_kernel_samsung_universal8895/android_kernel_samsung_universal8895/sound/core/pcm_compat.c:243:40: warning: taking address of packed member of ‘struct snd_pcm_status32’ may result in an unaligned pointer value [-Waddress-of-packed-member]
  243 |             put_user(status.overrange, &src->overrange) ||
/home/runner/work/android_kernel_samsung_universal8895/android_kernel_samsung_universal8895/arch/arm64/include/asm/uaccess.h:384:43: note: in definition of macro ‘put_user’
  384 |         __typeof__(*(ptr)) __user *__p = (ptr);                         \
      |                                           ^~~
/home/runner/work/android_kernel_samsung_universal8895/android_kernel_samsung_universal8895/sound/core/pcm_compat.c:244:46: warning: taking address of packed member of ‘struct snd_pcm_status32’ may result in an unaligned pointer value [-Waddress-of-packed-member]
  244 |             put_user(status.suspended_state, &src->suspended_state) ||
/home/runner/work/android_kernel_samsung_universal8895/android_kernel_samsung_universal8895/arch/arm64/include/asm/uaccess.h:384:43: note: in definition of macro ‘put_user’
  384 |         __typeof__(*(ptr)) __user *__p = (ptr);                         \
      |                                           ^~~
/home/runner/work/android_kernel_samsung_universal8895/android_kernel_samsung_universal8895/sound/core/pcm_compat.c:245:48: warning: taking address of packed member of ‘struct snd_pcm_status32’ may result in an unaligned pointer value [-Waddress-of-packed-member]
  245 |             put_user(status.audio_tstamp_data, &src->audio_tstamp_data) ||
/home/runner/work/android_kernel_samsung_universal8895/android_kernel_samsung_universal8895/arch/arm64/include/asm/uaccess.h:384:43: note: in definition of macro ‘put_user’
  384 |         __typeof__(*(ptr)) __user *__p = (ptr);                         \
      |                                           ^~~
/home/runner/work/android_kernel_samsung_universal8895/android_kernel_samsung_universal8895/sound/core/pcm_compat.c:248:52: warning: taking address of packed member of ‘struct snd_pcm_status32’ may result in an unaligned pointer value [-Waddress-of-packed-member]
  248 |             put_user(status.audio_tstamp_accuracy, &src->audio_tstamp_accuracy))
/home/runner/work/android_kernel_samsung_universal8895/android_kernel_samsung_universal8895/arch/arm64/include/asm/uaccess.h:384:43: note: in definition of macro ‘put_user’
  384 |         __typeof__(*(ptr)) __user *__p = (ptr);                         \
      |                                           ^~~
/home/runner/work/android_kernel_samsung_universal8895/android_kernel_samsung_universal8895/sound/core/pcm_compat.c: In function ‘snd_pcm_ioctl_sync_ptr_compat’:
/home/runner/work/android_kernel_samsung_universal8895/android_kernel_samsung_universal8895/sound/core/pcm_compat.c:502:30: warning: taking address of packed member of ‘struct snd_pcm_sync_ptr32’ may result in an unaligned pointer value [-Waddress-of-packed-member]
  502 |         if (get_user(sflags, &src->flags) ||
/home/runner/work/android_kernel_samsung_universal8895/android_kernel_samsung_universal8895/arch/arm64/include/asm/uaccess.h:318:43: note: in definition of macro ‘get_user’
  318 |         __typeof__(*(ptr)) __user *__p = (ptr);                         \
      |                                           ^~~
/home/runner/work/android_kernel_samsung_universal8895/android_kernel_samsung_universal8895/sound/core/pcm_compat.c:503:41: warning: taking address of packed member of ‘struct snd_pcm_sync_ptr32’ may result in an unaligned pointer value [-Waddress-of-packed-member]
  503 |             get_user(scontrol.appl_ptr, &src->c.control.appl_ptr) ||
/home/runner/work/android_kernel_samsung_universal8895/android_kernel_samsung_universal8895/arch/arm64/include/asm/uaccess.h:318:43: note: in definition of macro ‘get_user’
  318 |         __typeof__(*(ptr)) __user *__p = (ptr);                         \
      |                                           ^~~
/home/runner/work/android_kernel_samsung_universal8895/android_kernel_samsung_universal8895/sound/core/pcm_compat.c:504:42: warning: taking address of packed member of ‘struct snd_pcm_sync_ptr32’ may result in an unaligned pointer value [-Waddress-of-packed-member]
  504 |             get_user(scontrol.avail_min, &src->c.control.avail_min))
/home/runner/work/android_kernel_samsung_universal8895/android_kernel_samsung_universal8895/arch/arm64/include/asm/uaccess.h:318:43: note: in definition of macro ‘get_user’
  318 |         __typeof__(*(ptr)) __user *__p = (ptr);                         \
      |                                           ^~~
/home/runner/work/android_kernel_samsung_universal8895/android_kernel_samsung_universal8895/sound/core/pcm_compat.c:532:37: warning: taking address of packed member of ‘struct snd_pcm_mmap_status32’ may result in an unaligned pointer value [-Waddress-of-packed-member]
  532 |         if (put_user(sstatus.state, &src->s.status.state) ||
/home/runner/work/android_kernel_samsung_universal8895/android_kernel_samsung_universal8895/arch/arm64/include/asm/uaccess.h:384:43: note: in definition of macro ‘put_user’
  384 |         __typeof__(*(ptr)) __user *__p = (ptr);                         \
      |                                           ^~~
/home/runner/work/android_kernel_samsung_universal8895/android_kernel_samsung_universal8895/sound/core/pcm_compat.c:533:38: warning: taking address of packed member of ‘struct snd_pcm_mmap_status32’ may result in an unaligned pointer value [-Waddress-of-packed-member]
  533 |             put_user(sstatus.hw_ptr, &src->s.status.hw_ptr) ||
/home/runner/work/android_kernel_samsung_universal8895/android_kernel_samsung_universal8895/arch/arm64/include/asm/uaccess.h:384:43: note: in definition of macro ‘put_user’
  384 |         __typeof__(*(ptr)) __user *__p = (ptr);                         \
      |                                           ^~~
/home/runner/work/android_kernel_samsung_universal8895/android_kernel_samsung_universal8895/sound/core/pcm_compat.c:535:47: warning: taking address of packed member of ‘struct snd_pcm_mmap_status32’ may result in an unaligned pointer value [-Waddress-of-packed-member]
  535 |             put_user(sstatus.suspended_state, &src->s.status.suspended_state) ||
/home/runner/work/android_kernel_samsung_universal8895/android_kernel_samsung_universal8895/arch/arm64/include/asm/uaccess.h:384:43: note: in definition of macro ‘put_user’
  384 |         __typeof__(*(ptr)) __user *__p = (ptr);                         \
      |                                           ^~~
/home/runner/work/android_kernel_samsung_universal8895/android_kernel_samsung_universal8895/sound/core/pcm_compat.c:538:41: warning: taking address of packed member of ‘struct snd_pcm_sync_ptr32’ may result in an unaligned pointer value [-Waddress-of-packed-member]
  538 |             put_user(scontrol.appl_ptr, &src->c.control.appl_ptr) ||
/home/runner/work/android_kernel_samsung_universal8895/android_kernel_samsung_universal8895/arch/arm64/include/asm/uaccess.h:384:43: note: in definition of macro ‘put_user’
  384 |         __typeof__(*(ptr)) __user *__p = (ptr);                         \
      |                                           ^~~
/home/runner/work/android_kernel_samsung_universal8895/android_kernel_samsung_universal8895/sound/core/pcm_compat.c:539:42: warning: taking address of packed member of ‘struct snd_pcm_sync_ptr32’ may result in an unaligned pointer value [-Waddress-of-packed-member]
  539 |             put_user(scontrol.avail_min, &src->c.control.avail_min))
/home/runner/work/android_kernel_samsung_universal8895/android_kernel_samsung_universal8895/arch/arm64/include/asm/uaccess.h:384:43: note: in definition of macro ‘put_user’
  384 |         __typeof__(*(ptr)) __user *__p = (ptr);                         \
      |                                           ^~~
  CC      kernel/utsname.o
  LD      fs/notify/dnotify/built-in.o
  CC      drivers/acpi/acpica/evgpeblk.o
  LD      fs/notify/fanotify/built-in.o
  CC      fs/notify/inotify/inotify_fsnotify.o
  CC      drivers/acpi/acpica/evgpeinit.o
  CC      kernel/user_namespace.o
  CC      fs/notify/inotify/inotify_user.o
  CC      drivers/acpi/acpica/evgpeutil.o
  CC      drivers/acpi/acpica/evglock.o
  CC      kernel/pid_namespace.o
  CC      drivers/acpi/acpica/evhandler.o
  LD      fs/notify/inotify/built-in.o
  LD      fs/notify/built-in.o
  CC      fs/proc/task_mmu.o
  CC      drivers/acpi/acpica/evmisc.o
  GZIP    kernel/config_data.gz
  CC      kernel/stop_machine.o
  CC      drivers/acpi/acpica/evregion.o
  CC      drivers/acpi/acpica/evrgnini.o
  CC      kernel/audit.o
  CC      fs/proc/inode.o
  CC      drivers/acpi/acpica/evsci.o
  CC      drivers/acpi/acpica/evxface.o
  CC      fs/proc/root.o
  CC      drivers/acpi/acpica/evxfevnt.o
  CC      sound/core/pcm_lib.o
  CC      fs/proc/base.o
  CC      drivers/acpi/acpica/evxfgpe.o
  CC      drivers/acpi/acpica/evxfregn.o
/home/runner/work/android_kernel_samsung_universal8895/android_kernel_samsung_universal8895/fs/proc/base.c: In function ‘timerslack_ns_show’:
/home/runner/work/android_kernel_samsung_universal8895/android_kernel_samsung_universal8895/fs/proc/base.c:2322:27: warning: format ‘%llu’ expects argument of type ‘long long unsigned int’, but argument 3 has type ‘long unsigned int’ [-Wformat=]
 2322 |         seq_printf(m, "%llu\n", p->timer_slack_ns);
      |                        ~~~^     ~~~~~~~~~~~~~~~~~
      |                           |      |
      |                           |      long unsigned int
      |                           long long unsigned int
      |                        %lu
  CC      drivers/acpi/acpica/exconfig.o
  CC      kernel/auditfilter.o
  CC      drivers/acpi/acpica/exconvrt.o
  CC      drivers/acpi/acpica/excreate.o
  CC      drivers/acpi/acpica/exdebug.o
  CC      sound/core/pcm_misc.o
  CC      fs/proc/generic.o
  CC      kernel/auditsc.o
  CC      drivers/acpi/acpica/exdump.o
  CC      sound/core/pcm_memory.o
  CC      drivers/acpi/acpica/exfield.o
  CC      drivers/acpi/acpica/exfldio.o
  CC      fs/proc/array.o
  CC      sound/core/memalloc.o
  CC      drivers/acpi/acpica/exmutex.o
  CC      sound/core/pcm_timer.o
  CC      drivers/acpi/acpica/exnames.o
  CC      fs/proc/fd.o
  CC      kernel/audit_watch.o
  CC      sound/core/rawmidi.o
  CC      drivers/acpi/acpica/exoparg1.o
In file included from /home/runner/work/android_kernel_samsung_universal8895/android_kernel_samsung_universal8895/include/linux/poll.h:11,
                 from /home/runner/work/android_kernel_samsung_universal8895/android_kernel_samsung_universal8895/include/sound/info.h:25,
                 from /home/runner/work/android_kernel_samsung_universal8895/android_kernel_samsung_universal8895/sound/core/rawmidi.c:33:
/home/runner/work/android_kernel_samsung_universal8895/android_kernel_samsung_universal8895/sound/core/rawmidi_compat.c: In function ‘snd_rawmidi_ioctl_params_compat’:
/home/runner/work/android_kernel_samsung_universal8895/android_kernel_samsung_universal8895/sound/core/rawmidi_compat.c:41:37: warning: taking address of packed member of ‘struct snd_rawmidi_params32’ may result in an unaligned pointer value [-Waddress-of-packed-member]
   41 |         if (get_user(params.stream, &src->stream) ||
/home/runner/work/android_kernel_samsung_universal8895/android_kernel_samsung_universal8895/arch/arm64/include/asm/uaccess.h:318:43: note: in definition of macro ‘get_user’
  318 |         __typeof__(*(ptr)) __user *__p = (ptr);                         \
      |                                           ^~~
/home/runner/work/android_kernel_samsung_universal8895/android_kernel_samsung_universal8895/sound/core/rawmidi_compat.c:42:42: warning: taking address of packed member of ‘struct snd_rawmidi_params32’ may result in an unaligned pointer value [-Waddress-of-packed-member]
   42 |             get_user(params.buffer_size, &src->buffer_size) ||
/home/runner/work/android_kernel_samsung_universal8895/android_kernel_samsung_universal8895/arch/arm64/include/asm/uaccess.h:318:43: note: in definition of macro ‘get_user’
  318 |         __typeof__(*(ptr)) __user *__p = (ptr);                         \
      |                                           ^~~
/home/runner/work/android_kernel_samsung_universal8895/android_kernel_samsung_universal8895/sound/core/rawmidi_compat.c:43:40: warning: taking address of packed member of ‘struct snd_rawmidi_params32’ may result in an unaligned pointer value [-Waddress-of-packed-member]
   43 |             get_user(params.avail_min, &src->avail_min) ||
/home/runner/work/android_kernel_samsung_universal8895/android_kernel_samsung_universal8895/arch/arm64/include/asm/uaccess.h:318:43: note: in definition of macro ‘get_user’
  318 |         __typeof__(*(ptr)) __user *__p = (ptr);                         \
      |                                           ^~~
/home/runner/work/android_kernel_samsung_universal8895/android_kernel_samsung_universal8895/sound/core/rawmidi_compat.c:44:27: warning: taking address of packed member of ‘struct snd_rawmidi_params32’ may result in an unaligned pointer value [-Waddress-of-packed-member]
   44 |             get_user(val, &src->no_active_sensing))
/home/runner/work/android_kernel_samsung_universal8895/android_kernel_samsung_universal8895/arch/arm64/include/asm/uaccess.h:318:43: note: in definition of macro ‘get_user’
  318 |         __typeof__(*(ptr)) __user *__p = (ptr);                         \
      |                                           ^~~
/home/runner/work/android_kernel_samsung_universal8895/android_kernel_samsung_universal8895/sound/core/rawmidi_compat.c: In function ‘snd_rawmidi_ioctl_status_compat’:
/home/runner/work/android_kernel_samsung_universal8895/android_kernel_samsung_universal8895/sound/core/rawmidi_compat.c:72:37: warning: taking address of packed member of ‘struct snd_rawmidi_status32’ may result in an unaligned pointer value [-Waddress-of-packed-member]
   72 |         if (get_user(status.stream, &src->stream))
/home/runner/work/android_kernel_samsung_universal8895/android_kernel_samsung_universal8895/arch/arm64/include/asm/uaccess.h:318:43: note: in definition of macro ‘get_user’
  318 |         __typeof__(*(ptr)) __user *__p = (ptr);                         \
      |                                           ^~~
/home/runner/work/android_kernel_samsung_universal8895/android_kernel_samsung_universal8895/sound/core/rawmidi_compat.c:88:44: warning: taking address of packed member of ‘struct snd_rawmidi_status32’ may result in an unaligned pointer value [-Waddress-of-packed-member]
   88 |         if (put_user(status.tstamp.tv_sec, &src->tstamp.tv_sec) ||
/home/runner/work/android_kernel_samsung_universal8895/android_kernel_samsung_universal8895/arch/arm64/include/asm/uaccess.h:384:43: note: in definition of macro ‘put_user’
  384 |         __typeof__(*(ptr)) __user *__p = (ptr);                         \
      |                                           ^~~
/home/runner/work/android_kernel_samsung_universal8895/android_kernel_samsung_universal8895/sound/core/rawmidi_compat.c:89:45: warning: taking address of packed member of ‘struct snd_rawmidi_status32’ may result in an unaligned pointer value [-Waddress-of-packed-member]
   89 |             put_user(status.tstamp.tv_nsec, &src->tstamp.tv_nsec) ||
/home/runner/work/android_kernel_samsung_universal8895/android_kernel_samsung_universal8895/arch/arm64/include/asm/uaccess.h:384:43: note: in definition of macro ‘put_user’
  384 |         __typeof__(*(ptr)) __user *__p = (ptr);                         \
      |                                           ^~~
/home/runner/work/android_kernel_samsung_universal8895/android_kernel_samsung_universal8895/sound/core/rawmidi_compat.c:90:36: warning: taking address of packed member of ‘struct snd_rawmidi_status32’ may result in an unaligned pointer value [-Waddress-of-packed-member]
   90 |             put_user(status.avail, &src->avail) ||
/home/runner/work/android_kernel_samsung_universal8895/android_kernel_samsung_universal8895/arch/arm64/include/asm/uaccess.h:384:43: note: in definition of macro ‘put_user’
  384 |         __typeof__(*(ptr)) __user *__p = (ptr);                         \
      |                                           ^~~
/home/runner/work/android_kernel_samsung_universal8895/android_kernel_samsung_universal8895/sound/core/rawmidi_compat.c:91:36: warning: taking address of packed member of ‘struct snd_rawmidi_status32’ may result in an unaligned pointer value [-Waddress-of-packed-member]
   91 |             put_user(status.xruns, &src->xruns))
/home/runner/work/android_kernel_samsung_universal8895/android_kernel_samsung_universal8895/arch/arm64/include/asm/uaccess.h:384:43: note: in definition of macro ‘put_user’
  384 |         __typeof__(*(ptr)) __user *__p = (ptr);                         \
      |                                           ^~~
  CC      fs/proc/proc_tty.o
  CC      drivers/acpi/acpica/exoparg2.o
  CC      kernel/audit_fsnotify.o
  CC      fs/proc/cmdline.o
  CC      drivers/acpi/acpica/exoparg3.o
/home/runner/work/android_kernel_samsung_universal8895/android_kernel_samsung_universal8895/fs/proc/cmdline.c: In function ‘proc_cmdline_set’:
/home/runner/work/android_kernel_samsung_universal8895/android_kernel_samsung_universal8895/fs/proc/cmdline.c:46:1: warning: the frame size of 2064 bytes is larger than 2048 bytes [-Wframe-larger-than=]
   46 | }
      | ^
  CC      fs/proc/consoles.o
  CC      kernel/audit_tree.o
  CC      drivers/acpi/acpica/exoparg6.o
  CC      fs/proc/cpuinfo.o
  CC      drivers/acpi/acpica/exprep.o
  CC      sound/core/compress_offload.o
  CC      fs/proc/devices.o
  CC      drivers/acpi/acpica/exmisc.o
  CC      fs/proc/interrupts.o
  CC      drivers/acpi/acpica/exregion.o
  CC      kernel/hung_task.o
  CC      fs/proc/loadavg.o
  LD      sound/core/snd.o
  LD      sound/core/snd-hwdep.o
  LD      sound/core/snd-timer.o
  LD      sound/core/snd-pcm.o
  LD      sound/core/snd-rawmidi.o
  LD      sound/core/snd-compress.o
  LD      sound/core/built-in.o
  CC      drivers/acpi/acpica/exresnte.o
  LD      sound/drivers/mpu401/built-in.o
  LD      sound/drivers/opl3/built-in.o
  LD      sound/drivers/opl4/built-in.o
  CC      fs/proc/meminfo.o
  LD      sound/drivers/pcsp/built-in.o
  LD      sound/drivers/vx/built-in.o
  LD      sound/drivers/built-in.o
  LD      sound/firewire/built-in.o
In file included from /home/runner/work/android_kernel_samsung_universal8895/android_kernel_samsung_universal8895/arch/arm64/include/asm/atomic.h:41,
                 from /home/runner/work/android_kernel_samsung_universal8895/android_kernel_samsung_universal8895/include/linux/atomic.h:4,
                 from /home/runner/work/android_kernel_samsung_universal8895/android_kernel_samsung_universal8895/include/linux/spinlock.h:406,
                 from /home/runner/work/android_kernel_samsung_universal8895/android_kernel_samsung_universal8895/include/linux/mmzone.h:7,
                 from /home/runner/work/android_kernel_samsung_universal8895/android_kernel_samsung_universal8895/include/linux/gfp.h:5,
                 from /home/runner/work/android_kernel_samsung_universal8895/android_kernel_samsung_universal8895/include/linux/mm.h:9,
                 from /home/runner/work/android_kernel_samsung_universal8895/android_kernel_samsung_universal8895/kernel/hung_task.c:8:
/home/runner/work/android_kernel_samsung_universal8895/android_kernel_samsung_universal8895/kernel/hung_task.c: In function ‘watchdog’:
/home/runner/work/android_kernel_samsung_universal8895/android_kernel_samsung_universal8895/arch/arm64/include/asm/cmpxchg.h:38:9: warning: array subscript ‘long unsigned int[0]’ is partly outside array bounds of ‘atomic_t[1]’ [-Warray-bounds]
   38 |         asm volatile(ARM64_LSE_ATOMIC_INSN(                             \
      |         ^~~
/home/runner/work/android_kernel_samsung_universal8895/android_kernel_samsung_universal8895/arch/arm64/include/asm/cmpxchg.h:72:1: note: in expansion of macro ‘__XCHG_CASE’
   72 | __XCHG_CASE(w,  ,  mb_4, dmb ish, nop,  , a, l, "memory")
      | ^~~~~~~~~~~
/home/runner/work/android_kernel_samsung_universal8895/android_kernel_samsung_universal8895/kernel/hung_task.c:214:17: note: while referencing ‘reset_hung_task’
  214 | static atomic_t reset_hung_task = ATOMIC_INIT(0);
      |                 ^~~~~~~~~~~~~~~
In file included from /home/runner/work/android_kernel_samsung_universal8895/android_kernel_samsung_universal8895/arch/arm64/include/asm/atomic.h:41,
                 from /home/runner/work/android_kernel_samsung_universal8895/android_kernel_samsung_universal8895/include/linux/atomic.h:4,
                 from /home/runner/work/android_kernel_samsung_universal8895/android_kernel_samsung_universal8895/include/linux/spinlock.h:406,
                 from /home/runner/work/android_kernel_samsung_universal8895/android_kernel_samsung_universal8895/include/linux/mmzone.h:7,
                 from /home/runner/work/android_kernel_samsung_universal8895/android_kernel_samsung_universal8895/include/linux/gfp.h:5,
                 from /home/runner/work/android_kernel_samsung_universal8895/android_kernel_samsung_universal8895/include/linux/mm.h:9,
                 from /home/runner/work/android_kernel_samsung_universal8895/android_kernel_samsung_universal8895/kernel/hung_task.c:8:
/home/runner/work/android_kernel_samsung_universal8895/android_kernel_samsung_universal8895/arch/arm64/include/asm/cmpxchg.h:38:9: warning: array subscript ‘long unsigned int[0]’ is partly outside array bounds of ‘atomic_t[1]’ [-Warray-bounds]
   38 |         asm volatile(ARM64_LSE_ATOMIC_INSN(                             \
      |         ^~~
/home/runner/work/android_kernel_samsung_universal8895/android_kernel_samsung_universal8895/arch/arm64/include/asm/cmpxchg.h:72:1: note: in expansion of macro ‘__XCHG_CASE’
   72 | __XCHG_CASE(w,  ,  mb_4, dmb ish, nop,  , a, l, "memory")
      | ^~~~~~~~~~~
/home/runner/work/android_kernel_samsung_universal8895/android_kernel_samsung_universal8895/kernel/hung_task.c:214:17: note: while referencing ‘reset_hung_task’
  214 | static atomic_t reset_hung_task = ATOMIC_INIT(0);
      |                 ^~~~~~~~~~~~~~~
  LD      sound/hda/built-in.o
  LD      sound/i2c/other/built-in.o
  LD      sound/i2c/built-in.o
  CC      drivers/acpi/acpica/exresolv.o
  CC      kernel/watchdog.o
  LD      sound/isa/ad1816a/built-in.o
  LD      sound/isa/ad1848/built-in.o
  LD      sound/isa/cs423x/built-in.o
  LD      sound/isa/es1688/built-in.o
  LD      sound/isa/galaxy/built-in.o
  LD      sound/isa/gus/built-in.o
  LD      sound/isa/msnd/built-in.o
  LD      sound/isa/opti9xx/built-in.o
  LD      sound/isa/sb/built-in.o
  CC      fs/proc/stat.o
  LD      sound/isa/wavefront/built-in.o
  CC      drivers/acpi/acpica/exresop.o
  LD      sound/isa/wss/built-in.o
  LD      sound/isa/built-in.o
  LD      sound/mips/built-in.o
  LD      sound/parisc/built-in.o
  LD      sound/pci/ac97/built-in.o
  LD      sound/pci/ali5451/built-in.o
  LD      sound/pci/asihpi/built-in.o
  LD      sound/pci/au88x0/built-in.o
  LD      sound/pci/aw2/built-in.o
  LD      sound/pci/ca0106/built-in.o
  CC      drivers/acpi/acpica/exstore.o
  LD      sound/pci/cs46xx/built-in.o
  LD      sound/pci/cs5535audio/built-in.o
  CC      fs/proc/uptime.o
  LD      sound/pci/ctxfi/built-in.o
  LD      sound/pci/echoaudio/built-in.o
  LD      sound/pci/emu10k1/built-in.o
  LD      sound/pci/hda/built-in.o
  CC      kernel/seccomp.o
  LD      sound/pci/ice1712/built-in.o
  LD      sound/pci/korg1212/built-in.o
  LD      sound/pci/lola/built-in.o
  LD      sound/pci/lx6464es/built-in.o
  LD      sound/pci/mixart/built-in.o
  CC      drivers/acpi/acpica/exstoren.o
  LD      sound/pci/nm256/built-in.o
  LD      sound/pci/oxygen/built-in.o
  CC      fs/proc/version.o
  LD      sound/pci/pcxhr/built-in.o
  LD      sound/pci/riptide/built-in.o
  LD      sound/pci/rme9652/built-in.o
  LD      sound/pci/trident/built-in.o
  LD      sound/pci/vx222/built-in.o
  LD      sound/pci/ymfpci/built-in.o
  LD      sound/pci/built-in.o
  LD      sound/pcmcia/pdaudiocf/built-in.o
  CC      drivers/acpi/acpica/exstorob.o
  LD      sound/pcmcia/vx/built-in.o
  LD      sound/pcmcia/built-in.o
  LD      sound/ppc/built-in.o
  CC      fs/proc/softirqs.o
  LD      sound/sh/built-in.o
  CC      sound/soc/soc-core.o
  CC      drivers/acpi/acpica/exsystem.o
  CC      fs/proc/namespaces.o
  CC      kernel/utsname_sysctl.o
  CC      drivers/acpi/acpica/exutils.o
  CC      kernel/delayacct.o
  CC      fs/proc/self.o
  CC      drivers/acpi/acpica/hwacpi.o
  CC      kernel/taskstats.o
  CC      drivers/acpi/acpica/hwesleep.o
  CC      fs/proc/thread_self.o
  CC      drivers/acpi/acpica/hwgpe.o
  CC      fs/proc/fslog.o
  CC      drivers/acpi/acpica/hwpci.o
  CC      kernel/tsacct.o
  CC      drivers/acpi/acpica/hwregs.o
  CC      kernel/tracepoint.o
  CC      fs/proc/proc_sysctl.o
  CC      drivers/acpi/acpica/hwsleep.o
  CC      kernel/elfcore.o
  CC      drivers/acpi/acpica/hwvalid.o
  CC      sound/soc/soc-dapm.o
  CC      kernel/irq_work.o
  CC      drivers/acpi/acpica/hwxface.o
  CC      kernel/cpu_pm.o
  CC      drivers/acpi/acpica/hwxfsleep.o
  CC      fs/proc/proc_net.o
  CC      kernel/membarrier.o
  CC      drivers/acpi/acpica/nsaccess.o
  CC      drivers/acpi/acpica/nsalloc.o
  CC      fs/proc/kmsg.o
  CC      kernel/memremap.o
  CC      drivers/acpi/acpica/nsarguments.o
  CC      fs/proc/page.o
  CHK     kernel/config_data.h
  UPD     kernel/config_data.h
  CC      kernel/configs.o
  CC      drivers/acpi/acpica/nsconvert.o
  LD      kernel/built-in.o
  LD      fs/proc/proc.o
  LD      fs/proc/built-in.o
  CC      drivers/acpi/acpica/nsdump.o
  CC      fs/pstore/inode.o
  MK_FW   firmware/mfc/mfc_fw_flash.bin.gen.S
  IHEX    firmware/mfc/mfc_fw_flash.bin
  MK_FW   firmware/exynos8895_acpm_dvfs.fw.gen.S
  IHEX    firmware/exynos8895_acpm_dvfs.fw
  MK_FW   firmware/tsp_stm/fts8cd56_dream2.fw.gen.S
  IHEX    firmware/tsp_stm/fts8cd56_dream2.fw
  MK_FW   firmware/tsp_stm/fts8cd56_dream2_old.fw.gen.S
  IHEX    firmware/tsp_stm/fts8cd56_dream2_old.fw
  MK_FW   firmware/tsp_stm/fts9cd56_dream1.fw.gen.S
  IHEX    firmware/tsp_stm/fts9cd56_dream1.fw
  MK_FW   firmware/tsp_sec/y661_great.fw.gen.S
  IHEX    firmware/tsp_sec/y661_great.fw
  MK_FW   firmware/epen/w9018_great.fw.gen.S
  IHEX    firmware/epen/w9018_great.fw
  MK_FW   firmware/epen/w9018_great_1coil.fw.gen.S
  IHEX    firmware/epen/w9018_great_1coil.fw
  AS      firmware/mfc/mfc_fw_flash.bin.gen.o
  CC      drivers/acpi/acpica/nseval.o
  AS      firmware/exynos8895_acpm_dvfs.fw.gen.o
  AS      firmware/tsp_stm/fts8cd56_dream2.fw.gen.o
  AS      firmware/tsp_stm/fts8cd56_dream2_old.fw.gen.o
  AS      firmware/tsp_stm/fts9cd56_dream1.fw.gen.o
  AS      firmware/tsp_sec/y661_great.fw.gen.o
  AS      firmware/epen/w9018_great.fw.gen.o
  CC      sound/soc/soc-jack.o
  AS      firmware/epen/w9018_great_1coil.fw.gen.o
  LD      firmware/built-in.o
  CC      fs/pstore/platform.o
  CC      drivers/acpi/acpica/nsinit.o
  CC      drivers/acpi/button.o
  CC      drivers/acpi/acpica/nsload.o
  CC      fs/pstore/pmsg.o
  CC      sound/soc/soc-cache.o
  LD      sound/sparc/built-in.o
  CC      drivers/acpi/acpica/nsnames.o
  CC      fs/quota/dquot.o
  CC      fs/pstore/ram.o
  CC      sound/soc/soc-utils.o
  CC      drivers/acpi/acpica/nsobject.o
  CC      drivers/acpi/acpica/nsparse.o
  CC      sound/soc/soc-pcm.o
  CC      fs/pstore/ram_core.o
  CC      drivers/acpi/acpica/nspredef.o
  CC      drivers/acpi/acpica/nsprepkg.o
  LD      fs/pstore/pstore.o
  LD      fs/pstore/ramoops.o
  LD      fs/pstore/built-in.o
  CC      drivers/android/binder.o
  CC      drivers/acpi/acpica/nsrepair.o
  CC      fs/quota/quota_v2.o
  CC      drivers/acpi/acpica/nsrepair2.o
  CC      drivers/acpi/acpica/nssearch.o
  CC      fs/quota/quota_tree.o
  CC      drivers/acpi/acpica/nsutils.o
  CC      sound/soc/soc-io.o
  CC      drivers/acpi/acpica/nswalk.o
  CC      fs/quota/quota.o
  CC      sound/soc/soc-devres.o
  CC      drivers/acpi/acpica/nsxfeval.o
  CC      sound/soc/soc-ops.o
  CC      drivers/acpi/acpica/nsxfname.o
  CC      fs/quota/kqid.o
  CC      drivers/acpi/acpica/nsxfobj.o
  CC      fs/quota/netlink.o
  CC      sound/soc/soc-compress.o
  CC      drivers/acpi/acpica/psargs.o
  LD      fs/quota/built-in.o
  CC      fs/ramfs/inode.o
  CC      drivers/acpi/acpica/psloop.o
  CC      drivers/acpi/acpica/psobject.o
  LD      sound/soc/adi/built-in.o
  LD      sound/soc/atmel/built-in.o
  LD      sound/soc/au1x/built-in.o
  LD      sound/soc/bcm/built-in.o
  LD      sound/soc/blackfin/built-in.o
  CC      fs/ramfs/file-mmu.o
  LD      sound/soc/cirrus/built-in.o
  CC      sound/soc/codecs/cs47l92.o
  CC      drivers/acpi/acpica/psopcode.o
  LD      fs/ramfs/ramfs.o
  LD      fs/ramfs/built-in.o
  CC      fs/sdcardfs/dentry.o
  CC      drivers/acpi/acpica/psopinfo.o
  CC      drivers/acpi/acpica/psparse.o
  CC      fs/sdcardfs/file.o
  CC      drivers/acpi/acpica/psscope.o
  CC      fs/sdcardfs/inode.o
  CC      drivers/acpi/acpica/pstree.o
  CC      sound/soc/codecs/madera.o
  CC      drivers/android/binder_alloc.o
  CC      drivers/acpi/acpica/psutils.o
  CC      drivers/acpi/acpica/pswalk.o
  CC      drivers/acpi/acpica/psxface.o
  CC      fs/sdcardfs/main.o
  CC      drivers/acpi/acpica/rsaddr.o
  LD      drivers/android/built-in.o
  CC      net/socket.o
  CC      fs/sdcardfs/super.o
  CC      drivers/acpi/acpica/rscalc.o
  CC      drivers/acpi/acpica/rscreate.o
  CC      fs/sdcardfs/lookup.o
  CC      drivers/acpi/acpica/rsdumpinfo.o
  CC      sound/soc/codecs/max98506.o
  CC      drivers/acpi/acpica/rsinfo.o
  CC      fs/sdcardfs/mmap.o
  CC      drivers/acpi/acpica/rsio.o
  CC      fs/sdcardfs/packagelist.o
  CC      drivers/acpi/acpica/rsirq.o
  CC      drivers/acpi/acpica/rslist.o
  CC      sound/soc/codecs/maxim_dsm.o
  CC      drivers/acpi/acpica/rsmemory.o
  CC      drivers/acpi/acpica/rsmisc.o
  CC      drivers/acpi/acpica/rsserial.o
  CC      drivers/acpi/acpica/rsutils.o
  LD      net/802/built-in.o
  CC      net/bluetooth/af_bluetooth.o
  CC      sound/soc/codecs/maxim_dsm_cal.o
  CC      drivers/acpi/acpica/rsxface.o
  CC      fs/sdcardfs/derived_perm.o
  CC      drivers/acpi/acpica/tbdata.o
  CC      net/bluetooth/hci_core.o
  CC      drivers/acpi/acpica/tbfadt.o
  CC      sound/soc/codecs/maxim_dsm_power.o
  LD      fs/sdcardfs/sdcardfs.o
  LD      fs/sdcardfs/built-in.o
  CC      fs/sdfat/sdfat.o
  CC      drivers/acpi/acpica/tbfind.o
  CC      sound/soc/codecs/wm_adsp.o
  CC      drivers/acpi/acpica/tbinstal.o
  CC      drivers/acpi/acpica/tbprint.o
  CC      drivers/acpi/acpica/tbutils.o
  CC      drivers/acpi/acpica/tbxface.o
  CC      drivers/acpi/acpica/tbxfload.o
  CC      fs/sdfat/core.o
  CC      drivers/acpi/acpica/tbxfroot.o
  CC      drivers/acpi/acpica/utaddress.o
  CC      sound/soc/codecs/moro_sound.o
  CC      drivers/acpi/acpica/utalloc.o
/home/runner/work/android_kernel_samsung_universal8895/android_kernel_samsung_universal8895/sound/soc/codecs/moro_sound.c: In function ‘reg_dump_show’:
/home/runner/work/android_kernel_samsung_universal8895/android_kernel_samsung_universal8895/sound/soc/codecs/moro_sound.c:701:29: warning: too many arguments for format [-Wformat-extra-args]
  701 |         return sprintf(buf, "\
      |                             ^~
  702 | headphone_gain_l: reg: %d, variable: %d \
      | ~~~~~~~~~~~~~~~~~~~~~~~~~~~~~~~~~~~~~~~~~
  703 | headphone_gain_r: reg: %d, variable: %d \
      | ~~~~~~~~~~~~~~~~~~~~~~~~~~~~~~~~~~~~~~~~~
  704 | earpiece_gain: %d \
      | ~~~~~~~~~~~~~~~~~~~          
  705 | speaker_gain: %d \
      | ~~~~~~~~~~~~~~~~~~           
  706 | HPOUT Enabled: %d \
      | ~~~~~~~~~~~~~~~~~~~          
  707 | HPOUT2L Source: %d \
      | ~~~~~~~~~~~~~~~~~~~~         
  708 | HPOUT2R Source: %d \
      | ~~~~~~~~~~~~~~~~~~~~         
  709 | EQ1 Enabled: %d \
      | ~~~~~~~~~~~~~~~~~            
  710 | EQ2 Enabled: %d \
      | ~~~~~~~~~~~~~~~~~            
  711 | EQ1MIX source: %d \
      | ~~~~~~~~~~~~~~~~~~~          
  712 | EQ2MIX source: %d \
      | ~~~~~~~~~~~~~~~~~~~          
  713 | EQ b1 gain: %d \
      | ~~~~~~~~~~~~~~~~             
  714 | EQ b2 gain: %d \
      | ~~~~~~~~~~~~~~~~             
  715 | EQ b3 gain: %d \
      | ~~~~~~~~~~~~~~~~             
  716 | EQ b4 gain: %d \
      | ~~~~~~~~~~~~~~~~             
  717 | EQ b5 gain: %d \
      | ~~~~~~~~~~~~~~~~             
  718 | ",
      | ~                            
  CC      net/bluetooth/hci_conn.o
  CC      drivers/acpi/acpica/utbuffer.o
  LD      sound/soc/codecs/snd-soc-cs47l92.o
  LD      sound/soc/codecs/snd-soc-madera.o
  LD      sound/soc/codecs/snd-soc-max98506.o
  LD      sound/soc/codecs/snd-soc-maxim-dsm.o
  LD      sound/soc/codecs/snd-soc-maxim-dsm-cal.o
  LD      sound/soc/codecs/snd-soc-wm-adsp.o
  LD      sound/soc/codecs/built-in.o
  LD      sound/soc/davinci/built-in.o
  LD      sound/soc/dwc/built-in.o
  LD      sound/soc/fsl/built-in.o
  CC      drivers/acpi/acpica/utcopy.o
  LD      sound/soc/generic/built-in.o
  LD      sound/soc/intel/boards/built-in.o
  LD      sound/soc/intel/built-in.o
  LD      sound/soc/jz4740/built-in.o
  LD      sound/soc/kirkwood/built-in.o
  LD      sound/soc/mediatek/built-in.o
  LD      sound/soc/mxs/built-in.o
  LD      sound/soc/nuc900/built-in.o
  LD      sound/soc/omap/built-in.o
  LD      sound/soc/pxa/built-in.o
  LD      sound/soc/qcom/built-in.o
  LD      sound/soc/rockchip/built-in.o
  CC      sound/soc/samsung/dp_dma.o
  CC      drivers/acpi/acpica/utexcep.o
  CC      fs/sdfat/core_fat.o
  CC      drivers/acpi/acpica/utdebug.o
  CC      net/bluetooth/hci_event.o
  CC      drivers/acpi/acpica/utdecode.o
  CC      sound/soc/samsung/abox/abox_util.o
  CC      drivers/acpi/acpica/utdelete.o
  CC      sound/soc/samsung/abox/abox_dbg.o
  CC      drivers/acpi/acpica/uterror.o
  CC      fs/sdfat/core_exfat.o
  CC      drivers/acpi/acpica/uteval.o
  CC      drivers/acpi/acpica/utglobal.o
  CC      sound/soc/samsung/abox/abox_dump.o
  CC      drivers/acpi/acpica/uthex.o
  CC      fs/sdfat/api.o
  CC      drivers/acpi/acpica/utids.o
  CC      sound/soc/samsung/abox/abox_log.o
  CC      drivers/acpi/acpica/utinit.o
  CC      fs/sdfat/blkdev.o
  CC      drivers/acpi/acpica/utlock.o
  CC      sound/soc/samsung/abox/abox_gic.o
  CC      drivers/acpi/acpica/utmath.o
  CC      fs/sdfat/fatent.o
  CC      drivers/acpi/acpica/utmisc.o
  CC      sound/soc/samsung/abox/abox.o
  CC      net/bluetooth/mgmt.o
  CC      drivers/acpi/acpica/utmutex.o
  CC      fs/sdfat/amap_smart.o
  CC      drivers/acpi/acpica/utnonansi.o
/home/runner/work/android_kernel_samsung_universal8895/android_kernel_samsung_universal8895/net/bluetooth/mgmt.c: In function ‘read_commands’:
/home/runner/work/android_kernel_samsung_universal8895/android_kernel_samsung_universal8895/net/bluetooth/mgmt.c:321:34: warning: taking address of packed member of ‘struct mgmt_rp_read_commands’ may result in an unaligned pointer value [-Waddress-of-packed-member]
  321 |                 __le16 *opcode = rp->opcodes;
      |                                  ^~
/home/runner/work/android_kernel_samsung_universal8895/android_kernel_samsung_universal8895/net/bluetooth/mgmt.c:329:34: warning: taking address of packed member of ‘struct mgmt_rp_read_commands’ may result in an unaligned pointer value [-Waddress-of-packed-member]
  329 |                 __le16 *opcode = rp->opcodes;
      |                                  ^~
  CC      drivers/acpi/acpica/utobject.o
  CC      fs/sdfat/cache.o
  CC      drivers/acpi/acpica/utosi.o
  CC      drivers/acpi/acpica/utownerid.o
  CC      drivers/acpi/acpica/utpredef.o
  CC      fs/sdfat/dfr.o
  CC      drivers/acpi/acpica/utresrc.o
  CC      fs/sdfat/nls.o
  CC      drivers/acpi/acpica/utstate.o
  CC      sound/soc/samsung/abox/abox_rdma.o
  CC      drivers/acpi/acpica/utstring.o
  CC      fs/sdfat/misc.o
  CC      drivers/acpi/acpica/utxface.o
  CC      drivers/acpi/acpica/utxfinit.o
  CC      fs/sdfat/mpage.o
  CC      drivers/acpi/acpica/utxferror.o
  CC      sound/soc/samsung/abox/abox_wdma.o
  CC      drivers/acpi/acpica/utxfmutex.o
  CC      fs/sdfat/extent.o
  LD      drivers/acpi/acpica/acpi.o
  LD      drivers/acpi/acpica/built-in.o
  CC      drivers/acpi/fan.o
  CC      sound/soc/samsung/abox/abox_effect.o
  CC      fs/sdfat/xattr.o
  CC      net/bluetooth/hci_sock.o
  CC      drivers/acpi/processor_driver.o
  CC      fs/sdfat/statistics.o
  CC      sound/soc/samsung/abox/abox_vss.o
  CC      drivers/acpi/processor_perflib.o
  LD      fs/sdfat/sdfat_fs.o
  LD      fs/sdfat/built-in.o
  CC      sound/soc/samsung/abox/abox_adaptation.o
  CC      fs/sysfs/file.o
  CC      net/bluetooth/hci_sysfs.o
  CC      fs/sysfs/dir.o
  LD      sound/soc/samsung/abox/built-in.o
  CC      drivers/acpi/container.o
  CC      sound/soc/samsung/vts/mailbox.o
  CC      sound/soc/samsung/vts/vts.o
  CC      fs/sysfs/symlink.o
  CC      drivers/acpi/thermal.o
  CC      net/bluetooth/l2cap_core.o
  CC      fs/sysfs/mount.o
  CC      fs/sysfs/group.o
  CC      drivers/acpi/acpi_memhotplug.o
  LD      fs/sysfs/built-in.o
  CC      fs/tracefs/inode.o
  LD      drivers/acpi/acpi.o
  CC      sound/soc/samsung/vts/vts_dma.o
  LD      drivers/acpi/processor.o
  LD      drivers/acpi/built-in.o
  LD      drivers/auxdisplay/built-in.o
  CC      drivers/base/component.o
  LD      fs/tracefs/tracefs.o
  LD      fs/tracefs/built-in.o
  CC      fs/eventpoll.o
  LD      sound/soc/samsung/vts/built-in.o
  CC      sound/soc/samsung/dream_madera.o
  CC      drivers/base/core.o
  CC      sound/soc/samsung/jack_madera_sysfs_cb.o
  CC      fs/anon_inodes.o
In file included from /home/runner/work/android_kernel_samsung_universal8895/android_kernel_samsung_universal8895/include/linux/if_ether.h:23,
                 from /home/runner/work/android_kernel_samsung_universal8895/android_kernel_samsung_universal8895/include/uapi/linux/ethtool.h:17,
                 from /home/runner/work/android_kernel_samsung_universal8895/android_kernel_samsung_universal8895/include/linux/ethtool.h:16,
                 from /home/runner/work/android_kernel_samsung_universal8895/android_kernel_samsung_universal8895/include/linux/netdevice.h:42,
                 from /home/runner/work/android_kernel_samsung_universal8895/android_kernel_samsung_universal8895/include/net/sock.h:51,
                 from /home/runner/work/android_kernel_samsung_universal8895/android_kernel_samsung_universal8895/include/net/bluetooth/bluetooth.h:29,
                 from /home/runner/work/android_kernel_samsung_universal8895/android_kernel_samsung_universal8895/net/bluetooth/l2cap_core.c:36:
/home/runner/work/android_kernel_samsung_universal8895/android_kernel_samsung_universal8895/net/bluetooth/l2cap_core.c: In function ‘l2cap_chan_send’:
/home/runner/work/android_kernel_samsung_universal8895/android_kernel_samsung_universal8895/include/linux/skbuff.h:1604:9: warning: array subscript ‘struct sk_buff[0]’ is partly outside array bounds of ‘struct sk_buff_head[1]’ [-Warray-bounds]
 1604 |         __skb_insert(newsk, next->prev, next, list);
      |         ^~~~~~~~~~~~~~~~~~~~~~~~~~~~~~~~~~~~~~~~~~~
/home/runner/work/android_kernel_samsung_universal8895/android_kernel_samsung_universal8895/net/bluetooth/l2cap_core.c:2421:29: note: while referencing ‘seg_queue’
 2421 |         struct sk_buff_head seg_queue;
      |                             ^~~~~~~~~
In file included from /home/runner/work/android_kernel_samsung_universal8895/android_kernel_samsung_universal8895/include/linux/if_ether.h:23,
                 from /home/runner/work/android_kernel_samsung_universal8895/android_kernel_samsung_universal8895/include/uapi/linux/ethtool.h:17,
                 from /home/runner/work/android_kernel_samsung_universal8895/android_kernel_samsung_universal8895/include/linux/ethtool.h:16,
                 from /home/runner/work/android_kernel_samsung_universal8895/android_kernel_samsung_universal8895/include/linux/netdevice.h:42,
                 from /home/runner/work/android_kernel_samsung_universal8895/android_kernel_samsung_universal8895/include/net/sock.h:51,
                 from /home/runner/work/android_kernel_samsung_universal8895/android_kernel_samsung_universal8895/include/net/bluetooth/bluetooth.h:29,
                 from /home/runner/work/android_kernel_samsung_universal8895/android_kernel_samsung_universal8895/net/bluetooth/l2cap_core.c:36:
/home/runner/work/android_kernel_samsung_universal8895/android_kernel_samsung_universal8895/include/linux/skbuff.h:1498:21: warning: array subscript ‘struct sk_buff[0]’ is partly outside array bounds of ‘struct sk_buff_head[1]’ [-Warray-bounds]
 1498 |         next->prev  = prev->next = newsk;
      |         ~~~~~~~~~~~~^~~~~~~~~~~~~~~~~~~~
/home/runner/work/android_kernel_samsung_universal8895/android_kernel_samsung_universal8895/net/bluetooth/l2cap_core.c:2421:29: note: while referencing ‘seg_queue’
 2421 |         struct sk_buff_head seg_queue;
      |                             ^~~~~~~~~
In file included from /home/runner/work/android_kernel_samsung_universal8895/android_kernel_samsung_universal8895/include/linux/if_ether.h:23,
                 from /home/runner/work/android_kernel_samsung_universal8895/android_kernel_samsung_universal8895/include/uapi/linux/ethtool.h:17,
                 from /home/runner/work/android_kernel_samsung_universal8895/android_kernel_samsung_universal8895/include/linux/ethtool.h:16,
                 from /home/runner/work/android_kernel_samsung_universal8895/android_kernel_samsung_universal8895/include/linux/netdevice.h:42,
                 from /home/runner/work/android_kernel_samsung_universal8895/android_kernel_samsung_universal8895/include/net/sock.h:51,
                 from /home/runner/work/android_kernel_samsung_universal8895/android_kernel_samsung_universal8895/include/net/bluetooth/bluetooth.h:29,
                 from /home/runner/work/android_kernel_samsung_universal8895/android_kernel_samsung_universal8895/net/bluetooth/l2cap_core.c:36:
/home/runner/work/android_kernel_samsung_universal8895/android_kernel_samsung_universal8895/include/linux/skbuff.h:1604:9: warning: array subscript ‘struct sk_buff[0]’ is partly outside array bounds of ‘struct sk_buff_head[1]’ [-Warray-bounds]
 1604 |         __skb_insert(newsk, next->prev, next, list);
      |         ^~~~~~~~~~~~~~~~~~~~~~~~~~~~~~~~~~~~~~~~~~~
/home/runner/work/android_kernel_samsung_universal8895/android_kernel_samsung_universal8895/net/bluetooth/l2cap_core.c:2421:29: note: while referencing ‘seg_queue’
 2421 |         struct sk_buff_head seg_queue;
      |                             ^~~~~~~~~
In file included from /home/runner/work/android_kernel_samsung_universal8895/android_kernel_samsung_universal8895/include/linux/if_ether.h:23,
                 from /home/runner/work/android_kernel_samsung_universal8895/android_kernel_samsung_universal8895/include/uapi/linux/ethtool.h:17,
                 from /home/runner/work/android_kernel_samsung_universal8895/android_kernel_samsung_universal8895/include/linux/ethtool.h:16,
                 from /home/runner/work/android_kernel_samsung_universal8895/android_kernel_samsung_universal8895/include/linux/netdevice.h:42,
                 from /home/runner/work/android_kernel_samsung_universal8895/android_kernel_samsung_universal8895/include/net/sock.h:51,
                 from /home/runner/work/android_kernel_samsung_universal8895/android_kernel_samsung_universal8895/include/net/bluetooth/bluetooth.h:29,
                 from /home/runner/work/android_kernel_samsung_universal8895/android_kernel_samsung_universal8895/net/bluetooth/l2cap_core.c:36:
/home/runner/work/android_kernel_samsung_universal8895/android_kernel_samsung_universal8895/include/linux/skbuff.h:1498:21: warning: array subscript ‘struct sk_buff[0]’ is partly outside array bounds of ‘struct sk_buff_head[1]’ [-Warray-bounds]
 1498 |         next->prev  = prev->next = newsk;
      |         ~~~~~~~~~~~~^~~~~~~~~~~~~~~~~~~~
/home/runner/work/android_kernel_samsung_universal8895/android_kernel_samsung_universal8895/net/bluetooth/l2cap_core.c:2421:29: note: while referencing ‘seg_queue’
 2421 |         struct sk_buff_head seg_queue;
      |                             ^~~~~~~~~
  CC      fs/signalfd.o
  CC      sound/soc/samsung/sec_audio_debug.o
  CC      drivers/base/bus.o
  CC      sound/soc/samsung/sec_audio_sysfs.o
  CC      fs/timerfd.o
  LD      sound/soc/samsung/snd-soc-dp_dma.o
  LD      sound/soc/samsung/built-in.o
  LD      sound/soc/sh/built-in.o
  CC      drivers/base/dd.o
  LD      sound/soc/sirf/built-in.o
  LD      sound/soc/spear/built-in.o
  LD      sound/soc/sti/built-in.o
  LD      sound/soc/sunxi/built-in.o
  LD      sound/soc/tegra/built-in.o
  LD      sound/soc/txx9/built-in.o
  LD      sound/soc/ux500/built-in.o
  LD      sound/soc/xtensa/built-in.o
  LD      sound/soc/zte/built-in.o
  LD      sound/soc/snd-soc-core.o
  LD      sound/soc/built-in.o
  CC      net/bluetooth/l2cap_sock.o
  LD      sound/spi/built-in.o
  LD      sound/synth/built-in.o
  CC      sound/usb/card.o
  CC      drivers/base/syscore.o
  CC      fs/eventfd.o
  CC      drivers/base/driver.o
  CC      sound/usb/clock.o
  CC      fs/aio.o
  CC      drivers/base/class.o
  CC      sound/usb/endpoint.o
  CC      net/bluetooth/smp.o
  CC      drivers/base/platform.o
  CC      sound/usb/format.o
  CC      fs/locks.o
  CC      drivers/base/cpu.o
  CC      sound/usb/helper.o
  CC      sound/usb/mixer.o
  CC      drivers/base/firmware.o
  CC      net/bluetooth/lib.o
  CC      drivers/base/init.o
  CC      drivers/base/map.o
  CC      net/bluetooth/ecc.o
  CC      drivers/base/devres.o
  CC      fs/compat.o
  CC      net/bluetooth/hci_request.o
  CC      sound/usb/mixer_quirks.o
  CC      drivers/base/attribute_container.o
  CC      drivers/base/transport_class.o
  CC      net/bluetooth/mgmt_util.o
  CC      drivers/base/topology.o
  CC      sound/usb/mixer_scarlett.o
  CC      drivers/base/container.o
  CC      net/bluetooth/sco.o
  CC      sound/usb/pcm.o
  CC      drivers/base/property.o
  CC      fs/compat_ioctl.o
  CC      drivers/base/cacheinfo.o
  CC      sound/usb/proc.o
  CC      net/bluetooth/a2mp.o
  CC      drivers/base/devtmpfs.o
  CC      sound/usb/quirks.o
  CC      drivers/base/dma-contiguous.o
  CC      net/bluetooth/amp.o
  CC      sound/usb/stream.o
  CC      drivers/base/power/sysfs.o
  CC      fs/binfmt_script.o
  CC      fs/binfmt_elf.o
  CC      drivers/base/power/generic_ops.o
  CC      sound/usb/midi.o
  CC      net/bluetooth/hci_debugfs.o
  CC      drivers/base/power/common.o
  CC      drivers/base/power/qos.o
  CC      fs/compat_binfmt_elf.o
  LD      net/bluetooth/bluetooth.o
  LD      net/bluetooth/built-in.o
  CC      net/core/sock.o
  LD      sound/usb/6fire/built-in.o
  LD      sound/usb/bcd2000/built-in.o
  LD      sound/usb/caiaq/built-in.o
  LD      sound/usb/hiface/built-in.o
  LD      sound/usb/misc/built-in.o
  LD      sound/usb/usx2y/built-in.o
  LD      sound/usb/snd-usb-audio.o
  CC      drivers/base/power/runtime.o
  LD      sound/usb/snd-usbmidi-lib.o
  LD      sound/usb/built-in.o
  CC      sound/last.o
  LD      sound/soundcore.o
  LD      sound/built-in.o
  CC      drivers/battery_v2/sec_battery.o
  CC      fs/mbcache.o
  CC      drivers/base/power/wakeirq.o
  CC      drivers/base/power/main.o
  CC      fs/posix_acl.o
  CC      net/core/request_sock.o
  CC      fs/coredump.o
  CC      net/core/skbuff.o
  CC      drivers/base/power/wakeup.o
  CC      fs/drop_caches.o
  CC      fs/dcookies.o
  LD      fs/built-in.o
  CC      drivers/base/power/opp/core.o
  CC      drivers/block/brd.o
  CC      drivers/base/power/opp/cpu.o
  CC      drivers/block/loop.o
  LD      drivers/base/power/opp/built-in.o
  CC      drivers/base/power/domain.o
  CC      net/core/datagram.o
  CC      drivers/battery_v2/sec_adc.o
  CC      drivers/base/power/domain_governor.o
  CC      drivers/block/zram/zcomp.o
  CC      drivers/base/power/clock_ops.o
  CC      drivers/battery_v2/sec_cisd.o
  CC      net/core/stream.o
  CC      drivers/block/zram/zram_drv.o
  CC      drivers/base/power/boeffla_wl_blocker.o
  LD      drivers/base/power/built-in.o
  CC      drivers/battery_v2/battery_notifier.o
  CC      drivers/base/regmap/regmap.o
  CC      net/core/scm.o
  CC      drivers/battery_v2/max77865_fuelgauge.o
  LD      drivers/block/zram/zram.o
  LD      drivers/block/zram/built-in.o
  LD      drivers/block/built-in.o
  CC      net/ethernet/eth.o
  CC      net/core/gen_stats.o
  LD      net/ethernet/built-in.o
  CC      drivers/base/dma-mapping.o
  CC      net/core/gen_estimator.o
  CC      drivers/battery_v2/max77865_charger.o
  LD      arch/arm64/lib/built-in.o
  AS      arch/arm64/lib/bitops.o
  AS      arch/arm64/lib/clear_page.o
  AS      arch/arm64/lib/clear_user.o
  AS      arch/arm64/lib/copy_from_user.o
  AS      arch/arm64/lib/copy_in_user.o
  CC      drivers/base/regmap/regcache.o
  AS      arch/arm64/lib/copy_page.o
  CC      net/core/net_namespace.o
  AS      arch/arm64/lib/copy_to_user.o
  CC      arch/arm64/lib/delay.o
  AS      arch/arm64/lib/memchr.o
  AS      arch/arm64/lib/memcmp.o
  AS      arch/arm64/lib/memcpy.o
  AS      arch/arm64/lib/memmove.o
  AS      arch/arm64/lib/memset.o
  AS      arch/arm64/lib/strchr.o
  AS      arch/arm64/lib/strcmp.o
  AS      arch/arm64/lib/strlen.o
  AS      arch/arm64/lib/strncmp.o
  AS      arch/arm64/lib/strnlen.o
  AS      arch/arm64/lib/strrchr.o
  AS      arch/arm64/lib/tishift.o
  CC      drivers/base/regmap/regcache-rbtree.o
  AR      arch/arm64/lib/lib.a
  CC      drivers/bluetooth/bcm43xx.o
/home/runner/work/android_kernel_samsung_universal8895/android_kernel_samsung_universal8895/drivers/base/regmap/regcache-rbtree.c: In function ‘regcache_rbtree_insert’:
/home/runner/work/android_kernel_samsung_universal8895/android_kernel_samsung_universal8895/drivers/base/regmap/regcache-rbtree.c:130:22: warning: taking address of packed member of ‘struct regcache_rbtree_node’ may result in an unaligned pointer value [-Waddress-of-packed-member]
  130 |         rb_link_node(&rbnode->node, parent, new);
      |                      ^~~~~~~~~~~~~
/home/runner/work/android_kernel_samsung_universal8895/android_kernel_samsung_universal8895/drivers/base/regmap/regcache-rbtree.c:131:25: warning: taking address of packed member of ‘struct regcache_rbtree_node’ may result in an unaligned pointer value [-Waddress-of-packed-member]
  131 |         rb_insert_color(&rbnode->node, root);
      |                         ^~~~~~~~~~~~~
/home/runner/work/android_kernel_samsung_universal8895/android_kernel_samsung_universal8895/drivers/base/regmap/regcache-rbtree.c: In function ‘regcache_rbtree_exit’:
/home/runner/work/android_kernel_samsung_universal8895/android_kernel_samsung_universal8895/drivers/base/regmap/regcache-rbtree.c:243:32: warning: taking address of packed member of ‘struct regcache_rbtree_node’ may result in an unaligned pointer value [-Waddress-of-packed-member]
  243 |                 next = rb_next(&rbtree_node->node);
      |                                ^~~~~~~~~~~~~~~~~~
/home/runner/work/android_kernel_samsung_universal8895/android_kernel_samsung_universal8895/drivers/base/regmap/regcache-rbtree.c:244:26: warning: taking address of packed member of ‘struct regcache_rbtree_node’ may result in an unaligned pointer value [-Waddress-of-packed-member]
  244 |                 rb_erase(&rbtree_node->node, &rbtree_ctx->root);
      |                          ^~~~~~~~~~~~~~~~~~
  CC      drivers/battery_v2/mfc_charger.o
  CC      net/core/secure_seq.o
  CC      drivers/base/regmap/regcache-lzo.o
  CC      net/core/flow_dissector.o
  LD      drivers/bluetooth/built-in.o
  CC      drivers/bts/cal_bts8895.o
  CC      drivers/base/regmap/regcache-flat.o
  CC      drivers/bts/bts-exynos8895.o
  CC      drivers/base/regmap/regmap-debugfs.o
  CC      net/core/sysctl_net_core.o
  LD      drivers/bts/built-in.o
  CC      net/core/dev.o
  CC      drivers/base/regmap/regmap-i2c.o
  CC      drivers/base/regmap/regmap-spi.o
  CC      net/ipv4/route.o
  CC      drivers/base/regmap/regmap-mmio.o
  LD      drivers/battery_v2/built-in.o
  CC      net/ipv6/af_inet6.o
  CC      drivers/base/regmap/regmap-irq.o
  LD      drivers/base/regmap/built-in.o
  CC      drivers/base/dma-coherent.o
  CC      net/ipv6/anycast.o
  CC      drivers/base/firmware_class.o
  CC      net/ipv6/ip6_output.o
  CC      net/ipv4/inetpeer.o
  CC      drivers/base/soc.o
  CC      drivers/base/pinctrl.o
  CC      net/ipv4/protocol.o
  CC      drivers/base/platform-msi.o
  CC      net/ipv4/ip_input.o
  LD      drivers/base/built-in.o
  LD      drivers/bus/built-in.o
  CC      drivers/ccic/ccic_notifier.o
  CC      net/core/ethtool.o
  CC      drivers/ccic/ccic_sysfs.o
  CC      net/ipv6/ip6_input.o
  CC      net/ipv4/ip_fragment.o
  CC      drivers/ccic/ccic_alternate.o
  CC      net/ipv6/addrconf.o
  CC      net/ipv4/ip_forward.o
  CC      net/core/dev_addr_lists.o
  CC      drivers/ccic/ccic_misc.o
  CC      drivers/ccic/s2mm005_fw.o
  CC      net/ipv4/ip_options.o
  CC      net/core/dst.o
  CC      net/ipv4/ip_output.o
  CC      net/core/netevent.o
  CC      drivers/ccic/s2mm005_cc.o
  CC      net/core/neighbour.o
  CC      drivers/ccic/s2mm005_pd.o
  CC      drivers/ccic/s2mm005.o
  CC      net/ipv6/addrlabel.o
  CC      net/ipv4/ip_sockglue.o
  LD      drivers/ccic/built-in.o
  LD      drivers/cdrom/built-in.o
  CC      drivers/char/mem.o
  CC      net/ipv6/route.o
  CC      drivers/char/random.o
  CC      net/core/rtnetlink.o
  CC      net/ipv4/inet_hashtables.o
  CC      net/ipv4/inet_timewait_sock.o
  CC      drivers/char/misc.o
  CC      net/ipv6/ip6_fib.o
  LD      drivers/char/agp/built-in.o
  CC      drivers/char/hw_random/core.o
  CC      net/core/utils.o
  CC      net/ipv4/inet_connection_sock.o
  CC      drivers/char/hw_random/exyswd-rng.o
  CC      net/core/link_watch.o
  LD      drivers/char/hw_random/rng-core.o
  LD      drivers/char/hw_random/built-in.o
  CC      drivers/char/mst_ctrl.o
  CC      net/ipv6/ipv6_sockglue.o
  LD      drivers/char/built-in.o
  CC      drivers/clk/clk-devres.o
  CC      net/core/filter.o
  CC      net/ipv4/tcp.o
  CC      drivers/clk/clkdev.o
  CC      drivers/clk/clk.o
  CC      net/ipv6/ndisc.o
  CC      net/core/sock_diag.o
/home/runner/work/android_kernel_samsung_universal8895/android_kernel_samsung_universal8895/net/ipv6/ndisc.c: In function ‘ndisc_router_discovery’:
/home/runner/work/android_kernel_samsung_universal8895/android_kernel_samsung_universal8895/net/ipv6/ndisc.c:1352:57: warning: converting a packed ‘struct nd_opt_hdr’ pointer (alignment 1) to a ‘struct route_info’ pointer (alignment 4) may result in an unaligned pointer value [-Waddress-of-packed-member]
 1352 |                         struct route_info *ri = (struct route_info *)p;
      |                                                         ^~~~~~~~~~
In file included from /home/runner/work/android_kernel_samsung_universal8895/android_kernel_samsung_universal8895/include/net/ipv6.h:20,
                 from /home/runner/work/android_kernel_samsung_universal8895/android_kernel_samsung_universal8895/net/ipv6/ndisc.c:57:
/home/runner/work/android_kernel_samsung_universal8895/android_kernel_samsung_universal8895/include/net/ndisc.h:88:8: note: defined here
   88 | struct nd_opt_hdr {
      |        ^~~~~~~~~~
In file included from /home/runner/work/android_kernel_samsung_universal8895/android_kernel_samsung_universal8895/net/ipv6/ndisc.c:60:
/home/runner/work/android_kernel_samsung_universal8895/android_kernel_samsung_universal8895/include/net/ip6_route.h:4:8: note: defined here
    4 | struct route_info {
      |        ^~~~~~~~~~
  CC      net/core/dev_ioctl.o
  CC      net/core/tso.o
  CC      net/ipv6/udp.o
  CC      net/ipv4/tcp_input.o
  CC      drivers/clk/clk-divider.o
  CC      net/core/flow.o
  CC      drivers/clk/clk-fixed-factor.o
  CC      drivers/clk/clk-fixed-rate.o
  CC      drivers/clk/clk-gate.o
  CC      net/core/net-sysfs.o
  CC      drivers/clk/clk-multiplier.o
  CC      net/ipv6/udplite.o
  CC      drivers/clk/clk-mux.o
  CC      drivers/clk/clk-composite.o
  CC      net/ipv6/raw.o
  CC      drivers/clk/clk-fractional-divider.o
  CC      net/core/net-procfs.o
  CC      drivers/clk/clk-gpio.o
  CC      drivers/clk/clk-conf.o
  CC      net/core/fib_rules.o
  CC      drivers/clk/clk-xgene.o
  CC      net/ipv6/icmp.o
  CC      net/ipv4/tcp_output.o
  LD      drivers/clk/bcm/built-in.o
  CC      drivers/clk/samsung/composite.o
  CC      net/core/net-traces.o
  CC      net/ipv6/mcast.o
  CC      drivers/clk/samsung/clk-exynos8895.o
  CC      drivers/clk/samsung/clk-exynos-audss.o
  CC      drivers/clk/samsung/clk-exynos-clkout.o
  CC      net/core/netclassid_cgroup.o
  CC      drivers/clk/samsung/clk-exynos-pwm.o
  CC      net/ipv4/tcp_timer.o
  LD      drivers/clk/samsung/built-in.o
  LD      drivers/clk/built-in.o
  CC      drivers/clocksource/clksrc-probe.o
  LD      net/core/built-in.o
  CC      drivers/cpufreq/cpufreq.o
  CC      drivers/clocksource/exynos_mct.o
  CC      net/ipv6/reassembly.o
  CC      drivers/clocksource/arm_arch_timer.o
  CC      net/ipv4/tcp_ipv4.o
  CC      drivers/clocksource/dummy_timer.o
  CC      net/ipv6/tcp_ipv6.o
  CC      drivers/cpufreq/freq_table.o
  LD      drivers/clocksource/built-in.o
  CC      lib/lockref.o
  CC      drivers/cpufreq/cpufreq_governor_attr_set.o
  CC      lib/bcd.o
  CC      lib/div64.o
  CC      drivers/cpufreq/cpufreq_stats.o
  CC      lib/sort.o
  CC      lib/parser.o
  CC      lib/halfmd4.o
  CC      lib/debug_locks.o
  CC      drivers/cpufreq/cpufreq_performance.o
In file included from /home/runner/work/android_kernel_samsung_universal8895/android_kernel_samsung_universal8895/arch/arm64/include/asm/atomic.h:41,
                 from /home/runner/work/android_kernel_samsung_universal8895/android_kernel_samsung_universal8895/include/linux/atomic.h:4,
                 from /home/runner/work/android_kernel_samsung_universal8895/android_kernel_samsung_universal8895/include/linux/spinlock.h:406,
                 from /home/runner/work/android_kernel_samsung_universal8895/android_kernel_samsung_universal8895/include/linux/rwsem.h:15,
                 from /home/runner/work/android_kernel_samsung_universal8895/android_kernel_samsung_universal8895/lib/debug_locks.c:11:
/home/runner/work/android_kernel_samsung_universal8895/android_kernel_samsung_universal8895/lib/debug_locks.c: In function ‘debug_locks_off’:
/home/runner/work/android_kernel_samsung_universal8895/android_kernel_samsung_universal8895/arch/arm64/include/asm/cmpxchg.h:38:9: warning: array subscript ‘long unsigned int[0]’ is partly outside array bounds of ‘int[1]’ [-Warray-bounds]
   38 |         asm volatile(ARM64_LSE_ATOMIC_INSN(                             \
      |         ^~~
/home/runner/work/android_kernel_samsung_universal8895/android_kernel_samsung_universal8895/arch/arm64/include/asm/cmpxchg.h:72:1: note: in expansion of macro ‘__XCHG_CASE’
   72 | __XCHG_CASE(w,  ,  mb_4, dmb ish, nop,  , a, l, "memory")
      | ^~~~~~~~~~~
/home/runner/work/android_kernel_samsung_universal8895/android_kernel_samsung_universal8895/lib/debug_locks.c:24:5: note: while referencing ‘debug_locks’
   24 | int debug_locks = 1;
      |     ^~~~~~~~~~~
In file included from /home/runner/work/android_kernel_samsung_universal8895/android_kernel_samsung_universal8895/arch/arm64/include/asm/atomic.h:41,
                 from /home/runner/work/android_kernel_samsung_universal8895/android_kernel_samsung_universal8895/include/linux/atomic.h:4,
                 from /home/runner/work/android_kernel_samsung_universal8895/android_kernel_samsung_universal8895/include/linux/spinlock.h:406,
                 from /home/runner/work/android_kernel_samsung_universal8895/android_kernel_samsung_universal8895/include/linux/rwsem.h:15,
                 from /home/runner/work/android_kernel_samsung_universal8895/android_kernel_samsung_universal8895/lib/debug_locks.c:11:
/home/runner/work/android_kernel_samsung_universal8895/android_kernel_samsung_universal8895/arch/arm64/include/asm/cmpxchg.h:38:9: warning: array subscript ‘long unsigned int[0]’ is partly outside array bounds of ‘int[1]’ [-Warray-bounds]
   38 |         asm volatile(ARM64_LSE_ATOMIC_INSN(                             \
      |         ^~~
/home/runner/work/android_kernel_samsung_universal8895/android_kernel_samsung_universal8895/arch/arm64/include/asm/cmpxchg.h:72:1: note: in expansion of macro ‘__XCHG_CASE’
   72 | __XCHG_CASE(w,  ,  mb_4, dmb ish, nop,  , a, l, "memory")
      | ^~~~~~~~~~~
/home/runner/work/android_kernel_samsung_universal8895/android_kernel_samsung_universal8895/lib/debug_locks.c:24:5: note: while referencing ‘debug_locks’
   24 | int debug_locks = 1;
      |     ^~~~~~~~~~~
  CC      lib/random32.o
  CC      net/ipv4/tcp_minisocks.o
  CC      drivers/cpufreq/cpufreq_userspace.o
  CC      lib/bust_spinlocks.o
  CC      drivers/cpufreq/cpufreq_interactive.o
  CC      net/ipv6/ping.o
  CC      lib/kasprintf.o
  CC      lib/bitmap.o
  CC      net/ipv4/tcp_cong.o
  CC      net/ipv6/exthdrs.o
  CC      lib/scatterlist.o
/home/runner/work/android_kernel_samsung_universal8895/android_kernel_samsung_universal8895/net/ipv6/exthdrs.c: In function ‘ipv6_dest_hao’:
/home/runner/work/android_kernel_samsung_universal8895/android_kernel_samsung_universal8895/net/ipv6/exthdrs.c:201:30: warning: taking address of packed member of ‘struct ipv6_destopt_hao’ may result in an unaligned pointer value [-Waddress-of-packed-member]
  201 |         if (!(ipv6_addr_type(&hao->addr) & IPV6_ADDR_UNICAST)) {
      |                              ^~~~~~~~~~
/home/runner/work/android_kernel_samsung_universal8895/android_kernel_samsung_universal8895/net/ipv6/exthdrs.c:208:50: warning: taking address of packed member of ‘struct ipv6_destopt_hao’ may result in an unaligned pointer value [-Waddress-of-packed-member]
  208 |                                (xfrm_address_t *)&hao->addr, IPPROTO_DSTOPTS);
      |                                                  ^~~~~~~~~~
  CC      net/ipv4/tcp_metrics.o
  CC      lib/gcd.o
  CC      lib/lcm.o
  CC      lib/list_sort.o
  CC      drivers/cpufreq/cpufreq_blu_active.o
  CC      lib/uuid.o
  CC      lib/flex_array.o
  CC      net/ipv6/datagram.o
  CC      lib/iov_iter.o
  CC      drivers/cpufreq/exynos-acme.o
  CC      net/ipv4/tcp_fastopen.o
  CC      net/ipv6/ip6_flowlabel.o
  CC      lib/clz_ctz.o
  CC      net/ipv4/tcp_recovery.o
  CC      lib/bsearch.o
  CC      lib/find_bit.o
  CC      drivers/cpufreq/exynos-ufc.o
  CC      lib/llist.o
  CC      lib/memweight.o
  CC      lib/kfifo.o
  CC      net/ipv6/inet6_connection_sock.o
  CC      net/ipv4/tcp_offload.o
  LD      drivers/cpufreq/built-in.o
  CC      drivers/cpuidle/cpuidle.o
  CC      lib/percpu-refcount.o
  CC      net/ipv6/sysctl_net_ipv6.o
  CC      lib/percpu_ida.o
  CC      drivers/cpuidle/driver.o
  CC      net/ipv4/datagram.o
  CC      lib/rhashtable.o
  CC      drivers/cpuidle/governor.o
  CC      net/ipv6/xfrm6_policy.o
  CC      drivers/cpuidle/sysfs.o
  CC      net/ipv4/raw.o
  CC      lib/reciprocal_div.o
  CC      drivers/cpuidle/governors/ladder.o
  CC      lib/once.o
  CC      net/ipv6/xfrm6_state.o
  CC      lib/string_helpers.o
  CC      drivers/cpuidle/governors/menu.o
  CC      lib/hexdump.o
  LD      drivers/cpuidle/governors/built-in.o
  CC      drivers/cpuidle/dt_idle_states.o
  CC      lib/kstrtox.o
  CC      net/ipv6/xfrm6_input.o
  CC      net/ipv4/udp.o
  CC      drivers/cpuidle/cpuidle-exynos64.o
  CC      lib/pci_iomap.o
  LD      drivers/cpuidle/built-in.o
  CC      net/ipv6/xfrm6_output.o
  CC      drivers/crypto/fmp/fmp_ufs.o
  CC      lib/iomap_copy.o
/home/runner/work/android_kernel_samsung_universal8895/android_kernel_samsung_universal8895/net/ipv4/udp.c: In function ‘__udp4_lib_rcv’:
/home/runner/work/android_kernel_samsung_universal8895/android_kernel_samsung_universal8895/net/ipv4/udp.c:1802:44: warning: unused variable ‘tuple’ [-Wunused-variable]
 1802 |                 struct nf_conntrack_tuple *tuple = NULL;
      |                                            ^~~~~
/home/runner/work/android_kernel_samsung_universal8895/android_kernel_samsung_universal8895/net/ipv4/udp.c:1801:40: warning: unused variable ‘ctinfo’ [-Wunused-variable]
 1801 |                 enum ip_conntrack_info ctinfo;
      |                                        ^~~~~~
/home/runner/work/android_kernel_samsung_universal8895/android_kernel_samsung_universal8895/net/ipv4/udp.c:1800:33: warning: unused variable ‘ct’ [-Wunused-variable]
 1800 |                 struct nf_conn *ct = NULL;
      |                                 ^~
  CC      lib/devres.o
In file included from /home/runner/work/android_kernel_samsung_universal8895/android_kernel_samsung_universal8895/include/linux/igmp.h:18,
                 from /home/runner/work/android_kernel_samsung_universal8895/android_kernel_samsung_universal8895/net/ipv4/udp.c:92:
/home/runner/work/android_kernel_samsung_universal8895/android_kernel_samsung_universal8895/net/ipv4/udp.c: In function ‘first_packet_length’:
/home/runner/work/android_kernel_samsung_universal8895/android_kernel_samsung_universal8895/include/linux/skbuff.h:1604:9: warning: array subscript ‘struct sk_buff[0]’ is partly outside array bounds of ‘struct sk_buff_head[1]’ [-Warray-bounds]
 1604 |         __skb_insert(newsk, next->prev, next, list);
      |         ^~~~~~~~~~~~~~~~~~~~~~~~~~~~~~~~~~~~~~~~~~~
/home/runner/work/android_kernel_samsung_universal8895/android_kernel_samsung_universal8895/net/ipv4/udp.c:1200:29: note: while referencing ‘list_kill’
 1200 |         struct sk_buff_head list_kill, *rcvq = &sk->sk_receive_queue;
      |                             ^~~~~~~~~
In file included from /home/runner/work/android_kernel_samsung_universal8895/android_kernel_samsung_universal8895/include/linux/igmp.h:18,
                 from /home/runner/work/android_kernel_samsung_universal8895/android_kernel_samsung_universal8895/net/ipv4/udp.c:92:
/home/runner/work/android_kernel_samsung_universal8895/android_kernel_samsung_universal8895/include/linux/skbuff.h:1498:21: warning: array subscript ‘struct sk_buff[0]’ is partly outside array bounds of ‘struct sk_buff_head[1]’ [-Warray-bounds]
 1498 |         next->prev  = prev->next = newsk;
      |         ~~~~~~~~~~~~^~~~~~~~~~~~~~~~~~~~
/home/runner/work/android_kernel_samsung_universal8895/android_kernel_samsung_universal8895/net/ipv4/udp.c:1200:29: note: while referencing ‘list_kill’
 1200 |         struct sk_buff_head list_kill, *rcvq = &sk->sk_receive_queue;
      |                             ^~~~~~~~~
  CC      drivers/crypto/fmp/fmp_derive_iv.o
  CC      lib/hweight.o
  CC      net/ipv6/xfrm6_protocol.o
  CC      lib/assoc_array.o
  LD      drivers/crypto/fmp/built-in.o
  LD      drivers/crypto/built-in.o
  CC      drivers/devfreq/devfreq.o
  CC      net/ipv6/netfilter.o
  CC      lib/bitrev.o
  CC      lib/rational.o
  CC      lib/crc16.o
  CC      drivers/devfreq/governor_simpleinteractive.o
  HOSTCC  lib/gen_crc32table
  CC      net/ipv4/udplite.o
  CC      lib/libcrc32c.o
  CC      drivers/devfreq/exynos/exynos-devfreq.o
  CC      lib/genalloc.o
  CC      net/ipv6/fib6_rules.o
  CC      net/ipv4/udp_offload.o
  CC      lib/lz4/lz4_compress.o
  CC      net/ipv6/proc.o
  CC      net/ipv4/arp.o
  CC      drivers/devfreq/exynos/exynos8895_bus_mif.o
  CC      net/ipv6/ah6.o
  CC      drivers/devfreq/exynos/exynos8895_bus_int.o
  CC      drivers/devfreq/exynos/exynos8895_bus_disp.o
  CC      net/ipv4/icmp.o
  CC      net/ipv6/esp6.o
  CC      drivers/devfreq/exynos/exynos8895_bus_cam.o
  CC      drivers/devfreq/exynos/exynos8895_bus_intcam.o
  CC      lib/lz4/lz4_decompress.o
  LD      drivers/devfreq/exynos/built-in.o
  LD      drivers/devfreq/built-in.o
  CC      drivers/dma/dmaengine.o
  CC      net/ipv6/ipcomp6.o
  CC      net/ipv4/devinet.o
  CC      net/ipv6/xfrm6_tunnel.o
  CC      drivers/dma/acpi-dma.o
  LD      lib/lz4/built-in.o
  CC      lib/lzo/lzo1x_compress.o
  CC      drivers/dma/of-dma.o
  CC      net/ipv6/tunnel6.o
  CC      lib/lzo/lzo1x_decompress_safe.o
  CC      drivers/dma/pl330.o
  CC      net/ipv4/af_inet.o
  LD      lib/lzo/lzo_compress.o
  LD      lib/lzo/lzo_decompress.o
  LD      lib/lzo/built-in.o
  CC      lib/reed_solomon/reed_solomon.o
  CC      net/ipv6/xfrm6_mode_transport.o
  LD      lib/reed_solomon/built-in.o
  CC      lib/xz/xz_dec_syms.o
  CC      net/ipv6/xfrm6_mode_tunnel.o
  CC      lib/xz/xz_dec_stream.o
  CC      lib/xz/xz_dec_lzma2.o
  CC      net/ipv4/igmp.o
  CC      drivers/dma/samsung-dma.o
  CC      net/ipv6/xfrm6_mode_beet.o
  LD      drivers/dma/xilinx/built-in.o
  LD      drivers/dma/built-in.o
  CC      lib/xz/xz_dec_bcj.o
  CC      drivers/dma-buf/dma-buf.o
  CC      net/ipv6/mip6.o
  LD      lib/xz/xz_dec.o
  LD      lib/xz/built-in.o
  CC      lib/zlib_deflate/deflate.o
  CC      drivers/dma-buf/fence.o
/home/runner/work/android_kernel_samsung_universal8895/android_kernel_samsung_universal8895/net/ipv6/mip6.c: In function ‘mip6_destopt_reject’:
/home/runner/work/android_kernel_samsung_universal8895/android_kernel_samsung_universal8895/net/ipv6/mip6.c:234:41: warning: taking address of packed member of ‘struct ipv6_destopt_hao’ may result in an unaligned pointer value [-Waddress-of-packed-member]
  234 |                                   hao ? &hao->addr : &ipv6_hdr(skb)->saddr,
      |                                         ^~~~~~~~~~
/home/runner/work/android_kernel_samsung_universal8895/android_kernel_samsung_universal8895/net/ipv6/mip6.c:256:50: warning: taking address of packed member of ‘struct ipv6_destopt_hao’ may result in an unaligned pointer value [-Waddress-of-packed-member]
  256 |                         (hao ? (xfrm_address_t *)&hao->addr : NULL));
      |                                                  ^~~~~~~~~~
  CC      lib/zlib_deflate/deftree.o
  CC      net/ipv6/netfilter/ip6_tables.o
  CC      net/ipv4/fib_frontend.o
  CC      drivers/dma-buf/reservation.o
  CC      lib/zlib_deflate/deflate_syms.o
  LD      lib/zlib_deflate/zlib_deflate.o
  LD      lib/zlib_deflate/built-in.o
  CC      lib/zlib_inflate/inffast.o
  CC      lib/zlib_inflate/inflate.o
  CC      drivers/dma-buf/seqno-fence.o
  LD      drivers/dma-buf/built-in.o
  CC      drivers/fingerprint/fingerprint_sysfs.o
  CC      net/ipv6/netfilter/ip6table_filter.o
  CC      lib/zlib_inflate/infutil.o
  CC      net/ipv4/fib_semantics.o
  CC      drivers/fingerprint/vfs8xxx.o
  CC      lib/zlib_inflate/inftrees.o
  CC      lib/zlib_inflate/inflate_syms.o
  CC      net/ipv6/netfilter/ip6table_mangle.o
  LD      lib/zlib_inflate/zlib_inflate.o
  LD      lib/zlib_inflate/built-in.o
  CC      lib/textsearch.o
  CC      lib/ts_kmp.o
  LD      drivers/fingerprint/built-in.o
  LD      drivers/firewire/built-in.o
  CC      drivers/firmware/psci.o
  CC      net/ipv6/netfilter/ip6table_raw.o
  CC      lib/ts_bm.o
  CC      net/ipv4/fib_trie.o
  CC      lib/ts_fsm.o
  LD      drivers/firmware/broadcom/built-in.o
  LD      drivers/firmware/built-in.o
  CC      drivers/gpio/devres.o
  CC      net/ipv6/netfilter/ip6table_nat.o
  CC      lib/percpu_counter.o
  CC      drivers/gpio/gpiolib.o
  CC      lib/audit.o
  CC      net/ipv6/netfilter/nf_conntrack_l3proto_ipv6.o
  CC      lib/compat_audit.o
  CC      lib/swiotlb.o
  CC      net/ipv4/inet_fragment.o
  CC      net/ipv6/netfilter/nf_conntrack_proto_icmpv6.o
  CC      drivers/gpio/gpiolib-legacy.o
  CC      lib/iommu-helper.o
  CC      lib/iommu-common.o
  CC      net/ipv4/ping.o
  CC      drivers/gpio/gpiolib-of.o
  CC      net/ipv6/netfilter/nf_nat_l3proto_ipv6.o
  CC      lib/syscall.o
  CC      drivers/gpio/gpiolib-sysfs.o
In file included from /home/runner/work/android_kernel_samsung_universal8895/android_kernel_samsung_universal8895/lib/syscall.c:4:
In function ‘syscall_get_arguments’,
    inlined from ‘collect_syscall’ at /home/runner/work/android_kernel_samsung_universal8895/android_kernel_samsung_universal8895/lib/syscall.c:19:3:
/home/runner/work/android_kernel_samsung_universal8895/android_kernel_samsung_universal8895/arch/arm64/include/asm/syscall.h:73:17: warning: ‘memset’ offset [48, 55] is out of the bounds [0, 48] [-Warray-bounds]
   73 |                 memset(args_bad, 0, n_bad * sizeof(args[0]));
      |                 ^~~~~~~~~~~~~~~~~~~~~~~~~~~~~~~~~~~~~~~~~~~~
  CC      lib/nlattr.o
  CC      net/ipv6/netfilter/nf_nat_proto_icmpv6.o
  CC      net/ipv4/ip_tunnel_core.o
  CC      drivers/gpio/gpiolib-acpi.o
  CC      lib/checksum.o
  CC      lib/cpu_rmap.o
  CC      net/ipv6/netfilter/nf_nat_masquerade_ipv6.o
  CC      lib/dynamic_queue_limits.o
  LD      drivers/gpio/built-in.o
  CC      drivers/gps/sec_gps_bcm47531.o
  CC      lib/strncpy_from_user.o
  CC      net/ipv4/gre_offload.o
  CC      net/ipv6/netfilter/nf_defrag_ipv6_hooks.o
  CC      lib/strnlen_user.o
  LD      drivers/gps/built-in.o
  CC      drivers/gpu/arm/b_r16p0/mali_kbase_device.o
  CC      lib/net_utils.o
  CC      net/ipv4/ip_tunnel.o
  CC      net/ipv6/netfilter/nf_conntrack_reasm.o
  CC      lib/argv_split.o
  CC      lib/bug.o
  CC      drivers/gpu/arm/b_r16p0/mali_kbase_cache_policy.o
  CC      lib/cmdline.o
  CC      lib/cpumask.o
  CC      drivers/gpu/arm/b_r16p0/mali_kbase_mem.o
  CC      net/ipv6/netfilter/nf_log_ipv6.o
  CC      lib/ctype.o
  CC      lib/dec_and_lock.o
  CC      lib/decompress.o
  CC      lib/decompress_bunzip2.o
  CC      net/ipv4/sysctl_net_ipv4.o
  CC      lib/decompress_inflate.o
  CC      net/ipv6/netfilter/nf_reject_ipv6.o
  CC      lib/decompress_unlz4.o
  CC      net/ipv4/sysfs_net_ipv4.o
  CC      lib/decompress_unlzma.o
  CC      net/ipv6/netfilter/ip6t_rpfilter.o
  CC      drivers/gpu/arm/b_r16p0/mali_kbase_mmu.o
  CC      lib/decompress_unlzo.o
  CC      net/ipv4/proc.o
  CC      net/ipv6/netfilter/ip6t_MASQUERADE.o
  CC      lib/decompress_unxz.o
  CC      lib/dump_stack.o
  CC      net/ipv6/netfilter/ip6t_REJECT.o
In file included from /home/runner/work/android_kernel_samsung_universal8895/android_kernel_samsung_universal8895/arch/arm64/include/asm/atomic.h:36,
                 from /home/runner/work/android_kernel_samsung_universal8895/android_kernel_samsung_universal8895/include/linux/atomic.h:4,
                 from /home/runner/work/android_kernel_samsung_universal8895/android_kernel_samsung_universal8895/include/linux/spinlock.h:406,
                 from /home/runner/work/android_kernel_samsung_universal8895/android_kernel_samsung_universal8895/include/linux/seqlock.h:35,
                 from /home/runner/work/android_kernel_samsung_universal8895/android_kernel_samsung_universal8895/include/linux/time.h:5,
                 from /home/runner/work/android_kernel_samsung_universal8895/android_kernel_samsung_universal8895/include/uapi/linux/timex.h:56,
                 from /home/runner/work/android_kernel_samsung_universal8895/android_kernel_samsung_universal8895/include/linux/timex.h:56,
                 from /home/runner/work/android_kernel_samsung_universal8895/android_kernel_samsung_universal8895/include/linux/sched.h:19,
                 from /home/runner/work/android_kernel_samsung_universal8895/android_kernel_samsung_universal8895/lib/dump_stack.c:8:
/home/runner/work/android_kernel_samsung_universal8895/android_kernel_samsung_universal8895/lib/dump_stack.c: In function ‘dump_stack’:
/home/runner/work/android_kernel_samsung_universal8895/android_kernel_samsung_universal8895/arch/arm64/include/asm/atomic_ll_sc.h:197:9: warning: array subscript ‘long unsigned int[0]’ is partly outside array bounds of ‘atomic_t[1]’ [-Warray-bounds]
  197 |         asm volatile(                                                   \
      |         ^~~
/home/runner/work/android_kernel_samsung_universal8895/android_kernel_samsung_universal8895/arch/arm64/include/asm/atomic_ll_sc.h:230:1: note: in expansion of macro ‘__CMPXCHG_CASE’
  230 | __CMPXCHG_CASE(w,  ,  mb_4, dmb ish,  , l, "memory")
      | ^~~~~~~~~~~~~~
/home/runner/work/android_kernel_samsung_universal8895/android_kernel_samsung_universal8895/lib/dump_stack.c:24:17: note: while referencing ‘dump_lock’
   24 | static atomic_t dump_lock = ATOMIC_INIT(-1);
      |                 ^~~~~~~~~
In file included from /home/runner/work/android_kernel_samsung_universal8895/android_kernel_samsung_universal8895/arch/arm64/include/asm/atomic.h:36,
                 from /home/runner/work/android_kernel_samsung_universal8895/android_kernel_samsung_universal8895/include/linux/atomic.h:4,
                 from /home/runner/work/android_kernel_samsung_universal8895/android_kernel_samsung_universal8895/include/linux/spinlock.h:406,
                 from /home/runner/work/android_kernel_samsung_universal8895/android_kernel_samsung_universal8895/include/linux/seqlock.h:35,
                 from /home/runner/work/android_kernel_samsung_universal8895/android_kernel_samsung_universal8895/include/linux/time.h:5,
                 from /home/runner/work/android_kernel_samsung_universal8895/android_kernel_samsung_universal8895/include/uapi/linux/timex.h:56,
                 from /home/runner/work/android_kernel_samsung_universal8895/android_kernel_samsung_universal8895/include/linux/timex.h:56,
                 from /home/runner/work/android_kernel_samsung_universal8895/android_kernel_samsung_universal8895/include/linux/sched.h:19,
                 from /home/runner/work/android_kernel_samsung_universal8895/android_kernel_samsung_universal8895/lib/dump_stack.c:8:
/home/runner/work/android_kernel_samsung_universal8895/android_kernel_samsung_universal8895/arch/arm64/include/asm/atomic_ll_sc.h:197:9: warning: array subscript ‘long unsigned int[0]’ is partly outside array bounds of ‘atomic_t[1]’ [-Warray-bounds]
  197 |         asm volatile(                                                   \
      |         ^~~
/home/runner/work/android_kernel_samsung_universal8895/android_kernel_samsung_universal8895/arch/arm64/include/asm/atomic_ll_sc.h:230:1: note: in expansion of macro ‘__CMPXCHG_CASE’
  230 | __CMPXCHG_CASE(w,  ,  mb_4, dmb ish,  , l, "memory")
      | ^~~~~~~~~~~~~~
/home/runner/work/android_kernel_samsung_universal8895/android_kernel_samsung_universal8895/lib/dump_stack.c:24:17: note: while referencing ‘dump_lock’
   24 | static atomic_t dump_lock = ATOMIC_INIT(-1);
      |                 ^~~~~~~~~
  CC      net/ipv4/fib_rules.o
  CC      lib/earlycpio.o
  CC      lib/extable.o
  CC      drivers/gpu/arm/b_r16p0/mali_kbase_ctx_sched.o
  CC      lib/fdt.o
  CC      lib/fdt_empty_tree.o
  LD      net/ipv6/netfilter/nf_conntrack_ipv6.o
  LD      net/ipv6/netfilter/nf_nat_ipv6.o
  LD      net/ipv6/netfilter/nf_defrag_ipv6.o
  LD      net/ipv6/netfilter/built-in.o
  CC      net/ipv6/sit.o
  CC      lib/fdt_ro.o
  CC      drivers/gpu/arm/b_r16p0/mali_kbase_jd.o
  CC      net/ipv4/udp_tunnel.o
  CC      lib/fdt_rw.o
  CC      lib/fdt_strerror.o
  CC      lib/fdt_sw.o
  CC      net/ipv4/ah4.o
  CC      lib/fdt_wip.o
  CC      drivers/gpu/arm/b_r16p0/mali_kbase_jd_debugfs.o
  CC      lib/flex_proportions.o
  CC      lib/idr.o
  CC      net/ipv6/ip6_tunnel.o
  CC      drivers/gpu/arm/b_r16p0/mali_kbase_jm.o
  CC      net/ipv4/esp4.o
/home/runner/work/android_kernel_samsung_universal8895/android_kernel_samsung_universal8895/net/ipv6/ip6_tunnel.c: In function ‘ip6_tnl_parse_tlv_enc_lim’:
/home/runner/work/android_kernel_samsung_universal8895/android_kernel_samsung_universal8895/net/ipv6/ip6_tunnel.c:496:61: warning: converting a packed ‘struct ipv6_opt_hdr’ pointer (alignment 1) to a ‘struct frag_hdr’ pointer (alignment 4) may result in an unaligned pointer value [-Waddress-of-packed-member]
  496 |                         struct frag_hdr *frag_hdr = (struct frag_hdr *) hdr;
      |                                                             ^~~~~~~~
In file included from /home/runner/work/android_kernel_samsung_universal8895/android_kernel_samsung_universal8895/include/linux/ipv6.h:4,
                 from /home/runner/work/android_kernel_samsung_universal8895/android_kernel_samsung_universal8895/include/net/ipv6.h:16,
                 from /home/runner/work/android_kernel_samsung_universal8895/android_kernel_samsung_universal8895/include/net/inetpeer.h:15,
                 from /home/runner/work/android_kernel_samsung_universal8895/android_kernel_samsung_universal8895/include/net/route.h:28,
                 from /home/runner/work/android_kernel_samsung_universal8895/android_kernel_samsung_universal8895/include/net/ip.h:31,
                 from /home/runner/work/android_kernel_samsung_universal8895/android_kernel_samsung_universal8895/net/ipv6/ip6_tunnel.c:49:
/home/runner/work/android_kernel_samsung_universal8895/android_kernel_samsung_universal8895/include/uapi/linux/ipv6.h:59:8: note: defined here
   59 | struct ipv6_opt_hdr {
      |        ^~~~~~~~~~~~
In file included from /home/runner/work/android_kernel_samsung_universal8895/android_kernel_samsung_universal8895/include/net/inetpeer.h:15,
                 from /home/runner/work/android_kernel_samsung_universal8895/android_kernel_samsung_universal8895/include/net/route.h:28,
                 from /home/runner/work/android_kernel_samsung_universal8895/android_kernel_samsung_universal8895/include/net/ip.h:31,
                 from /home/runner/work/android_kernel_samsung_universal8895/android_kernel_samsung_universal8895/net/ipv6/ip6_tunnel.c:49:
/home/runner/work/android_kernel_samsung_universal8895/android_kernel_samsung_universal8895/include/net/ipv6.h:105:8: note: defined here
  105 | struct frag_hdr {
      |        ^~~~~~~~
  CC      drivers/gpu/arm/b_r16p0/mali_kbase_gpuprops.o
  CC      lib/int_sqrt.o
  CC      lib/ioremap.o
  CC      lib/irq_regs.o
  CC      lib/is_single_threaded.o
  CC      drivers/gpu/arm/b_r16p0/mali_kbase_js.o
  CC      lib/klist.o
  CC      net/ipv4/ipcomp.o
  CC      lib/kobject.o
  CC      net/ipv6/addrconf_core.o
  CC      net/ipv4/xfrm4_tunnel.o
  CC      lib/kobject_uevent.o
  CC      net/ipv6/exthdrs_core.o
  CC      drivers/gpu/arm/b_r16p0/mali_kbase_js_ctx_attr.o
  CC      net/ipv4/xfrm4_mode_beet.o
  CC      lib/md5.o
  CC      net/ipv6/ip6_checksum.o
  CC      lib/nmi_backtrace.o
  CC      drivers/gpu/arm/b_r16p0/mali_kbase_event.o
  CC      lib/plist.o
  CC      net/ipv4/tunnel4.o
  CC      lib/proportions.o
  CC      drivers/gpu/arm/b_r16p0/mali_kbase_context.o
  CC      net/ipv6/ip6_icmp.o
  CC      lib/radix-tree.o
  CC      net/ipv4/xfrm4_mode_transport.o
  CC      drivers/gpu/arm/b_r16p0/mali_kbase_pm.o
  CC      net/ipv6/output_core.o
  CC      lib/ratelimit.o
  CC      lib/rbtree.o
  CC      drivers/gpu/arm/b_r16p0/mali_kbase_config.o
  CC      net/ipv4/xfrm4_mode_tunnel.o
  CC      net/ipv6/protocol.o
  CC      lib/seq_buf.o
  CC      drivers/gpu/arm/b_r16p0/mali_kbase_vinstr.o
  CC      lib/sha1.o
  CC      net/ipv4/ipconfig.o
  CC      net/ipv6/ip6_offload.o
  CC      drivers/gpu/arm/b_r16p0/mali_kbase_hwcnt.o
  CC      lib/show_mem.o
  CC      lib/string.o
  CC      drivers/gpu/arm/b_r16p0/mali_kbase_hwcnt_backend_gpu.o
  CC      lib/timerqueue.o
  CC      net/ipv6/tcpv6_offload.o
  CC      lib/vsprintf.o
  CC      net/ipv4/netfilter.o
  CC      drivers/gpu/arm/b_r16p0/mali_kbase_hwcnt_gpu.o
  CC      net/ipv6/udp_offload.o
  CC      net/ipv4/netfilter/nf_conntrack_l3proto_ipv4_compat.o
/home/runner/work/android_kernel_samsung_universal8895/android_kernel_samsung_universal8895/lib/vsprintf.c: In function ‘vsnprintf’:
/home/runner/work/android_kernel_samsung_universal8895/android_kernel_samsung_universal8895/lib/vsprintf.c:1982:33: warning: writing 1 byte into a region of size 0 [-Wstringop-overflow=]
 1982 |                         end[-1] = '\0';
      |                         ~~~~~~~~^~~~~~
/home/runner/work/android_kernel_samsung_universal8895/android_kernel_samsung_universal8895/lib/vsprintf.c:1837:21: note: at offset [-9223372036854775808, 9223372036854775806] into destination object ‘buf’ of size [0, 9223372036854775807]
 1837 | int vsnprintf(char *buf, size_t size, const char *fmt, va_list args)
      |               ~~~~~~^~~
  CC      drivers/gpu/arm/b_r16p0/mali_kbase_hwcnt_legacy.o
  CC      net/ipv6/exthdrs_offload.o
/home/runner/work/android_kernel_samsung_universal8895/android_kernel_samsung_universal8895/lib/vsprintf.c: In function ‘bstr_printf’:
/home/runner/work/android_kernel_samsung_universal8895/android_kernel_samsung_universal8895/lib/vsprintf.c:2418:33: warning: writing 1 byte into a region of size 0 [-Wstringop-overflow=]
 2418 |                         end[-1] = '\0';
      |                         ~~~~~~~~^~~~~~
/home/runner/work/android_kernel_samsung_universal8895/android_kernel_samsung_universal8895/lib/vsprintf.c:2268:23: note: at offset [-9223372036854775808, 9223372036854775806] into destination object ‘buf’ of size [0, 9223372036854775807]
 2268 | int bstr_printf(char *buf, size_t size, const char *fmt, const u32 *bin_buf)
      |                 ~~~~~~^~~
  CC      drivers/gpu/arm/b_r16p0/mali_kbase_hwcnt_types.o
  GEN     lib/crc32table.h
  AR      lib/lib.a
  CC      net/ipv4/netfilter/nf_conntrack_l3proto_ipv4.o
  CC      lib/crc32.o
  CC      net/ipv6/inet6_hashtables.o
  CC      drivers/gpu/arm/b_r16p0/mali_kbase_hwcnt_virtualizer.o
  LD      lib/built-in.o
  LD      drivers/gpu/drm/bridge/built-in.o
  LD      drivers/gpu/drm/i2c/built-in.o
  LD      drivers/gpu/drm/panel/built-in.o
  CC      net/ipv4/netfilter/nf_conntrack_proto_icmp.o
  LD      drivers/gpu/drm/tilcdc/built-in.o
  LD      drivers/gpu/drm/built-in.o
  CC      net/key/af_key.o
  CC      net/ipv6/ip6_udp_tunnel.o
  CC      drivers/gpu/arm/b_r16p0/mali_kbase_softjobs.o
  CC      net/ipv4/netfilter/nf_nat_l3proto_ipv4.o
  CC      net/ipv6/mcast_snoop.o
  CC      drivers/gpu/arm/b_r16p0/mali_kbase_10969_workaround.o
  LD      net/ipv6/ipv6.o
  CC      net/ipv4/netfilter/nf_nat_proto_icmp.o
  LD      net/ipv6/built-in.o
  CC      drivers/gud/gud-exynos8895_kinibi400/MobiCoreDriver/admin.o
  CC      drivers/gpu/arm/b_r16p0/mali_kbase_hw.o
  CC      net/ipv4/netfilter/nf_defrag_ipv4.o
  LD      net/key/built-in.o
  CC      net/ipv4/inet_diag.o
  CC      drivers/gud/gud-exynos8895_kinibi400/MobiCoreDriver/client.o
  CC      drivers/gpu/arm/b_r16p0/mali_kbase_debug.o
  CC      net/ipv4/netfilter/nf_log_ipv4.o
  CC      drivers/gpu/arm/b_r16p0/mali_kbase_gpu_memory_debugfs.o
  CC      net/ipv4/tcp_diag.o
  CC      drivers/gpu/arm/b_r16p0/mali_kbase_mem_linux.o
  CC      net/ipv4/netfilter/nf_reject_ipv4.o
  CC      drivers/gud/gud-exynos8895_kinibi400/MobiCoreDriver/clientlib.o
  LD      virt/lib/built-in.o
  LD      virt/built-in.o
  CC      drivers/gpu/vga/vgaarb.o
  CC      drivers/gud/gud-exynos8895_kinibi400/MobiCoreDriver/clock.o
  CC      drivers/gud/gud-exynos8895_kinibi400/MobiCoreDriver/fastcall.o
  CC      net/ipv4/netfilter/nf_nat_h323.o
  CC      drivers/gud/gud-exynos8895_kinibi400/MobiCoreDriver/iwp.o
  CC      drivers/gpu/arm/b_r16p0/mali_kbase_core_linux.o
  LD      drivers/gpu/vga/built-in.o
  CC      drivers/hid/hid-core.o
  CC      net/ipv4/netfilter/nf_nat_pptp.o
  CC      drivers/gud/gud-exynos8895_kinibi400/MobiCoreDriver/logging.o
  CC      drivers/gud/gud-exynos8895_kinibi400/MobiCoreDriver/main.o
  CC      net/ipv4/netfilter/nf_nat_masquerade_ipv4.o
  CC      drivers/gud/gud-exynos8895_kinibi400/MobiCoreDriver/mcp.o
  CC      drivers/hid/hid-input.o
  CC      net/ipv4/netfilter/nf_nat_proto_gre.o
  CC      drivers/gud/gud-exynos8895_kinibi400/MobiCoreDriver/mmu.o
  CC      drivers/gpu/arm/b_r16p0/mali_kbase_replay.o
  CC      net/ipv4/netfilter/ip_tables.o
  CC      drivers/gud/gud-exynos8895_kinibi400/MobiCoreDriver/nq.o
  CC      drivers/gpu/arm/b_r16p0/mali_kbase_mem_profile_debugfs.o
  CC      drivers/gud/gud-exynos8895_kinibi400/MobiCoreDriver/pm.o
  CC      drivers/gud/gud-exynos8895_kinibi400/MobiCoreDriver/scheduler.o
  CC      drivers/hid/hid-debug.o
  CC      drivers/gpu/arm/b_r16p0/mali_kbase_mmu_mode_lpae.o
  CC      drivers/gud/gud-exynos8895_kinibi400/MobiCoreDriver/session.o
  CC      drivers/gpu/arm/b_r16p0/mali_kbase_mmu_mode_aarch64.o
  CC      net/ipv4/netfilter/iptable_filter.o
  CC      drivers/hid/hidraw.o
  CC      drivers/gpu/arm/b_r16p0/mali_kbase_disjoint_events.o
  CC      drivers/gud/gud-exynos8895_kinibi400/MobiCoreDriver/teeclientapi.o
  CC      net/ipv4/netfilter/iptable_mangle.o
  CC      drivers/hid/uhid.o
  CC      drivers/gpu/arm/b_r16p0/mali_kbase_gator_api.o
  CC      drivers/gud/gud-exynos8895_kinibi400/MobiCoreDriver/user.o
/home/runner/work/android_kernel_samsung_universal8895/android_kernel_samsung_universal8895/drivers/hid/uhid.c: In function ‘uhid_hid_get_report’:
/home/runner/work/android_kernel_samsung_universal8895/android_kernel_samsung_universal8895/drivers/hid/uhid.c:256:54: warning: taking address of packed member of ‘struct uhid_get_report_req’ may result in an unaligned pointer value [-Waddress-of-packed-member]
  256 |         ret = __uhid_report_queue_and_wait(uhid, ev, &ev->u.get_report.id);
      |                                                      ^~~~~~~~~~~~~~~~~~~~
/home/runner/work/android_kernel_samsung_universal8895/android_kernel_samsung_universal8895/drivers/hid/uhid.c: In function ‘uhid_hid_set_report’:
/home/runner/work/android_kernel_samsung_universal8895/android_kernel_samsung_universal8895/drivers/hid/uhid.c:300:54: warning: taking address of packed member of ‘struct uhid_set_report_req’ may result in an unaligned pointer value [-Waddress-of-packed-member]
  300 |         ret = __uhid_report_queue_and_wait(uhid, ev, &ev->u.set_report.id);
      |                                                      ^~~~~~~~~~~~~~~~~~~~
  CC      net/ipv4/netfilter/iptable_nat.o
  CC      drivers/gpu/arm/b_r16p0/mali_kbase_debug_mem_view.o
  LD      drivers/gud/gud-exynos8895_kinibi400/MobiCoreDriver/mcDrvModule.o
  CC      drivers/hid/hid-generic.o
  LD      drivers/gud/gud-exynos8895_kinibi400/MobiCoreDriver/built-in.o
  CC      drivers/gud/gud-exynos8895_kinibi400/sec-os-booster/sec_os_booster.o
  CC      drivers/hid/hid-a4tech.o
  CC      net/ipv4/netfilter/iptable_raw.o
  CC      drivers/gpu/arm/b_r16p0/mali_kbase_debug_job_fault.o
  LD      drivers/gud/gud-exynos8895_kinibi400/sec-os-booster/built-in.o
  CC      drivers/gud/gud-exynos8895_kinibi400/sec-os-ctrl/sec_os_ctrl.o
  CC      drivers/hid/hid-axff.o
  LD      drivers/gud/gud-exynos8895_kinibi400/sec-os-ctrl/built-in.o
  LD      drivers/gud/gud-exynos8895_kinibi400/built-in.o
  LD      drivers/gud/built-in.o
  LD      drivers/hsi/clients/built-in.o
  LD      drivers/hsi/controllers/built-in.o
  LD      drivers/hsi/built-in.o
  CC      net/ipv4/netfilter/iptable_security.o
  CC      net/mptcp/mptcp_ctrl.o
  CC      drivers/gpu/arm/b_r16p0/mali_kbase_smc.o
  CC      drivers/hid/hid-apple.o
  CC      drivers/gpu/arm/b_r16p0/mali_kbase_mem_pool.o
  CC      drivers/hid/hid-belkin.o
  CC      net/ipv4/netfilter/ipt_ah.o
  CC      drivers/hid/hid-cherry.o
  CC      net/ipv4/netfilter/ipt_rpfilter.o
  CC      drivers/hid/hid-chicony.o
  CC      drivers/gpu/arm/b_r16p0/mali_kbase_mem_pool_debugfs.o
  CC      drivers/hid/hid-cypress.o
  CC      net/ipv4/netfilter/ipt_MASQUERADE.o
  CC      drivers/gpu/arm/b_r16p0/mali_kbase_tlstream.o
  CC      net/mptcp/mptcp_ipv4.o
  CC      drivers/hid/hid-dr.o
  CC      net/ipv4/netfilter/ipt_REJECT.o
In file included from /home/runner/work/android_kernel_samsung_universal8895/android_kernel_samsung_universal8895/arch/arm64/include/asm/atomic.h:36,
                 from /home/runner/work/android_kernel_samsung_universal8895/android_kernel_samsung_universal8895/include/linux/atomic.h:4,
                 from /home/runner/work/android_kernel_samsung_universal8895/android_kernel_samsung_universal8895/drivers/gpu/arm/b_r16p0/mali_kbase_tlstream.c:24:
/home/runner/work/android_kernel_samsung_universal8895/android_kernel_samsung_universal8895/drivers/gpu/arm/b_r16p0/mali_kbase_tlstream.c: In function ‘kbase_tlstream_acquire’:
/home/runner/work/android_kernel_samsung_universal8895/android_kernel_samsung_universal8895/arch/arm64/include/asm/atomic_ll_sc.h:197:9: warning: array subscript ‘long unsigned int[0]’ is partly outside array bounds of ‘atomic_t[1]’ [-Warray-bounds]
  197 |         asm volatile(                                                   \
      |         ^~~
/home/runner/work/android_kernel_samsung_universal8895/android_kernel_samsung_universal8895/arch/arm64/include/asm/atomic_ll_sc.h:230:1: note: in expansion of macro ‘__CMPXCHG_CASE’
  230 | __CMPXCHG_CASE(w,  ,  mb_4, dmb ish,  , l, "memory")
      | ^~~~~~~~~~~~~~
/home/runner/work/android_kernel_samsung_universal8895/android_kernel_samsung_universal8895/drivers/gpu/arm/b_r16p0/mali_kbase_tlstream.c:598:10: note: while referencing ‘kbase_tlstream_enabled’
  598 | atomic_t kbase_tlstream_enabled = {0};
      |          ^~~~~~~~~~~~~~~~~~~~~~
In file included from /home/runner/work/android_kernel_samsung_universal8895/android_kernel_samsung_universal8895/arch/arm64/include/asm/atomic.h:36,
                 from /home/runner/work/android_kernel_samsung_universal8895/android_kernel_samsung_universal8895/include/linux/atomic.h:4,
                 from /home/runner/work/android_kernel_samsung_universal8895/android_kernel_samsung_universal8895/drivers/gpu/arm/b_r16p0/mali_kbase_tlstream.c:24:
/home/runner/work/android_kernel_samsung_universal8895/android_kernel_samsung_universal8895/arch/arm64/include/asm/atomic_ll_sc.h:197:9: warning: array subscript ‘long unsigned int[0]’ is partly outside array bounds of ‘atomic_t[1]’ [-Warray-bounds]
  197 |         asm volatile(                                                   \
      |         ^~~
/home/runner/work/android_kernel_samsung_universal8895/android_kernel_samsung_universal8895/arch/arm64/include/asm/atomic_ll_sc.h:230:1: note: in expansion of macro ‘__CMPXCHG_CASE’
  230 | __CMPXCHG_CASE(w,  ,  mb_4, dmb ish,  , l, "memory")
      | ^~~~~~~~~~~~~~
/home/runner/work/android_kernel_samsung_universal8895/android_kernel_samsung_universal8895/drivers/gpu/arm/b_r16p0/mali_kbase_tlstream.c:598:10: note: while referencing ‘kbase_tlstream_enabled’
  598 | atomic_t kbase_tlstream_enabled = {0};
      |          ^~~~~~~~~~~~~~~~~~~~~~
  CC      drivers/hid/hid-emsff.o
  CC      net/mptcp/mptcp_ofo_queue.o
  CC      net/ipv4/netfilter/arp_tables.o
  CC      drivers/hid/hid-elecom.o
  CC      drivers/gpu/arm/b_r16p0/mali_kbase_strings.o
  CC      drivers/gpu/arm/b_r16p0/mali_kbase_as_fault_debugfs.o
  CC      drivers/hid/hid-ezkey.o
  CC      drivers/gpu/arm/b_r16p0/mali_kbase_regs_history_debugfs.o
  CC      net/mptcp/mptcp_pm.o
  CC      drivers/hid/hid-gyration.o
  CC      drivers/gpu/arm/b_r16p0/thirdparty/mali_kbase_mmap.o
  CC      drivers/hid/hid-holtek-kbd.o
  CC      net/mptcp/mptcp_output.o
  CC      net/ipv4/netfilter/arpt_mangle.o
  CC      drivers/hid/hid-holtek-mouse.o
  CC      drivers/gpu/arm/b_r16p0/mali_kbase_sync_android.o
  CC      drivers/hid/hid-holtekff.o
  CC      net/ipv4/netfilter/arptable_filter.o
  CC      drivers/gpu/arm/b_r16p0/mali_kbase_sync_common.o
  CC      drivers/hid/hid-kensington.o
  LD      net/ipv4/netfilter/nf_conntrack_ipv4.o
  LD      net/ipv4/netfilter/nf_nat_ipv4.o
  LD      net/ipv4/netfilter/built-in.o
  CC      drivers/hid/hid-keytouch.o
  CC      net/ipv4/tcp_bic.o
  CC      drivers/gpu/arm/b_r16p0/backend/gpu/mali_kbase_cache_policy_backend.o
  CC      drivers/hid/hid-kye.o
  CC      net/mptcp/mptcp_input.o
  CC      drivers/gpu/arm/b_r16p0/backend/gpu/mali_kbase_device_hw.o
  CC      net/ipv4/tcp_cubic.o
  CC      drivers/hid/hid-lcpower.o
  CC      drivers/gpu/arm/b_r16p0/backend/gpu/mali_kbase_gpu.o
  CC      drivers/hid/hid-lg.o
  CC      net/ipv4/tcp_westwood.o
  CC      drivers/gpu/arm/b_r16p0/backend/gpu/mali_kbase_gpuprops_backend.o
  CC      drivers/hid/hid-lgff.o
  CC      drivers/gpu/arm/b_r16p0/backend/gpu/mali_kbase_debug_job_fault_backend.o
  CC      net/ipv4/tcp_htcp.o
  CC      drivers/hid/hid-lg2ff.o
  CC      net/mptcp/mptcp_sched.o
  CC      drivers/gpu/arm/b_r16p0/backend/gpu/mali_kbase_irq_linux.o
  CC      drivers/hid/hid-lg3ff.o
  CC      net/ipv4/xfrm4_policy.o
  CC      drivers/hid/hid-lg4ff.o
  CC      drivers/gpu/arm/b_r16p0/backend/gpu/mali_kbase_instr_backend.o
  CC      net/mptcp/mptcp_fullmesh.o
  CC      drivers/gpu/arm/b_r16p0/backend/gpu/mali_kbase_jm_as.o
  CC      net/ipv4/xfrm4_state.o
  CC      drivers/hid/hid-logitech-dj.o
  CC      drivers/gpu/arm/b_r16p0/backend/gpu/mali_kbase_jm_hw.o
  CC      net/ipv4/xfrm4_input.o
  CC      drivers/hid/hid-logitech-hidpp.o
  CC      net/mptcp/mptcp_ipv6.o
  CC      drivers/gpu/arm/b_r16p0/backend/gpu/mali_kbase_jm_rb.o
  CC      net/ipv4/xfrm4_output.o
  CC      drivers/hid/hid-magicmouse.o
  CC      net/mptcp/mptcp_coupled.o
  CC      net/ipv4/xfrm4_protocol.o
  CC      drivers/hid/hid-microsoft.o
  CC      drivers/gpu/arm/b_r16p0/backend/gpu/mali_kbase_js_backend.o
  CC      drivers/hid/hid-monterey.o
  CC      net/mptcp/mptcp_olia.o
  LD      net/ipv4/built-in.o
  CC      drivers/gpu/arm/b_r16p0/backend/gpu/mali_kbase_mmu_hw_direct.o
  CC      drivers/hid/hid-multitouch.o
  CC      net/netfilter/core.o
  CC      drivers/gpu/arm/b_r16p0/backend/gpu/mali_kbase_pm_backend.o
  CC      net/mptcp/mptcp_wvegas.o
  CC      drivers/hid/hid-ntrig.o
  CC      net/netfilter/nf_log.o
  CC      drivers/gpu/arm/b_r16p0/backend/gpu/mali_kbase_pm_driver.o
  LD      net/mptcp/mptcp.o
  LD      net/mptcp/built-in.o
  CC      drivers/gpu/arm/b_r16p0/backend/gpu/mali_kbase_pm_metrics.o
  CC      drivers/hid/hid-ortek.o
  CC      drivers/hid/hid-prodikeys.o
  CC      net/netfilter/nf_queue.o
  DTC     arch/arm64/boot/dts/exynos/exynos8895-greatlte_eur_open_06.dtb
  CC      drivers/gpu/arm/b_r16p0/backend/gpu/mali_kbase_pm_ca.o
make[1]: Nothing to be done for 'dtbs'.
  CC      drivers/hwmon/hwmon.o
  CC      drivers/hid/hid-pl.o
  CC      net/netfilter/nf_sockopt.o
  CC      drivers/gpu/arm/b_r16p0/backend/gpu/mali_kbase_pm_always_on.o
  CC      drivers/hwmon/sec_thermistor.o
  CC      drivers/hid/hid-petalynx.o
  CC      drivers/gpu/arm/b_r16p0/backend/gpu/mali_kbase_pm_coarse_demand.o
  CC      net/netfilter/nfnetlink.o
  LD      drivers/hwmon/built-in.o
  CC      drivers/hid/hid-picolcd_core.o
  LD      drivers/hwtracing/intel_th/built-in.o
  CC      net/netlink/af_netlink.o
  CC      drivers/gpu/arm/b_r16p0/backend/gpu/mali_kbase_pm_policy.o
  CC      net/netfilter/nfnetlink_queue.o
  CC      drivers/gpu/arm/b_r16p0/backend/gpu/mali_kbase_time.o
  CC      drivers/hid/hid-picolcd_debugfs.o
/home/runner/work/android_kernel_samsung_universal8895/android_kernel_samsung_universal8895/net/netfilter/nfnetlink_queue.c: In function ‘nfqnl_build_packet_message’:
/home/runner/work/android_kernel_samsung_universal8895/android_kernel_samsung_universal8895/net/netfilter/nfnetlink_queue.c:413:35: warning: taking address of packed member of ‘struct nfqnl_msg_packet_hdr’ may result in an unaligned pointer value [-Waddress-of-packed-member]
  413 |         *packet_id_ptr          = &pmsg->packet_id;
      |                                   ^~~~~~~~~~~~~~~~
  CC      drivers/gpu/arm/b_r16p0/platform/exynos/gpu_integration_callbacks.o
  CC      drivers/hid/hid-primax.o
  CC      drivers/gpu/arm/b_r16p0/platform/exynos/mali_kbase_platform.o
  CC      net/netfilter/nfnetlink_log.o
  CC      drivers/hid/hid-roccat.o
  CC      net/netlink/genetlink.o
  CC      drivers/hid/hid-roccat-common.o
  CC      drivers/gpu/arm/b_r16p0/platform/exynos/gpu_notifier.o
  CC      drivers/hid/hid-roccat-arvo.o
  CC      net/netfilter/nf_conntrack_core.o
  CC      drivers/gpu/arm/b_r16p0/platform/exynos/gpu_control.o
/home/runner/work/android_kernel_samsung_universal8895/android_kernel_samsung_universal8895/net/netfilter/nf_conntrack_core.c: In function ‘__nf_conntrack_alloc’:
/home/runner/work/android_kernel_samsung_universal8895/android_kernel_samsung_universal8895/net/netfilter/nf_conntrack_core.c:836:25: warning: unused variable ‘open_timespec’ [-Wunused-variable]
  836 |         struct timespec open_timespec;
      |                         ^~~~~~~~~~~~~
  CC      drivers/hid/hid-roccat-isku.o
  LD      net/netlink/built-in.o
  DTC     arch/arm64/boot/dts/exynos/exynos8895-greatlte_eur_open_06.dtb
In file included from /home/runner/work/android_kernel_samsung_universal8895/android_kernel_samsung_universal8895/arch/arm64/include/asm/atomic.h:36,
                 from /home/runner/work/android_kernel_samsung_universal8895/android_kernel_samsung_universal8895/include/linux/atomic.h:4,
                 from /home/runner/work/android_kernel_samsung_universal8895/android_kernel_samsung_universal8895/include/linux/spinlock.h:406,
                 from /home/runner/work/android_kernel_samsung_universal8895/android_kernel_samsung_universal8895/include/linux/mm_types.h:8,
                 from /home/runner/work/android_kernel_samsung_universal8895/android_kernel_samsung_universal8895/include/linux/kmemcheck.h:4,
                 from /home/runner/work/android_kernel_samsung_universal8895/android_kernel_samsung_universal8895/include/linux/skbuff.h:18,
                 from /home/runner/work/android_kernel_samsung_universal8895/android_kernel_samsung_universal8895/include/linux/netfilter.h:5,
                 from /home/runner/work/android_kernel_samsung_universal8895/android_kernel_samsung_universal8895/net/netfilter/nf_conntrack_core.c:16:
/home/runner/work/android_kernel_samsung_universal8895/android_kernel_samsung_universal8895/net/netfilter/nf_conntrack_core.c: In function ‘__nf_conntrack_alloc.constprop’:
/home/runner/work/android_kernel_samsung_universal8895/android_kernel_samsung_universal8895/arch/arm64/include/asm/atomic_ll_sc.h:197:9: warning: array subscript ‘long unsigned int[0]’ is partly outside array bounds of ‘unsigned int[1]’ [-Warray-bounds]
  197 |         asm volatile(                                                   \
      |         ^~~
/home/runner/work/android_kernel_samsung_universal8895/android_kernel_samsung_universal8895/arch/arm64/include/asm/atomic_ll_sc.h:230:1: note: in expansion of macro ‘__CMPXCHG_CASE’
  230 | __CMPXCHG_CASE(w,  ,  mb_4, dmb ish,  , l, "memory")
      | ^~~~~~~~~~~~~~
/home/runner/work/android_kernel_samsung_universal8895/android_kernel_samsung_universal8895/net/netfilter/nf_conntrack_core.c:131:14: note: while referencing ‘nf_conntrack_hash_rnd’
  131 | unsigned int nf_conntrack_hash_rnd __read_mostly;
      |              ^~~~~~~~~~~~~~~~~~~~~
In file included from /home/runner/work/android_kernel_samsung_universal8895/android_kernel_samsung_universal8895/arch/arm64/include/asm/atomic.h:36,
                 from /home/runner/work/android_kernel_samsung_universal8895/android_kernel_samsung_universal8895/include/linux/atomic.h:4,
                 from /home/runner/work/android_kernel_samsung_universal8895/android_kernel_samsung_universal8895/include/linux/spinlock.h:406,
                 from /home/runner/work/android_kernel_samsung_universal8895/android_kernel_samsung_universal8895/include/linux/mm_types.h:8,
                 from /home/runner/work/android_kernel_samsung_universal8895/android_kernel_samsung_universal8895/include/linux/kmemcheck.h:4,
                 from /home/runner/work/android_kernel_samsung_universal8895/android_kernel_samsung_universal8895/include/linux/skbuff.h:18,
                 from /home/runner/work/android_kernel_samsung_universal8895/android_kernel_samsung_universal8895/include/linux/netfilter.h:5,
                 from /home/runner/work/android_kernel_samsung_universal8895/android_kernel_samsung_universal8895/net/netfilter/nf_conntrack_core.c:16:
/home/runner/work/android_kernel_samsung_universal8895/android_kernel_samsung_universal8895/arch/arm64/include/asm/atomic_ll_sc.h:197:9: warning: array subscript ‘long unsigned int[0]’ is partly outside array bounds of ‘unsigned int[1]’ [-Warray-bounds]
  197 |         asm volatile(                                                   \
      |         ^~~
/home/runner/work/android_kernel_samsung_universal8895/android_kernel_samsung_universal8895/arch/arm64/include/asm/atomic_ll_sc.h:230:1: note: in expansion of macro ‘__CMPXCHG_CASE’
  230 | __CMPXCHG_CASE(w,  ,  mb_4, dmb ish,  , l, "memory")
      | ^~~~~~~~~~~~~~
/home/runner/work/android_kernel_samsung_universal8895/android_kernel_samsung_universal8895/net/netfilter/nf_conntrack_core.c:131:14: note: while referencing ‘nf_conntrack_hash_rnd’
  131 | unsigned int nf_conntrack_hash_rnd __read_mostly;
      |              ^~~~~~~~~~~~~~~~~~~~~
/home/runner/work/android_kernel_samsung_universal8895/android_kernel_samsung_universal8895/net/netfilter/nf_conntrack_core.c:894:16: warning: array subscript 0 is outside the bounds of an interior zero-length array ‘u8[0]’ {aka ‘unsigned char[]’} [-Wzero-length-bounds]
  894 |         memset(&ct->__nfct_init_offset[0], 0,
      |                ^~~~~~~~~~~~~~~~~~~~~~~~~~
In file included from /home/runner/work/android_kernel_samsung_universal8895/android_kernel_samsung_universal8895/net/netfilter/nf_conntrack_core.c:37:
/home/runner/work/android_kernel_samsung_universal8895/android_kernel_samsung_universal8895/include/net/netfilter/nf_conntrack.h:106:12: note: while referencing ‘__nfct_init_offset’
  106 |         u8 __nfct_init_offset[0];
      |            ^~~~~~~~~~~~~~~~~~
  CC      drivers/gpu/arm/b_r16p0/platform/exynos/gpu_pmqos.o
In file included from /home/runner/work/android_kernel_samsung_universal8895/android_kernel_samsung_universal8895/arch/arm64/include/asm/atomic.h:36,
                 from /home/runner/work/android_kernel_samsung_universal8895/android_kernel_samsung_universal8895/include/linux/atomic.h:4,
                 from /home/runner/work/android_kernel_samsung_universal8895/android_kernel_samsung_universal8895/include/linux/spinlock.h:406,
                 from /home/runner/work/android_kernel_samsung_universal8895/android_kernel_samsung_universal8895/include/linux/mm_types.h:8,
                 from /home/runner/work/android_kernel_samsung_universal8895/android_kernel_samsung_universal8895/include/linux/kmemcheck.h:4,
                 from /home/runner/work/android_kernel_samsung_universal8895/android_kernel_samsung_universal8895/include/linux/skbuff.h:18,
                 from /home/runner/work/android_kernel_samsung_universal8895/android_kernel_samsung_universal8895/include/linux/netfilter.h:5,
                 from /home/runner/work/android_kernel_samsung_universal8895/android_kernel_samsung_universal8895/net/netfilter/nf_conntrack_core.c:16:
/home/runner/work/android_kernel_samsung_universal8895/android_kernel_samsung_universal8895/net/netfilter/nf_conntrack_core.c: In function ‘init_nf_conntrack_hash_rnd’:
/home/runner/work/android_kernel_samsung_universal8895/android_kernel_samsung_universal8895/arch/arm64/include/asm/atomic_ll_sc.h:197:9: warning: array subscript ‘long unsigned int[0]’ is partly outside array bounds of ‘unsigned int[1]’ [-Warray-bounds]
  197 |         asm volatile(                                                   \
      |         ^~~
/home/runner/work/android_kernel_samsung_universal8895/android_kernel_samsung_universal8895/arch/arm64/include/asm/atomic_ll_sc.h:230:1: note: in expansion of macro ‘__CMPXCHG_CASE’
  230 | __CMPXCHG_CASE(w,  ,  mb_4, dmb ish,  , l, "memory")
      | ^~~~~~~~~~~~~~
/home/runner/work/android_kernel_samsung_universal8895/android_kernel_samsung_universal8895/net/netfilter/nf_conntrack_core.c:131:14: note: while referencing ‘nf_conntrack_hash_rnd’
  131 | unsigned int nf_conntrack_hash_rnd __read_mostly;
      |              ^~~~~~~~~~~~~~~~~~~~~
In file included from /home/runner/work/android_kernel_samsung_universal8895/android_kernel_samsung_universal8895/arch/arm64/include/asm/atomic.h:36,
                 from /home/runner/work/android_kernel_samsung_universal8895/android_kernel_samsung_universal8895/include/linux/atomic.h:4,
                 from /home/runner/work/android_kernel_samsung_universal8895/android_kernel_samsung_universal8895/include/linux/spinlock.h:406,
                 from /home/runner/work/android_kernel_samsung_universal8895/android_kernel_samsung_universal8895/include/linux/mm_types.h:8,
                 from /home/runner/work/android_kernel_samsung_universal8895/android_kernel_samsung_universal8895/include/linux/kmemcheck.h:4,
                 from /home/runner/work/android_kernel_samsung_universal8895/android_kernel_samsung_universal8895/include/linux/skbuff.h:18,
                 from /home/runner/work/android_kernel_samsung_universal8895/android_kernel_samsung_universal8895/include/linux/netfilter.h:5,
                 from /home/runner/work/android_kernel_samsung_universal8895/android_kernel_samsung_universal8895/net/netfilter/nf_conntrack_core.c:16:
/home/runner/work/android_kernel_samsung_universal8895/android_kernel_samsung_universal8895/arch/arm64/include/asm/atomic_ll_sc.h:197:9: warning: array subscript ‘long unsigned int[0]’ is partly outside array bounds of ‘unsigned int[1]’ [-Warray-bounds]
  197 |         asm volatile(                                                   \
      |         ^~~
/home/runner/work/android_kernel_samsung_universal8895/android_kernel_samsung_universal8895/arch/arm64/include/asm/atomic_ll_sc.h:230:1: note: in expansion of macro ‘__CMPXCHG_CASE’
  230 | __CMPXCHG_CASE(w,  ,  mb_4, dmb ish,  , l, "memory")
      | ^~~~~~~~~~~~~~
/home/runner/work/android_kernel_samsung_universal8895/android_kernel_samsung_universal8895/net/netfilter/nf_conntrack_core.c:131:14: note: while referencing ‘nf_conntrack_hash_rnd’
  131 | unsigned int nf_conntrack_hash_rnd __read_mostly;
      |              ^~~~~~~~~~~~~~~~~~~~~
  DTBTOOL arch/arm64/boot/dtb.img
=> Found compatible entry: samsung, SM-N950F rev0.4
    (chip: 8895, hw_rev: 6, hw_rev_end: 8)
  CC      drivers/i2c/i2c-boardinfo.o
  CC      drivers/hid/hid-roccat-kone.o
  CC      drivers/i2c/i2c-core.o
  CC      drivers/gpu/arm/b_r16p0/platform/exynos/gpu_utilization.o
  CC      net/netfilter/nf_conntrack_standalone.o
  CC      drivers/hid/hid-roccat-koneplus.o
  CC      drivers/gpu/arm/b_r16p0/platform/exynos/gpu_dvfs_handler.o
  CC      net/netfilter/nf_conntrack_expect.o
  CC      drivers/gpu/arm/b_r16p0/platform/exynos/gpu_dvfs_api.o
  CC      drivers/hid/hid-roccat-konepure.o
  CC      drivers/hid/hid-roccat-kovaplus.o
  CC      drivers/gpu/arm/b_r16p0/platform/exynos/gpu_dvfs_governor.o
  CC      net/netfilter/nf_conntrack_helper.o
  CC      drivers/hid/hid-roccat-lua.o
  CC      drivers/i2c/i2c-dev.o
  CC      drivers/gpu/arm/b_r16p0/platform/exynos/gpu_job_fence_debug.o
  CC      drivers/hid/hid-roccat-pyra.o
  CC      net/netfilter/nf_conntrack_proto.o
  CC      drivers/gpu/arm/b_r16p0/platform/exynos/gpu_custom_interface.o
  CC      drivers/i2c/i2c-mux.o
  CC      drivers/hid/hid-roccat-ryos.o
  CC      net/netfilter/nf_conntrack_l3proto_generic.o
  CC      drivers/i2c/algos/i2c-algo-bit.o
  CC      drivers/hid/hid-roccat-savu.o
  LD      drivers/i2c/algos/built-in.o
  CC      drivers/i2c/busses/i2c-exynos5.o
  CC      net/netfilter/nf_conntrack_proto_generic.o
  CC      drivers/hid/hid-saitek.o
  LD      drivers/gpu/arm/b_r16p0/platform/exynos/built-in.o
  LD      drivers/gpu/arm/b_r16p0/platform/built-in.o
  CC      drivers/gpu/arm/b_r16p0/tests/kutf/kutf_mem.o
  CC      net/netfilter/nf_conntrack_proto_tcp.o
  CC      drivers/gpu/arm/b_r16p0/tests/kutf/kutf_resultset.o
  CC      drivers/hid/hid-ovr.o
  CC      drivers/gpu/arm/b_r16p0/tests/kutf/kutf_suite.o
  CC      drivers/i2c/busses/i2c-speedy.o
  CC      drivers/i2c/busses/i2c-gpio.o
  CC      drivers/gpu/arm/b_r16p0/tests/kutf/kutf_utils.o
  CC      drivers/hid/hid-tvr.o
  CC      net/netfilter/nf_conntrack_proto_udp.o
  CC      drivers/gpu/arm/b_r16p0/tests/kutf/kutf_helpers.o
  LD      drivers/i2c/busses/built-in.o
  LD      drivers/i2c/muxes/built-in.o
  LD      drivers/i2c/built-in.o
  CC      drivers/gpu/arm/b_r16p0/tests/kutf/kutf_helpers_user.o
  CC      net/packet/af_packet.o
  LD      drivers/gpu/arm/b_r16p0/tests/kutf/kutf.o
  LD      drivers/gpu/arm/b_r16p0/tests/kutf/built-in.o
  LD      drivers/gpu/arm/b_r16p0/tests/built-in.o
  LD      drivers/gpu/arm/b_r16p0/mali_kbase.o
  CC      drivers/hid/hid-samsung.o
  LD      drivers/gpu/arm/b_r16p0/built-in.o
  CC      net/netfilter/nf_conntrack_extend.o
  LD      drivers/gpu/arm/built-in.o
  LD      drivers/gpu/built-in.o
  LD      drivers/idle/built-in.o
  CC      drivers/hid/hid-sjoy.o
  CC      net/phonet/pn_dev.o
  CC      net/netfilter/nf_conntrack_acct.o
  CC      drivers/hid/hid-sony.o
  CC      net/netfilter/nf_conntrack_seqadj.o
  CC      net/phonet/pn_netlink.o
  CC      drivers/hid/hid-speedlink.o
  CC      drivers/hid/hid-sunplus.o
  CC      net/netfilter/nf_conntrack_ecache.o
  CC      net/phonet/socket.o
  CC      drivers/hid/hid-gaff.o
  LD      net/packet/built-in.o
  CC      net/rfkill/core.o
/home/runner/work/android_kernel_samsung_universal8895/android_kernel_samsung_universal8895/net/phonet/socket.c: In function ‘pn_socket_autobind’:
/home/runner/work/android_kernel_samsung_universal8895/android_kernel_samsung_universal8895/net/phonet/socket.c:219:47: warning: converting a packed ‘struct sockaddr_pn’ pointer (alignment 1) to a ‘struct sockaddr’ pointer (alignment 2) may result in an unaligned pointer value [-Waddress-of-packed-member]
  219 |                                 sizeof(struct sockaddr_pn));
      |                                               ^~~~~~~~~~~
In file included from /home/runner/work/android_kernel_samsung_universal8895/android_kernel_samsung_universal8895/include/linux/phonet.h:25,
                 from /home/runner/work/android_kernel_samsung_universal8895/android_kernel_samsung_universal8895/net/phonet/socket.c:33:
/home/runner/work/android_kernel_samsung_universal8895/android_kernel_samsung_universal8895/include/uapi/linux/phonet.h:101:8: note: defined here
  101 | struct sockaddr_pn {
      |        ^~~~~~~~~~~
In file included from /home/runner/work/android_kernel_samsung_universal8895/android_kernel_samsung_universal8895/include/uapi/linux/net.h:21,
                 from /home/runner/work/android_kernel_samsung_universal8895/android_kernel_samsung_universal8895/include/linux/net.h:29,
                 from /home/runner/work/android_kernel_samsung_universal8895/android_kernel_samsung_universal8895/net/phonet/socket.c:28:
/home/runner/work/android_kernel_samsung_universal8895/android_kernel_samsung_universal8895/include/linux/socket.h:29:8: note: defined here
   29 | struct sockaddr {
      |        ^~~~~~~~
  CC      net/netfilter/nf_conntrack_labels.o
  CC      drivers/hid/hid-tmff.o
  LD      net/rfkill/rfkill.o
  LD      net/rfkill/built-in.o
  CC      drivers/hid/hid-tivo.o
  CC      net/phonet/datagram.o
  CC      net/sched/sch_generic.o
  CC      net/netfilter/nf_conntrack_proto_dccp.o
  CC      drivers/hid/hid-topseed.o
  CC      net/phonet/sysctl.o
  CC      drivers/hid/hid-twinhan.o
  CC      net/netfilter/nf_conntrack_proto_gre.o
  CC      net/sched/sch_mq.o
  CC      drivers/hid/hid-uclogic.o
  CC      net/phonet/af_phonet.o
  CC      drivers/hid/hid-zpff.o
  CC      net/sched/sch_api.o
  CC      net/netfilter/nf_conntrack_proto_sctp.o
  CC      drivers/hid/hid-zydacron.o
  CC      net/phonet/pep.o
  CC      drivers/hid/hid-synaptics-bt.o
  CC      net/netfilter/nf_conntrack_proto_udplite.o
  CC      drivers/hid/wacom_wac.o
  CC      net/sched/sch_blackhole.o
  CC      net/netfilter/nf_conntrack_netlink.o
  CC      net/phonet/pep-gprs.o
  CC      net/sched/cls_api.o
  LD      net/phonet/phonet.o
  LD      net/phonet/pn_pep.o
  LD      net/phonet/built-in.o
  CC      net/unix/af_unix.o
  CC      net/sched/act_api.o
  CC      drivers/hid/wacom_sys.o
  CC      net/netfilter/nf_conntrack_amanda.o
  CC      net/sched/act_police.o
  CC      net/netfilter/nf_conntrack_ftp.o
  CC      drivers/hid/hid-waltop.o
  CC      net/unix/garbage.o
  CC      drivers/hid/hid-wiimote-core.o
  CC      net/sched/act_gact.o
  CC      net/netfilter/nf_conntrack_h323_main.o
  CC      net/unix/sysctl_net_unix.o
  CC      net/sched/act_mirred.o
  LD      net/unix/unix.o
  LD      net/unix/built-in.o
  CC      net/wireguard/main.o
  CC      drivers/hid/hid-wiimote-modules.o
  CC      net/sched/sch_fifo.o
  CC      net/netfilter/nf_conntrack_h323_asn1.o
  CC      net/wireguard/noise.o
  CC      net/sched/sch_htb.o
  CC      net/netfilter/nf_conntrack_irc.o
  CC      drivers/hid/hid-wiimote-debug.o
  CC      drivers/hid/hid-madcatz.o
  CC      net/wireguard/device.o
  CC      net/netfilter/nf_conntrack_broadcast.o
  CC      drivers/hid/usbhid/hid-core.o
  CC      net/sched/sch_ingress.o
  CC      net/netfilter/nf_conntrack_netbios_ns.o
In file included from /home/runner/work/android_kernel_samsung_universal8895/android_kernel_samsung_universal8895/include/linux/ip.h:20,
                 from /home/runner/work/android_kernel_samsung_universal8895/android_kernel_samsung_universal8895/include/linux/if_tunnel.h:4,
                 from /home/runner/work/android_kernel_samsung_universal8895/android_kernel_samsung_universal8895/include/net/ip_tunnels.h:4,
                 from /home/runner/work/android_kernel_samsung_universal8895/android_kernel_samsung_universal8895/include/net/udp_tunnel.h:4,
                 from /home/runner/work/android_kernel_samsung_universal8895/android_kernel_samsung_universal8895/net/wireguard/compat/udp_tunnel/udp_tunnel_partial_compat.h:143,
                 from /home/runner/work/android_kernel_samsung_universal8895/android_kernel_samsung_universal8895/net/wireguard/compat/compat.h:71,
                 from <command-line>:
/home/runner/work/android_kernel_samsung_universal8895/android_kernel_samsung_universal8895/net/wireguard/device.c: In function ‘wg_xmit’:
/home/runner/work/android_kernel_samsung_universal8895/android_kernel_samsung_universal8895/include/linux/skbuff.h:1604:9: warning: array subscript ‘struct sk_buff[0]’ is partly outside array bounds of ‘struct sk_buff_head[1]’ [-Warray-bounds]
 1604 |         __skb_insert(newsk, next->prev, next, list);
      |         ^~~~~~~~~~~~~~~~~~~~~~~~~~~~~~~~~~~~~~~~~~~
/home/runner/work/android_kernel_samsung_universal8895/android_kernel_samsung_universal8895/net/wireguard/device.c:131:29: note: while referencing ‘packets’
  131 |         struct sk_buff_head packets;
      |                             ^~~~~~~
In file included from /home/runner/work/android_kernel_samsung_universal8895/android_kernel_samsung_universal8895/include/linux/ip.h:20,
                 from /home/runner/work/android_kernel_samsung_universal8895/android_kernel_samsung_universal8895/include/linux/if_tunnel.h:4,
                 from /home/runner/work/android_kernel_samsung_universal8895/android_kernel_samsung_universal8895/include/net/ip_tunnels.h:4,
                 from /home/runner/work/android_kernel_samsung_universal8895/android_kernel_samsung_universal8895/include/net/udp_tunnel.h:4,
                 from /home/runner/work/android_kernel_samsung_universal8895/android_kernel_samsung_universal8895/net/wireguard/compat/udp_tunnel/udp_tunnel_partial_compat.h:143,
                 from /home/runner/work/android_kernel_samsung_universal8895/android_kernel_samsung_universal8895/net/wireguard/compat/compat.h:71,
                 from <command-line>:
/home/runner/work/android_kernel_samsung_universal8895/android_kernel_samsung_universal8895/include/linux/skbuff.h:1498:21: warning: array subscript ‘struct sk_buff[0]’ is partly outside array bounds of ‘struct sk_buff_head[1]’ [-Warray-bounds]
 1498 |         next->prev  = prev->next = newsk;
      |         ~~~~~~~~~~~~^~~~~~~~~~~~~~~~~~~~
/home/runner/work/android_kernel_samsung_universal8895/android_kernel_samsung_universal8895/net/wireguard/device.c:131:29: note: while referencing ‘packets’
  131 |         struct sk_buff_head packets;
      |                             ^~~~~~~
  CC      net/sched/sch_prio.o
  CC      net/wireguard/peer.o
  CC      net/netfilter/nf_conntrack_pptp.o
  CC      drivers/hid/usbhid/hid-quirks.o
  CC      net/sched/sch_fq.o
  CC      net/wireguard/timers.o
  CC      drivers/hid/usbhid/hiddev.o
  CC      net/netfilter/nf_conntrack_sane.o
  CC      net/wireguard/queueing.o
  CC      net/sched/cls_u32.o
  CC      net/netfilter/nf_conntrack_tftp.o
  LD      drivers/hid/usbhid/usbhid.o
  LD      drivers/hid/usbhid/built-in.o
  LD      drivers/hid/hid.o
  LD      drivers/hid/hid-logitech.o
  LD      drivers/hid/hid-picolcd.o
  LD      drivers/hid/wacom.o
  LD      drivers/hid/hid-wiimote.o
  LD      drivers/hid/built-in.o
  CC      drivers/iio/industrialio-core.o
  CC      net/netfilter/nf_log_common.o
  CC      net/wireguard/send.o
  CC      net/sched/cls_basic.o
  CC      drivers/iio/industrialio-event.o
  CC      net/netfilter/nf_nat_core.o
  CC      net/sched/cls_cgroup.o
In file included from /home/runner/work/android_kernel_samsung_universal8895/android_kernel_samsung_universal8895/include/linux/ip.h:20,
                 from /home/runner/work/android_kernel_samsung_universal8895/android_kernel_samsung_universal8895/include/linux/if_tunnel.h:4,
                 from /home/runner/work/android_kernel_samsung_universal8895/android_kernel_samsung_universal8895/include/net/ip_tunnels.h:4,
                 from /home/runner/work/android_kernel_samsung_universal8895/android_kernel_samsung_universal8895/include/net/udp_tunnel.h:4,
                 from /home/runner/work/android_kernel_samsung_universal8895/android_kernel_samsung_universal8895/net/wireguard/compat/udp_tunnel/udp_tunnel_partial_compat.h:143,
                 from /home/runner/work/android_kernel_samsung_universal8895/android_kernel_samsung_universal8895/net/wireguard/compat/compat.h:71,
                 from <command-line>:
/home/runner/work/android_kernel_samsung_universal8895/android_kernel_samsung_universal8895/net/wireguard/send.c: In function ‘wg_packet_send_staged_packets’:
/home/runner/work/android_kernel_samsung_universal8895/android_kernel_samsung_universal8895/include/linux/skbuff.h:1510:20: warning: array subscript ‘struct sk_buff[0]’ is partly outside array bounds of ‘struct sk_buff_head[1]’ [-Warray-bounds]
 1510 |         prev->next = first;
      |         ~~~~~~~~~~~^~~~~~~
/home/runner/work/android_kernel_samsung_universal8895/android_kernel_samsung_universal8895/net/wireguard/send.c:351:29: note: while referencing ‘packets’
  351 |         struct sk_buff_head packets;
      |                             ^~~~~~~
  CC      drivers/iio/inkern.o
  CC      net/wireguard/receive.o
  CC      net/sched/ematch.o
  CC      drivers/iio/industrialio-buffer.o
  CC      net/netfilter/nf_nat_proto_unknown.o
In file included from /home/runner/work/android_kernel_samsung_universal8895/android_kernel_samsung_universal8895/arch/arm64/include/asm/atomic.h:36,
                 from /home/runner/work/android_kernel_samsung_universal8895/android_kernel_samsung_universal8895/include/linux/atomic.h:4,
                 from /home/runner/work/android_kernel_samsung_universal8895/android_kernel_samsung_universal8895/include/linux/spinlock.h:406,
                 from /home/runner/work/android_kernel_samsung_universal8895/android_kernel_samsung_universal8895/include/linux/mm_types.h:8,
                 from /home/runner/work/android_kernel_samsung_universal8895/android_kernel_samsung_universal8895/include/linux/kmemcheck.h:4,
                 from /home/runner/work/android_kernel_samsung_universal8895/android_kernel_samsung_universal8895/include/linux/skbuff.h:18,
                 from /home/runner/work/android_kernel_samsung_universal8895/android_kernel_samsung_universal8895/include/linux/ip.h:20,
                 from /home/runner/work/android_kernel_samsung_universal8895/android_kernel_samsung_universal8895/include/linux/if_tunnel.h:4,
                 from /home/runner/work/android_kernel_samsung_universal8895/android_kernel_samsung_universal8895/include/net/ip_tunnels.h:4,
                 from /home/runner/work/android_kernel_samsung_universal8895/android_kernel_samsung_universal8895/include/net/udp_tunnel.h:4,
                 from /home/runner/work/android_kernel_samsung_universal8895/android_kernel_samsung_universal8895/net/wireguard/compat/udp_tunnel/udp_tunnel_partial_compat.h:143,
                 from /home/runner/work/android_kernel_samsung_universal8895/android_kernel_samsung_universal8895/net/wireguard/compat/compat.h:71,
                 from <command-line>:
/home/runner/work/android_kernel_samsung_universal8895/android_kernel_samsung_universal8895/net/wireguard/receive.c: In function ‘wg_packet_receive’:
/home/runner/work/android_kernel_samsung_universal8895/android_kernel_samsung_universal8895/arch/arm64/include/asm/atomic_ll_sc.h:197:9: warning: array subscript ‘long unsigned int[0]’ is partly outside array bounds of ‘atomic_t[1]’ [-Warray-bounds]
  197 |         asm volatile(                                                   \
      |         ^~~
/home/runner/work/android_kernel_samsung_universal8895/android_kernel_samsung_universal8895/arch/arm64/include/asm/atomic_ll_sc.h:230:1: note: in expansion of macro ‘__CMPXCHG_CASE’
  230 | __CMPXCHG_CASE(w,  ,  mb_4, dmb ish,  , l, "memory")
      | ^~~~~~~~~~~~~~
In file included from <command-line>:
/home/runner/work/android_kernel_samsung_universal8895/android_kernel_samsung_universal8895/net/wireguard/compat/compat.h:341:25: note: while referencing ‘rng_state’
  341 |         static atomic_t rng_state = ATOMIC_INIT(0);
      |                         ^~~~~~~~~
In file included from /home/runner/work/android_kernel_samsung_universal8895/android_kernel_samsung_universal8895/arch/arm64/include/asm/atomic.h:36,
                 from /home/runner/work/android_kernel_samsung_universal8895/android_kernel_samsung_universal8895/include/linux/atomic.h:4,
                 from /home/runner/work/android_kernel_samsung_universal8895/android_kernel_samsung_universal8895/include/linux/spinlock.h:406,
                 from /home/runner/work/android_kernel_samsung_universal8895/android_kernel_samsung_universal8895/include/linux/mm_types.h:8,
                 from /home/runner/work/android_kernel_samsung_universal8895/android_kernel_samsung_universal8895/include/linux/kmemcheck.h:4,
                 from /home/runner/work/android_kernel_samsung_universal8895/android_kernel_samsung_universal8895/include/linux/skbuff.h:18,
                 from /home/runner/work/android_kernel_samsung_universal8895/android_kernel_samsung_universal8895/include/linux/ip.h:20,
                 from /home/runner/work/android_kernel_samsung_universal8895/android_kernel_samsung_universal8895/include/linux/if_tunnel.h:4,
                 from /home/runner/work/android_kernel_samsung_universal8895/android_kernel_samsung_universal8895/include/net/ip_tunnels.h:4,
                 from /home/runner/work/android_kernel_samsung_universal8895/android_kernel_samsung_universal8895/include/net/udp_tunnel.h:4,
                 from /home/runner/work/android_kernel_samsung_universal8895/android_kernel_samsung_universal8895/net/wireguard/compat/udp_tunnel/udp_tunnel_partial_compat.h:143,
                 from /home/runner/work/android_kernel_samsung_universal8895/android_kernel_samsung_universal8895/net/wireguard/compat/compat.h:71,
                 from <command-line>:
/home/runner/work/android_kernel_samsung_universal8895/android_kernel_samsung_universal8895/arch/arm64/include/asm/atomic_ll_sc.h:197:9: warning: array subscript ‘long unsigned int[0]’ is partly outside array bounds of ‘atomic_t[1]’ [-Warray-bounds]
  197 |         asm volatile(                                                   \
      |         ^~~
/home/runner/work/android_kernel_samsung_universal8895/android_kernel_samsung_universal8895/arch/arm64/include/asm/atomic_ll_sc.h:230:1: note: in expansion of macro ‘__CMPXCHG_CASE’
  230 | __CMPXCHG_CASE(w,  ,  mb_4, dmb ish,  , l, "memory")
      | ^~~~~~~~~~~~~~
In file included from <command-line>:
/home/runner/work/android_kernel_samsung_universal8895/android_kernel_samsung_universal8895/net/wireguard/compat/compat.h:341:25: note: while referencing ‘rng_state’
  341 |         static atomic_t rng_state = ATOMIC_INIT(0);
      |                         ^~~~~~~~~
  CC      net/sched/em_u32.o
  CC      net/wireguard/socket.o
  CC      net/netfilter/nf_nat_proto_common.o
  CC      drivers/iio/industrialio-trigger.o
  LD      net/sched/built-in.o
  CC      net/netfilter/nf_nat_proto_udp.o
  CC      drivers/input/input.o
  LD      drivers/iio/accel/built-in.o
  CC      drivers/iio/adc/exynos_adc.o
  CC      net/wireguard/peerlookup.o
  CC      net/netfilter/nf_nat_proto_tcp.o
  LD      drivers/iio/adc/built-in.o
  LD      drivers/iio/amplifiers/built-in.o
  CC      drivers/iio/buffer/kfifo_buf.o
  CC      net/netfilter/nf_nat_helper.o
  CC      net/wireguard/allowedips.o
  LD      drivers/iio/buffer/built-in.o
  LD      drivers/iio/chemical/built-in.o
  LD      drivers/iio/common/hid-sensors/built-in.o
  LD      drivers/iio/common/ms_sensors/built-in.o
  LD      drivers/iio/common/ssp_sensors/built-in.o
  LD      drivers/iio/common/st_sensors/built-in.o
  LD      drivers/iio/common/built-in.o
  LD      drivers/iio/dac/built-in.o
  LD      drivers/iio/frequency/built-in.o
  LD      drivers/iio/gyro/built-in.o
  LD      drivers/iio/humidity/built-in.o
  LD      drivers/iio/imu/inv_mpu6050/built-in.o
  LD      drivers/iio/imu/built-in.o
  LD      drivers/iio/light/built-in.o
  LD      drivers/iio/magnetometer/built-in.o
  LD      drivers/iio/orientation/built-in.o
  LD      drivers/iio/potentiometer/built-in.o
  LD      drivers/iio/pressure/built-in.o
  LD      drivers/iio/proximity/built-in.o
  LD      drivers/iio/temperature/built-in.o
  LD      drivers/iio/trigger/built-in.o
  LD      drivers/iio/industrialio.o
  CC      net/netfilter/nf_nat_redirect.o
  LD      drivers/iio/built-in.o
  CC      drivers/input/serio/serio.o
  CC      net/wireguard/ratelimiter.o
  CC      net/netfilter/nf_nat_proto_dccp.o
  CC      drivers/input/serio/libps2.o
  CC      net/wireguard/cookie.o
  LD      drivers/input/serio/built-in.o
  CC      net/netfilter/nf_nat_proto_udplite.o
  CC      drivers/iommu/iommu.o
  CC      net/netfilter/nf_nat_proto_sctp.o
  CC      net/wireguard/netlink.o
  CC      drivers/iommu/iommu-traces.o
  CC      net/netfilter/nf_nat_amanda.o
  CC      net/wireguard/crypto/zinc/chacha20/chacha20.o
  CC      drivers/iommu/iommu-sysfs.o
  CC      net/netfilter/nf_nat_ftp.o
  CC      drivers/input/input-compat.o
  CC      drivers/iommu/dma-iommu.o
  CC      drivers/input/input-mt.o
  CC      net/netfilter/nf_nat_irc.o
  CC      drivers/iommu/iova.o
  PERLASM net/wireguard/crypto/zinc/chacha20/chacha20-arm64.S
  CC      drivers/input/ff-core.o
  CC      net/wireguard/crypto/zinc/poly1305/poly1305.o
  CC      net/netfilter/nf_nat_tftp.o
  CC      drivers/iommu/of_iommu.o
  CC      drivers/input/sec_cmd.o
  PERLASM net/wireguard/crypto/zinc/poly1305/poly1305-arm64.S
  CC      net/wireguard/crypto/zinc/chacha20poly1305.o
  CC      drivers/iommu/exynos-iovmm.o
  CC      net/netfilter/x_tables.o
  CC      drivers/input/ff-memless.o
  CC      drivers/input/input-leds.o
  CC      drivers/iommu/exynos-iommu.o
  CC      net/wireguard/crypto/zinc/blake2s/blake2s.o
  CC      drivers/input/mousedev.o
  CC      net/netfilter/xt_tcpudp.o
  CC      drivers/input/evdev.o
  CC      net/netfilter/xt_mark.o
  CC      drivers/iommu/exynos-iommu-log.o
  CC      net/netfilter/xt_connmark.o
  LD      drivers/iommu/built-in.o
  CC      drivers/irqchip/irqchip.o
  CC      net/wireguard/crypto/zinc/curve25519/curve25519.o
  CC      drivers/input/joystick/xpad.o
  CC      drivers/irqchip/exynos-combiner.o
  CC      net/netfilter/xt_nat.o
  CC      drivers/irqchip/irq-gic.o
  CC      net/netfilter/xt_CLASSIFY.o
  LD      drivers/input/joystick/built-in.o
  CC      drivers/input/keyboard/atkbd.o
  CC      net/netfilter/xt_CONNSECMARK.o
  CC      drivers/irqchip/irq-gic-common.o
  CC      drivers/irqchip/irq-gic-v2m.o
  CC      drivers/input/keyboard/gpio_keys.o
  CC      net/netfilter/xt_LOG.o
  CC      drivers/irqchip/irq-gic-v3.o
  CC      net/netfilter/xt_NETMAP.o
  LD      drivers/input/keyboard/built-in.o
  CC      drivers/input/misc/gpio_event.o
  CC      drivers/irqchip/irq-gic-v3-its.o
  CC      net/netfilter/xt_NFLOG.o
  CC      drivers/input/misc/gpio_matrix.o
  CC      net/wireguard/compat/siphash/siphash.o
  CC      net/netfilter/xt_NFQUEUE.o
  CC      drivers/input/misc/gpio_input.o
  CC      drivers/irqchip/irq-gic-v3-its-pci-msi.o
  CC      net/wireguard/compat/dst_cache/dst_cache.o
  CC      net/netfilter/xt_REDIRECT.o
  CC      drivers/input/misc/gpio_output.o
  CC      drivers/irqchip/irq-gic-v3-its-platform-msi.o
  CC      drivers/input/misc/gpio_axis.o
  CC      drivers/irqchip/irq-madera.o
  CC      net/netfilter/xt_SECMARK.o
  AS      net/wireguard/crypto/zinc/chacha20/chacha20-arm64.o
  AS      net/wireguard/crypto/zinc/poly1305/poly1305-arm64.o
  LD      net/wireguard/wireguard.o
  LD      net/wireguard/built-in.o
  CC      net/wireless/core.o
  CC      drivers/input/misc/keychord.o
  CC      drivers/irqchip/irq-madera-cs47l92.o
  CC      net/netfilter/xt_TPROXY.o
  LD      drivers/irqchip/built-in.o
  CC      drivers/input/tablet/acecad.o
  CC      drivers/input/misc/uinput.o
  CC      drivers/input/tablet/aiptek.o
  CC      net/netfilter/xt_tcpmss.o
  LD      drivers/input/misc/built-in.o
  CC      net/xfrm/xfrm_policy.o
  CC      net/wireless/sysfs.o
  CC      drivers/input/tablet/gtco.o
  CC      net/netfilter/xt_TRACE.o
  CC      net/netfilter/xt_IDLETIMER.o
  CC      drivers/input/tablet/hanwang.o
  CC      net/wireless/radiotap.o
  CC      drivers/input/tablet/kbtab.o
/home/runner/work/android_kernel_samsung_universal8895/android_kernel_samsung_universal8895/net/wireless/radiotap.c: In function ‘ieee80211_radiotap_iterator_init’:
/home/runner/work/android_kernel_samsung_universal8895/android_kernel_samsung_universal8895/net/wireless/radiotap.c:118:34: warning: taking address of packed member of ‘struct ieee80211_radiotap_header’ may result in an unaligned pointer value [-Waddress-of-packed-member]
  118 |         iterator->_next_bitmap = &radiotap_header->it_present;
      |                                  ^~~~~~~~~~~~~~~~~~~~~~~~~~~~
In file included from /home/runner/work/android_kernel_samsung_universal8895/android_kernel_samsung_universal8895/include/linux/if_ether.h:23,
                 from /home/runner/work/android_kernel_samsung_universal8895/android_kernel_samsung_universal8895/include/uapi/linux/ethtool.h:17,
                 from /home/runner/work/android_kernel_samsung_universal8895/android_kernel_samsung_universal8895/include/linux/ethtool.h:16,
                 from /home/runner/work/android_kernel_samsung_universal8895/android_kernel_samsung_universal8895/include/linux/netdevice.h:42,
                 from /home/runner/work/android_kernel_samsung_universal8895/android_kernel_samsung_universal8895/net/xfrm/xfrm_policy.c:23:
/home/runner/work/android_kernel_samsung_universal8895/android_kernel_samsung_universal8895/net/xfrm/xfrm_policy.c: In function ‘xfrm_policy_requeue’:
/home/runner/work/android_kernel_samsung_universal8895/android_kernel_samsung_universal8895/include/linux/skbuff.h:1510:20: warning: array subscript ‘struct sk_buff[0]’ is partly outside array bounds of ‘struct sk_buff_head[1]’ [-Warray-bounds]
 1510 |         prev->next = first;
      |         ~~~~~~~~~~~^~~~~~~
/home/runner/work/android_kernel_samsung_universal8895/android_kernel_samsung_universal8895/net/xfrm/xfrm_policy.c:710:29: note: while referencing ‘list’
  710 |         struct sk_buff_head list;
      |                             ^~~~
  CC      net/netfilter/xt_comment.o
  CC      net/wireless/util.o
  LD      drivers/input/tablet/built-in.o
  CC      drivers/input/touchscreen/of_touchscreen.o
In file included from /home/runner/work/android_kernel_samsung_universal8895/android_kernel_samsung_universal8895/include/linux/if_ether.h:23,
                 from /home/runner/work/android_kernel_samsung_universal8895/android_kernel_samsung_universal8895/include/uapi/linux/ethtool.h:17,
                 from /home/runner/work/android_kernel_samsung_universal8895/android_kernel_samsung_universal8895/include/linux/ethtool.h:16,
                 from /home/runner/work/android_kernel_samsung_universal8895/android_kernel_samsung_universal8895/include/linux/netdevice.h:42,
                 from /home/runner/work/android_kernel_samsung_universal8895/android_kernel_samsung_universal8895/net/xfrm/xfrm_policy.c:23:
/home/runner/work/android_kernel_samsung_universal8895/android_kernel_samsung_universal8895/net/xfrm/xfrm_policy.c: In function ‘xfrm_policy_queue_process’:
/home/runner/work/android_kernel_samsung_universal8895/android_kernel_samsung_universal8895/include/linux/skbuff.h:1510:20: warning: array subscript ‘struct sk_buff[0]’ is partly outside array bounds of ‘struct sk_buff_head[1]’ [-Warray-bounds]
 1510 |         prev->next = first;
      |         ~~~~~~~~~~~^~~~~~~
/home/runner/work/android_kernel_samsung_universal8895/android_kernel_samsung_universal8895/net/xfrm/xfrm_policy.c:1867:29: note: while referencing ‘list’
 1867 |         struct sk_buff_head list;
      |                             ^~~~
  CC      net/netfilter/xt_connbytes.o
  CC      drivers/input/touchscreen/sec_ts_y661/sec_ts.o
  CC      net/xfrm/xfrm_state.o
  CC      net/netfilter/xt_connlabel.o
  CC      net/netfilter/xt_connlimit.o
  CC      net/wireless/reg.o
In file included from /home/runner/work/android_kernel_samsung_universal8895/android_kernel_samsung_universal8895/arch/arm64/include/asm/atomic.h:36,
                 from /home/runner/work/android_kernel_samsung_universal8895/android_kernel_samsung_universal8895/include/linux/atomic.h:4,
                 from /home/runner/work/android_kernel_samsung_universal8895/android_kernel_samsung_universal8895/include/linux/spinlock.h:406,
                 from /home/runner/work/android_kernel_samsung_universal8895/android_kernel_samsung_universal8895/include/linux/mm_types.h:8,
                 from /home/runner/work/android_kernel_samsung_universal8895/android_kernel_samsung_universal8895/include/linux/kmemcheck.h:4,
                 from /home/runner/work/android_kernel_samsung_universal8895/android_kernel_samsung_universal8895/include/linux/skbuff.h:18,
                 from /home/runner/work/android_kernel_samsung_universal8895/android_kernel_samsung_universal8895/include/linux/ip.h:20,
                 from /home/runner/work/android_kernel_samsung_universal8895/android_kernel_samsung_universal8895/net/netfilter/xt_connlimit.c:17:
/home/runner/work/android_kernel_samsung_universal8895/android_kernel_samsung_universal8895/net/netfilter/xt_connlimit.c: In function ‘connlimit_mt_check’:
/home/runner/work/android_kernel_samsung_universal8895/android_kernel_samsung_universal8895/arch/arm64/include/asm/atomic_ll_sc.h:197:9: warning: array subscript ‘long unsigned int[0]’ is partly outside array bounds of ‘u_int32_t[1]’ {aka ‘unsigned int[1]’} [-Warray-bounds]
  197 |         asm volatile(                                                   \
      |         ^~~
/home/runner/work/android_kernel_samsung_universal8895/android_kernel_samsung_universal8895/arch/arm64/include/asm/atomic_ll_sc.h:230:1: note: in expansion of macro ‘__CMPXCHG_CASE’
  230 | __CMPXCHG_CASE(w,  ,  mb_4, dmb ish,  , l, "memory")
      | ^~~~~~~~~~~~~~
/home/runner/work/android_kernel_samsung_universal8895/android_kernel_samsung_universal8895/net/netfilter/xt_connlimit.c:65:18: note: while referencing ‘connlimit_rnd’
   65 | static u_int32_t connlimit_rnd __read_mostly;
      |                  ^~~~~~~~~~~~~
In file included from /home/runner/work/android_kernel_samsung_universal8895/android_kernel_samsung_universal8895/arch/arm64/include/asm/atomic.h:36,
                 from /home/runner/work/android_kernel_samsung_universal8895/android_kernel_samsung_universal8895/include/linux/atomic.h:4,
                 from /home/runner/work/android_kernel_samsung_universal8895/android_kernel_samsung_universal8895/include/linux/spinlock.h:406,
                 from /home/runner/work/android_kernel_samsung_universal8895/android_kernel_samsung_universal8895/include/linux/mm_types.h:8,
                 from /home/runner/work/android_kernel_samsung_universal8895/android_kernel_samsung_universal8895/include/linux/kmemcheck.h:4,
                 from /home/runner/work/android_kernel_samsung_universal8895/android_kernel_samsung_universal8895/include/linux/skbuff.h:18,
                 from /home/runner/work/android_kernel_samsung_universal8895/android_kernel_samsung_universal8895/include/linux/ip.h:20,
                 from /home/runner/work/android_kernel_samsung_universal8895/android_kernel_samsung_universal8895/net/netfilter/xt_connlimit.c:17:
/home/runner/work/android_kernel_samsung_universal8895/android_kernel_samsung_universal8895/arch/arm64/include/asm/atomic_ll_sc.h:197:9: warning: array subscript ‘long unsigned int[0]’ is partly outside array bounds of ‘u_int32_t[1]’ {aka ‘unsigned int[1]’} [-Warray-bounds]
  197 |         asm volatile(                                                   \
      |         ^~~
/home/runner/work/android_kernel_samsung_universal8895/android_kernel_samsung_universal8895/arch/arm64/include/asm/atomic_ll_sc.h:230:1: note: in expansion of macro ‘__CMPXCHG_CASE’
  230 | __CMPXCHG_CASE(w,  ,  mb_4, dmb ish,  , l, "memory")
      | ^~~~~~~~~~~~~~
/home/runner/work/android_kernel_samsung_universal8895/android_kernel_samsung_universal8895/net/netfilter/xt_connlimit.c:65:18: note: while referencing ‘connlimit_rnd’
   65 | static u_int32_t connlimit_rnd __read_mostly;
      |                  ^~~~~~~~~~~~~
  CC      net/netfilter/xt_conntrack.o
  CC      net/xfrm/xfrm_hash.o
  CC      net/xfrm/xfrm_input.o
  CC      net/netfilter/xt_ecn.o
  CC      net/netfilter/xt_hashlimit.o
  CC      net/wireless/scan.o
  CC      drivers/input/touchscreen/sec_ts_y661/sec_ts_fw.o
  CC      net/xfrm/xfrm_output.o
  CC      net/xfrm/xfrm_sysctl.o
  CC      net/netfilter/xt_helper.o
  CC      net/xfrm/xfrm_replay.o
  CC      net/netfilter/xt_hl.o
  CC      drivers/input/touchscreen/sec_ts_y661/sec_ts_fn.o
  CC      net/wireless/nl80211.o
/home/runner/work/android_kernel_samsung_universal8895/android_kernel_samsung_universal8895/drivers/input/touchscreen/sec_ts_y661/sec_ts_fn.c: In function ‘read_pressure_raw_check_show’:
/home/runner/work/android_kernel_samsung_universal8895/android_kernel_samsung_universal8895/drivers/input/touchscreen/sec_ts_y661/sec_ts_fn.c:608:50: warning: argument to ‘sizeof’ in ‘strncat’ call is the same expression as the source; did you mean to use the size of the destination? [-Wsizeof-pointer-memaccess]
  608 |                         strncat(buff, tmp, sizeof(tmp));
      |                                                  ^
/home/runner/work/android_kernel_samsung_universal8895/android_kernel_samsung_universal8895/drivers/input/touchscreen/sec_ts_y661/sec_ts_fn.c: In function ‘get_lp_dump’:
/home/runner/work/android_kernel_samsung_universal8895/android_kernel_samsung_universal8895/drivers/input/touchscreen/sec_ts_y661/sec_ts_fn.c:708:50: warning: argument to ‘sizeof’ in ‘strncat’ call is the same expression as the source; did you mean to use the size of the destination? [-Wsizeof-pointer-memaccess]
  708 |                         strncat(buf, buff, sizeof(buff));
      |                                                  ^
  CC      net/netfilter/xt_iprange.o
  CC      net/xfrm/xfrm_algo.o
  CC      net/netfilter/xt_length.o
  CC      net/xfrm/xfrm_user.o
  CC      net/netfilter/xt_limit.o
  CC      net/netfilter/xt_mac.o
  CC      net/netfilter/xt_pkttype.o
  CC      net/xfrm/xfrm_ipcomp.o
  CC      net/netfilter/xt_policy.o
  CC      net/netfilter/xt_qtaguid_print.o
  LD      net/xfrm/built-in.o
  CC      drivers/input/wacom/wacom_i2c.o
  CC      net/netfilter/xt_qtaguid.o
  LD      drivers/input/touchscreen/sec_ts_y661/built-in.o
  CC      drivers/input/touchscreen/stm/fts_ts.o
  CC      net/netfilter/xt_oneshot.o
  CC      drivers/input/wacom/wacom_i2c_sec.o
  CC      net/netfilter/xt_quota.o
  CC      net/netfilter/xt_quota2.o
  CC      drivers/input/wacom/w9018_flash.o
  CC      net/netfilter/xt_sctp.o
  LD      drivers/input/wacom/built-in.o
  CC      drivers/leds/led-core.o
  CC      net/netfilter/xt_socket.o
  CC      drivers/leds/led-class.o
  CC      net/wireless/mlme.o
  CC      drivers/leds/leds-s2mpb02.o
  CC      net/netfilter/xt_state.o
  CC      net/netfilter/xt_statistic.o
  CC      drivers/leds/leds-max77865-rgb.o
  CC      net/netfilter/xt_string.o
  CC      net/wireless/ibss.o
  LD      drivers/leds/built-in.o
  CC      drivers/input/keyreset.o
  CC      net/netfilter/xt_time.o
  CC      net/compat.o
  CC      net/netfilter/xt_u32.o
  CC      net/wireless/sme.o
  CC      net/netfilter/xt_PRIO.o
  CC      net/netfilter/nf_history.o
  CC      net/sysctl_net.o
  CC      net/wireless/chan.o
  LD      net/netfilter/netfilter.o
  LD      net/netfilter/nf_conntrack.o
  LD      net/netfilter/nf_conntrack_h323.o
  CC      drivers/input/touchscreen/stm/fts_fwu.o
  LD      net/netfilter/nf_nat.o
  LD      net/netfilter/built-in.o
  LD      drivers/lguest/built-in.o
  CC      net/wireless/ethtool.o
  CC      drivers/input/keycombo.o
  CC      net/wireless/mesh.o
  LD      drivers/macintosh/built-in.o
  CC      net/wireless/ap.o
  LD      drivers/input/touchscreen/stm/built-in.o
  LD      drivers/input/touchscreen/built-in.o
  CC      drivers/input/hall.o
  CC      net/wireless/trace.o
  CC      drivers/input/certify_hall.o
  CC      drivers/md/dm-uevent.o
  LD      drivers/media/common/b2c2/built-in.o
  LD      drivers/media/common/saa7146/built-in.o
  LD      drivers/media/common/siano/built-in.o
  LD      drivers/media/common/built-in.o
  LD      drivers/media/firewire/built-in.o
  LD      drivers/input/input-core.o
  LD      drivers/input/built-in.o
  LD      drivers/media/i2c/soc_camera/built-in.o
  LD      drivers/media/i2c/built-in.o
  LD      drivers/media/mmc/siano/built-in.o
  LD      drivers/media/mmc/built-in.o
  CC      drivers/md/dm.o
  CC      net/wireless/ocb.o
  LD      drivers/media/pci/b2c2/built-in.o
  LD      drivers/media/pci/ddbridge/built-in.o
  LD      drivers/media/pci/dm1105/built-in.o
  LD      drivers/media/pci/mantis/built-in.o
  LD      drivers/media/pci/netup_unidvb/built-in.o
  LD      drivers/media/pci/ngene/built-in.o
  LD      drivers/media/pci/pluto2/built-in.o
  LD      drivers/media/pci/pt1/built-in.o
  LD      drivers/media/pci/pt3/built-in.o
  LD      drivers/media/pci/saa7146/built-in.o
  LD      drivers/media/pci/smipcie/built-in.o
  LD      drivers/media/pci/ttpci/built-in.o
  LD      drivers/media/pci/built-in.o
  CC      drivers/media/platform/exynos/fimc-is2/fimc-is-device-preprocessor.o
  CC      drivers/media/platform/exynos/g2d1shot/g2d1shot_drv.o
In file included from /home/runner/work/android_kernel_samsung_universal8895/android_kernel_samsung_universal8895/arch/arm64/include/asm/atomic.h:36,
                 from /home/runner/work/android_kernel_samsung_universal8895/android_kernel_samsung_universal8895/include/linux/atomic.h:4,
                 from /home/runner/work/android_kernel_samsung_universal8895/android_kernel_samsung_universal8895/include/linux/spinlock.h:406,
                 from /home/runner/work/android_kernel_samsung_universal8895/android_kernel_samsung_universal8895/include/linux/wait.h:8,
                 from /home/runner/work/android_kernel_samsung_universal8895/android_kernel_samsung_universal8895/include/linux/fs.h:5,
                 from /home/runner/work/android_kernel_samsung_universal8895/android_kernel_samsung_universal8895/drivers/md/dm.h:13,
                 from /home/runner/work/android_kernel_samsung_universal8895/android_kernel_samsung_universal8895/drivers/md/dm.c:8:
/home/runner/work/android_kernel_samsung_universal8895/android_kernel_samsung_universal8895/drivers/md/dm.c: In function ‘dm_get_reserved_bio_based_ios’:
/home/runner/work/android_kernel_samsung_universal8895/android_kernel_samsung_universal8895/arch/arm64/include/asm/atomic_ll_sc.h:197:9: warning: array subscript ‘long unsigned int[0]’ is partly outside array bounds of ‘unsigned int[1]’ [-Warray-bounds]
  197 |         asm volatile(                                                   \
      |         ^~~
/home/runner/work/android_kernel_samsung_universal8895/android_kernel_samsung_universal8895/arch/arm64/include/asm/atomic_ll_sc.h:230:1: note: in expansion of macro ‘__CMPXCHG_CASE’
  230 | __CMPXCHG_CASE(w,  ,  mb_4, dmb ish,  , l, "memory")
      | ^~~~~~~~~~~~~~
/home/runner/work/android_kernel_samsung_universal8895/android_kernel_samsung_universal8895/drivers/md/dm.c:273:17: note: while referencing ‘reserved_bio_based_ios’
  273 | static unsigned reserved_bio_based_ios = RESERVED_BIO_BASED_IOS;
      |                 ^~~~~~~~~~~~~~~~~~~~~~
In file included from /home/runner/work/android_kernel_samsung_universal8895/android_kernel_samsung_universal8895/arch/arm64/include/asm/atomic.h:36,
                 from /home/runner/work/android_kernel_samsung_universal8895/android_kernel_samsung_universal8895/include/linux/atomic.h:4,
                 from /home/runner/work/android_kernel_samsung_universal8895/android_kernel_samsung_universal8895/include/linux/spinlock.h:406,
                 from /home/runner/work/android_kernel_samsung_universal8895/android_kernel_samsung_universal8895/include/linux/wait.h:8,
                 from /home/runner/work/android_kernel_samsung_universal8895/android_kernel_samsung_universal8895/include/linux/fs.h:5,
                 from /home/runner/work/android_kernel_samsung_universal8895/android_kernel_samsung_universal8895/drivers/md/dm.h:13,
                 from /home/runner/work/android_kernel_samsung_universal8895/android_kernel_samsung_universal8895/drivers/md/dm.c:8:
/home/runner/work/android_kernel_samsung_universal8895/android_kernel_samsung_universal8895/arch/arm64/include/asm/atomic_ll_sc.h:197:9: warning: array subscript ‘long unsigned int[0]’ is partly outside array bounds of ‘unsigned int[1]’ [-Warray-bounds]
  197 |         asm volatile(                                                   \
      |         ^~~
/home/runner/work/android_kernel_samsung_universal8895/android_kernel_samsung_universal8895/arch/arm64/include/asm/atomic_ll_sc.h:230:1: note: in expansion of macro ‘__CMPXCHG_CASE’
  230 | __CMPXCHG_CASE(w,  ,  mb_4, dmb ish,  , l, "memory")
      | ^~~~~~~~~~~~~~
/home/runner/work/android_kernel_samsung_universal8895/android_kernel_samsung_universal8895/drivers/md/dm.c:273:17: note: while referencing ‘reserved_bio_based_ios’
  273 | static unsigned reserved_bio_based_ios = RESERVED_BIO_BASED_IOS;
      |                 ^~~~~~~~~~~~~~~~~~~~~~
In file included from /home/runner/work/android_kernel_samsung_universal8895/android_kernel_samsung_universal8895/arch/arm64/include/asm/atomic.h:36,
                 from /home/runner/work/android_kernel_samsung_universal8895/android_kernel_samsung_universal8895/include/linux/atomic.h:4,
                 from /home/runner/work/android_kernel_samsung_universal8895/android_kernel_samsung_universal8895/include/linux/spinlock.h:406,
                 from /home/runner/work/android_kernel_samsung_universal8895/android_kernel_samsung_universal8895/include/linux/wait.h:8,
                 from /home/runner/work/android_kernel_samsung_universal8895/android_kernel_samsung_universal8895/include/linux/fs.h:5,
                 from /home/runner/work/android_kernel_samsung_universal8895/android_kernel_samsung_universal8895/drivers/md/dm.h:13,
                 from /home/runner/work/android_kernel_samsung_universal8895/android_kernel_samsung_universal8895/drivers/md/dm.c:8:
/home/runner/work/android_kernel_samsung_universal8895/android_kernel_samsung_universal8895/drivers/md/dm.c: In function ‘dm_get_reserved_rq_based_ios’:
/home/runner/work/android_kernel_samsung_universal8895/android_kernel_samsung_universal8895/arch/arm64/include/asm/atomic_ll_sc.h:197:9: warning: array subscript ‘long unsigned int[0]’ is partly outside array bounds of ‘unsigned int[1]’ [-Warray-bounds]
  197 |         asm volatile(                                                   \
      |         ^~~
/home/runner/work/android_kernel_samsung_universal8895/android_kernel_samsung_universal8895/arch/arm64/include/asm/atomic_ll_sc.h:230:1: note: in expansion of macro ‘__CMPXCHG_CASE’
  230 | __CMPXCHG_CASE(w,  ,  mb_4, dmb ish,  , l, "memory")
      | ^~~~~~~~~~~~~~
/home/runner/work/android_kernel_samsung_universal8895/android_kernel_samsung_universal8895/drivers/md/dm.c:278:17: note: while referencing ‘reserved_rq_based_ios’
  278 | static unsigned reserved_rq_based_ios = RESERVED_REQUEST_BASED_IOS;
      |                 ^~~~~~~~~~~~~~~~~~~~~
In file included from /home/runner/work/android_kernel_samsung_universal8895/android_kernel_samsung_universal8895/arch/arm64/include/asm/atomic.h:36,
                 from /home/runner/work/android_kernel_samsung_universal8895/android_kernel_samsung_universal8895/include/linux/atomic.h:4,
                 from /home/runner/work/android_kernel_samsung_universal8895/android_kernel_samsung_universal8895/include/linux/spinlock.h:406,
                 from /home/runner/work/android_kernel_samsung_universal8895/android_kernel_samsung_universal8895/include/linux/wait.h:8,
                 from /home/runner/work/android_kernel_samsung_universal8895/android_kernel_samsung_universal8895/include/linux/fs.h:5,
                 from /home/runner/work/android_kernel_samsung_universal8895/android_kernel_samsung_universal8895/drivers/md/dm.h:13,
                 from /home/runner/work/android_kernel_samsung_universal8895/android_kernel_samsung_universal8895/drivers/md/dm.c:8:
/home/runner/work/android_kernel_samsung_universal8895/android_kernel_samsung_universal8895/arch/arm64/include/asm/atomic_ll_sc.h:197:9: warning: array subscript ‘long unsigned int[0]’ is partly outside array bounds of ‘unsigned int[1]’ [-Warray-bounds]
  197 |         asm volatile(                                                   \
      |         ^~~
/home/runner/work/android_kernel_samsung_universal8895/android_kernel_samsung_universal8895/arch/arm64/include/asm/atomic_ll_sc.h:230:1: note: in expansion of macro ‘__CMPXCHG_CASE’
  230 | __CMPXCHG_CASE(w,  ,  mb_4, dmb ish,  , l, "memory")
      | ^~~~~~~~~~~~~~
/home/runner/work/android_kernel_samsung_universal8895/android_kernel_samsung_universal8895/drivers/md/dm.c:278:17: note: while referencing ‘reserved_rq_based_ios’
  278 | static unsigned reserved_rq_based_ios = RESERVED_REQUEST_BASED_IOS;
      |                 ^~~~~~~~~~~~~~~~~~~~~
  CC      drivers/media/platform/exynos/fimc-is2/fimc-is-video-preprocessor.o
In file included from /home/runner/work/android_kernel_samsung_universal8895/android_kernel_samsung_universal8895/arch/arm64/include/asm/atomic.h:36,
                 from /home/runner/work/android_kernel_samsung_universal8895/android_kernel_samsung_universal8895/include/linux/atomic.h:4,
                 from /home/runner/work/android_kernel_samsung_universal8895/android_kernel_samsung_universal8895/include/linux/spinlock.h:406,
                 from /home/runner/work/android_kernel_samsung_universal8895/android_kernel_samsung_universal8895/include/linux/wait.h:8,
                 from /home/runner/work/android_kernel_samsung_universal8895/android_kernel_samsung_universal8895/include/linux/fs.h:5,
                 from /home/runner/work/android_kernel_samsung_universal8895/android_kernel_samsung_universal8895/drivers/md/dm.h:13,
                 from /home/runner/work/android_kernel_samsung_universal8895/android_kernel_samsung_universal8895/drivers/md/dm.c:8:
/home/runner/work/android_kernel_samsung_universal8895/android_kernel_samsung_universal8895/drivers/md/dm.c: In function ‘dm_alloc_md_mempools’:
/home/runner/work/android_kernel_samsung_universal8895/android_kernel_samsung_universal8895/arch/arm64/include/asm/atomic_ll_sc.h:197:9: warning: array subscript ‘long unsigned int[0]’ is partly outside array bounds of ‘unsigned int[1]’ [-Warray-bounds]
  197 |         asm volatile(                                                   \
      |         ^~~
/home/runner/work/android_kernel_samsung_universal8895/android_kernel_samsung_universal8895/arch/arm64/include/asm/atomic_ll_sc.h:230:1: note: in expansion of macro ‘__CMPXCHG_CASE’
  230 | __CMPXCHG_CASE(w,  ,  mb_4, dmb ish,  , l, "memory")
      | ^~~~~~~~~~~~~~
/home/runner/work/android_kernel_samsung_universal8895/android_kernel_samsung_universal8895/drivers/md/dm.c:278:17: note: while referencing ‘reserved_rq_based_ios’
  278 | static unsigned reserved_rq_based_ios = RESERVED_REQUEST_BASED_IOS;
      |                 ^~~~~~~~~~~~~~~~~~~~~
In file included from /home/runner/work/android_kernel_samsung_universal8895/android_kernel_samsung_universal8895/arch/arm64/include/asm/atomic.h:36,
                 from /home/runner/work/android_kernel_samsung_universal8895/android_kernel_samsung_universal8895/include/linux/atomic.h:4,
                 from /home/runner/work/android_kernel_samsung_universal8895/android_kernel_samsung_universal8895/include/linux/spinlock.h:406,
                 from /home/runner/work/android_kernel_samsung_universal8895/android_kernel_samsung_universal8895/include/linux/wait.h:8,
                 from /home/runner/work/android_kernel_samsung_universal8895/android_kernel_samsung_universal8895/include/linux/fs.h:5,
                 from /home/runner/work/android_kernel_samsung_universal8895/android_kernel_samsung_universal8895/drivers/md/dm.h:13,
                 from /home/runner/work/android_kernel_samsung_universal8895/android_kernel_samsung_universal8895/drivers/md/dm.c:8:
/home/runner/work/android_kernel_samsung_universal8895/android_kernel_samsung_universal8895/arch/arm64/include/asm/atomic_ll_sc.h:197:9: warning: array subscript ‘long unsigned int[0]’ is partly outside array bounds of ‘unsigned int[1]’ [-Warray-bounds]
  197 |         asm volatile(                                                   \
      |         ^~~
/home/runner/work/android_kernel_samsung_universal8895/android_kernel_samsung_universal8895/arch/arm64/include/asm/atomic_ll_sc.h:230:1: note: in expansion of macro ‘__CMPXCHG_CASE’
  230 | __CMPXCHG_CASE(w,  ,  mb_4, dmb ish,  , l, "memory")
      | ^~~~~~~~~~~~~~
/home/runner/work/android_kernel_samsung_universal8895/android_kernel_samsung_universal8895/drivers/md/dm.c:278:17: note: while referencing ‘reserved_rq_based_ios’
  278 | static unsigned reserved_rq_based_ios = RESERVED_REQUEST_BASED_IOS;
      |                 ^~~~~~~~~~~~~~~~~~~~~
In file included from /home/runner/work/android_kernel_samsung_universal8895/android_kernel_samsung_universal8895/arch/arm64/include/asm/atomic.h:36,
                 from /home/runner/work/android_kernel_samsung_universal8895/android_kernel_samsung_universal8895/include/linux/atomic.h:4,
                 from /home/runner/work/android_kernel_samsung_universal8895/android_kernel_samsung_universal8895/include/linux/spinlock.h:406,
                 from /home/runner/work/android_kernel_samsung_universal8895/android_kernel_samsung_universal8895/include/linux/wait.h:8,
                 from /home/runner/work/android_kernel_samsung_universal8895/android_kernel_samsung_universal8895/include/linux/fs.h:5,
                 from /home/runner/work/android_kernel_samsung_universal8895/android_kernel_samsung_universal8895/drivers/md/dm.h:13,
                 from /home/runner/work/android_kernel_samsung_universal8895/android_kernel_samsung_universal8895/drivers/md/dm.c:8:
/home/runner/work/android_kernel_samsung_universal8895/android_kernel_samsung_universal8895/arch/arm64/include/asm/atomic_ll_sc.h:197:9: warning: array subscript ‘long unsigned int[0]’ is partly outside array bounds of ‘unsigned int[1]’ [-Warray-bounds]
  197 |         asm volatile(                                                   \
      |         ^~~
/home/runner/work/android_kernel_samsung_universal8895/android_kernel_samsung_universal8895/arch/arm64/include/asm/atomic_ll_sc.h:230:1: note: in expansion of macro ‘__CMPXCHG_CASE’
  230 | __CMPXCHG_CASE(w,  ,  mb_4, dmb ish,  , l, "memory")
      | ^~~~~~~~~~~~~~
/home/runner/work/android_kernel_samsung_universal8895/android_kernel_samsung_universal8895/drivers/md/dm.c:278:17: note: while referencing ‘reserved_rq_based_ios’
  278 | static unsigned reserved_rq_based_ios = RESERVED_REQUEST_BASED_IOS;
      |                 ^~~~~~~~~~~~~~~~~~~~~
In file included from /home/runner/work/android_kernel_samsung_universal8895/android_kernel_samsung_universal8895/arch/arm64/include/asm/atomic.h:36,
                 from /home/runner/work/android_kernel_samsung_universal8895/android_kernel_samsung_universal8895/include/linux/atomic.h:4,
                 from /home/runner/work/android_kernel_samsung_universal8895/android_kernel_samsung_universal8895/include/linux/spinlock.h:406,
                 from /home/runner/work/android_kernel_samsung_universal8895/android_kernel_samsung_universal8895/include/linux/wait.h:8,
                 from /home/runner/work/android_kernel_samsung_universal8895/android_kernel_samsung_universal8895/include/linux/fs.h:5,
                 from /home/runner/work/android_kernel_samsung_universal8895/android_kernel_samsung_universal8895/drivers/md/dm.h:13,
                 from /home/runner/work/android_kernel_samsung_universal8895/android_kernel_samsung_universal8895/drivers/md/dm.c:8:
/home/runner/work/android_kernel_samsung_universal8895/android_kernel_samsung_universal8895/arch/arm64/include/asm/atomic_ll_sc.h:197:9: warning: array subscript ‘long unsigned int[0]’ is partly outside array bounds of ‘unsigned int[1]’ [-Warray-bounds]
  197 |         asm volatile(                                                   \
      |         ^~~
/home/runner/work/android_kernel_samsung_universal8895/android_kernel_samsung_universal8895/arch/arm64/include/asm/atomic_ll_sc.h:230:1: note: in expansion of macro ‘__CMPXCHG_CASE’
  230 | __CMPXCHG_CASE(w,  ,  mb_4, dmb ish,  , l, "memory")
      | ^~~~~~~~~~~~~~
/home/runner/work/android_kernel_samsung_universal8895/android_kernel_samsung_universal8895/drivers/md/dm.c:278:17: note: while referencing ‘reserved_rq_based_ios’
  278 | static unsigned reserved_rq_based_ios = RESERVED_REQUEST_BASED_IOS;
      |                 ^~~~~~~~~~~~~~~~~~~~~
In file included from /home/runner/work/android_kernel_samsung_universal8895/android_kernel_samsung_universal8895/arch/arm64/include/asm/atomic.h:36,
                 from /home/runner/work/android_kernel_samsung_universal8895/android_kernel_samsung_universal8895/include/linux/atomic.h:4,
                 from /home/runner/work/android_kernel_samsung_universal8895/android_kernel_samsung_universal8895/include/linux/spinlock.h:406,
                 from /home/runner/work/android_kernel_samsung_universal8895/android_kernel_samsung_universal8895/include/linux/wait.h:8,
                 from /home/runner/work/android_kernel_samsung_universal8895/android_kernel_samsung_universal8895/include/linux/fs.h:5,
                 from /home/runner/work/android_kernel_samsung_universal8895/android_kernel_samsung_universal8895/drivers/md/dm.h:13,
                 from /home/runner/work/android_kernel_samsung_universal8895/android_kernel_samsung_universal8895/drivers/md/dm.c:8:
/home/runner/work/android_kernel_samsung_universal8895/android_kernel_samsung_universal8895/arch/arm64/include/asm/atomic_ll_sc.h:197:9: warning: array subscript ‘long unsigned int[0]’ is partly outside array bounds of ‘unsigned int[1]’ [-Warray-bounds]
  197 |         asm volatile(                                                   \
      |         ^~~
/home/runner/work/android_kernel_samsung_universal8895/android_kernel_samsung_universal8895/arch/arm64/include/asm/atomic_ll_sc.h:230:1: note: in expansion of macro ‘__CMPXCHG_CASE’
  230 | __CMPXCHG_CASE(w,  ,  mb_4, dmb ish,  , l, "memory")
      | ^~~~~~~~~~~~~~
/home/runner/work/android_kernel_samsung_universal8895/android_kernel_samsung_universal8895/drivers/md/dm.c:273:17: note: while referencing ‘reserved_bio_based_ios’
  273 | static unsigned reserved_bio_based_ios = RESERVED_BIO_BASED_IOS;
      |                 ^~~~~~~~~~~~~~~~~~~~~~
In file included from /home/runner/work/android_kernel_samsung_universal8895/android_kernel_samsung_universal8895/arch/arm64/include/asm/atomic.h:36,
                 from /home/runner/work/android_kernel_samsung_universal8895/android_kernel_samsung_universal8895/include/linux/atomic.h:4,
                 from /home/runner/work/android_kernel_samsung_universal8895/android_kernel_samsung_universal8895/include/linux/spinlock.h:406,
                 from /home/runner/work/android_kernel_samsung_universal8895/android_kernel_samsung_universal8895/include/linux/wait.h:8,
                 from /home/runner/work/android_kernel_samsung_universal8895/android_kernel_samsung_universal8895/include/linux/fs.h:5,
                 from /home/runner/work/android_kernel_samsung_universal8895/android_kernel_samsung_universal8895/drivers/md/dm.h:13,
                 from /home/runner/work/android_kernel_samsung_universal8895/android_kernel_samsung_universal8895/drivers/md/dm.c:8:
/home/runner/work/android_kernel_samsung_universal8895/android_kernel_samsung_universal8895/arch/arm64/include/asm/atomic_ll_sc.h:197:9: warning: array subscript ‘long unsigned int[0]’ is partly outside array bounds of ‘unsigned int[1]’ [-Warray-bounds]
  197 |         asm volatile(                                                   \
      |         ^~~
/home/runner/work/android_kernel_samsung_universal8895/android_kernel_samsung_universal8895/arch/arm64/include/asm/atomic_ll_sc.h:230:1: note: in expansion of macro ‘__CMPXCHG_CASE’
  230 | __CMPXCHG_CASE(w,  ,  mb_4, dmb ish,  , l, "memory")
      | ^~~~~~~~~~~~~~
/home/runner/work/android_kernel_samsung_universal8895/android_kernel_samsung_universal8895/drivers/md/dm.c:273:17: note: while referencing ‘reserved_bio_based_ios’
  273 | static unsigned reserved_bio_based_ios = RESERVED_BIO_BASED_IOS;
      |                 ^~~~~~~~~~~~~~~~~~~~~~
  CC      drivers/media/platform/exynos/fimc-is2/fimc-is-device-csi_v3.o
  CC      drivers/md/dm-table.o
  CC      drivers/media/platform/exynos/g2d1shot/g2d1shot_hw5x.o
  CC      drivers/media/platform/exynos/g2d1shot/g2d1shot_helper.o
  CC      drivers/md/dm-target.o
  LD      drivers/media/platform/exynos/g2d1shot/built-in.o
  LD      drivers/media/radio/built-in.o
  CC      drivers/mfd/madera-core.o
  CC      drivers/media/platform/exynos/fimc-is2/fimc-is-core.o
  CC      drivers/md/dm-linear.o
  CC      drivers/mfd/madera-spi.o
  CC      drivers/md/dm-stripe.o
  CC      drivers/mfd/cs47l92-tables.o
  CC      drivers/media/platform/exynos/fimc-is2/fimc-is-spi.o
  CC      drivers/mfd/mfd-core.o
  CC      drivers/md/dm-ioctl.o
  CC      drivers/media/platform/exynos/fimc-is2/fimc-is-i2c.o
  CC      drivers/mfd/max77865.o
  CC      drivers/media/platform/exynos/fimc-is2/fimc-is-debug.o
  CC      drivers/mfd/max77865-irq.o
  CC      drivers/md/dm-io.o
  CC      drivers/media/platform/exynos/fimc-is2/fimc-is-mem.o
  CC      drivers/mfd/s2mps17_core.o
  CC      drivers/md/dm-kcopyd.o
  LD      net/wireless/cfg80211.o
  LD      net/wireless/built-in.o
  CC      drivers/media/platform/exynos/fimc-is2/fimc-is-pipe.o
  CC      drivers/mfd/s2mps17_irq.o
  LD      net/built-in.o
  CC      drivers/md/dm-sysfs.o
  CC      drivers/mfd/s2mpb02-core.o
  LD      drivers/media/platform/omap/built-in.o
  LD      drivers/misc/cb710/built-in.o
  LD      drivers/misc/eeprom/built-in.o
  LD      drivers/misc/lis3lv02d/built-in.o
  CC      drivers/misc/mcu_ipc/mcu_ipc.o
  CC      drivers/md/dm-stats.o
  CC      drivers/media/platform/exynos/fimc-is2/fimc-is-framemgr.o
  CC      drivers/mfd/s2mpb02-irq.o
  CC      drivers/misc/mcu_ipc/shm_ipc.o
  CC      drivers/mfd/syscon.o
  CC      drivers/media/platform/exynos/fimc-is2/fimc-is-groupmgr.o
  CC      drivers/md/dm-builtin.o
  LD      drivers/mfd/built-in.o
  CC      drivers/media/platform/exynos/fimc-is2/fimc-is-resourcemgr.o
  LD      drivers/misc/mcu_ipc/built-in.o
  LD      drivers/misc/mic/bus/built-in.o
  LD      drivers/misc/mic/built-in.o
  CC      drivers/misc/modem_v1/modem_main.o
  CC      drivers/md/dm-crypt.o
  LD      drivers/misc/ti-st/built-in.o
  CC      drivers/media/platform/exynos/mdev/exynos-mdev.o
  CC      drivers/misc/modem_v1/modem_variation.o
  LD      drivers/media/platform/exynos/mdev/mdev.o
  LD      drivers/media/platform/exynos/mdev/built-in.o
  CC      drivers/media/platform/exynos/fimc-is2/fimc-is-devicemgr.o
  CC      drivers/misc/modem_v1/modem_io_device.o
  LD      drivers/media/rc/keymaps/built-in.o
  LD      drivers/media/rc/built-in.o
  LD      drivers/md/dm-mod.o
  LD      drivers/md/built-in.o
  CC      drivers/mmc/card/block.o
  CC      drivers/misc/uid_sys_stats.o
  CC      drivers/media/platform/exynos/fimc-is2/fimc-is-video.o
  CC      drivers/misc/exynos_ima.o
  CC      drivers/misc/modem_v1/modem_utils.o
  CC      drivers/media/platform/exynos/mfc/s5p_mfc.o
  CC      drivers/media/platform/exynos/fimc-is2/fimc-is-video-sensor.o
  CC      drivers/mmc/card/queue.o
  LD      drivers/mmc/card/mmc_block.o
  LD      drivers/mmc/card/built-in.o
  CC      drivers/mmc/core/core.o
  CC      drivers/misc/modem_v1/modem_dump.o
  CC      drivers/media/platform/exynos/fimc-is2/fimc-is-video-3aa.o
  CC      drivers/media/platform/exynos/mfc/s5p_mfc_irq.o
  CC      drivers/misc/modem_v1/link_device_shmem.o
  CC      drivers/media/platform/exynos/fimc-is2/fimc-is-video-3aac.o
/home/runner/work/android_kernel_samsung_universal8895/android_kernel_samsung_universal8895/drivers/misc/modem_v1/link_device_shmem.c: In function ‘rxq_read’:
/home/runner/work/android_kernel_samsung_universal8895/android_kernel_samsung_universal8895/drivers/misc/modem_v1/link_device_shmem.c:1359:24: warning: taking address of packed member of ‘struct skbuff_private’ may result in an unaligned pointer value [-Waddress-of-packed-member]
 1359 |         getnstimeofday(&skbpriv(skb)->ts);
      |                        ^~~~~~~~~~~~~~~~~
/home/runner/work/android_kernel_samsung_universal8895/android_kernel_samsung_universal8895/drivers/misc/modem_v1/link_device_shmem.c: In function ‘remap_4mb_map_to_ipc_dev’:
/home/runner/work/android_kernel_samsung_universal8895/android_kernel_samsung_universal8895/drivers/misc/modem_v1/link_device_shmem.c:2878:22: warning: taking address of packed member of ‘struct shmem_4mb_phys_map’ may result in an unaligned pointer value [-Waddress-of-packed-member]
 2878 |         mld->magic = (u32 __iomem *)&map->magic;
      |                      ^~~~~~~~~~~~~~~~~~~~~~~~~~
/home/runner/work/android_kernel_samsung_universal8895/android_kernel_samsung_universal8895/drivers/misc/modem_v1/link_device_shmem.c:2879:23: warning: taking address of packed member of ‘struct shmem_4mb_phys_map’ may result in an unaligned pointer value [-Waddress-of-packed-member]
 2879 |         mld->access = (u32 __iomem *)&map->access;
      |                       ^~~~~~~~~~~~~~~~~~~~~~~~~~~
  CC      drivers/media/platform/exynos/fimc-is2/fimc-is-video-3aap.o
  CC      drivers/mmc/core/bus.o
  CC      drivers/media/platform/exynos/mfc/s5p_mfc_dec.o
In file included from /home/runner/work/android_kernel_samsung_universal8895/android_kernel_samsung_universal8895/drivers/misc/modem_v1/modem_prj.h:38,
                 from /home/runner/work/android_kernel_samsung_universal8895/android_kernel_samsung_universal8895/drivers/misc/modem_v1/link_device_shmem.c:44:
/home/runner/work/android_kernel_samsung_universal8895/android_kernel_samsung_universal8895/drivers/misc/modem_v1/link_device_shmem.c: In function ‘ipc_rx_func’:
/home/runner/work/android_kernel_samsung_universal8895/android_kernel_samsung_universal8895/drivers/misc/modem_v1/include/sipc5.h:131:32: warning: array subscript ‘u32 {aka unsigned int}[0]’ is partly outside array bounds of ‘char[4]’ [-Warray-bounds]
  131 |                         return *sz32;
      |                                ^~~~~
/home/runner/work/android_kernel_samsung_universal8895/android_kernel_samsung_universal8895/drivers/misc/modem_v1/link_device_shmem.c:1319:14: note: while referencing ‘hdr’
 1319 |         char hdr[SIPC5_MIN_HEADER_SIZE];
      |              ^~~
  CC      drivers/media/platform/exynos/fimc-is2/fimc-is-video-isp.o
  CC      drivers/mmc/core/host.o
  CC      drivers/media/platform/exynos/mfc/s5p_mfc_dec_vb2_ops.o
  CC      drivers/mmc/core/mmc.o
  CC      drivers/misc/modem_v1/link_device_memory_snapshot.o
  CC      drivers/media/platform/exynos/fimc-is2/fimc-is-video-ispc.o
/home/runner/work/android_kernel_samsung_universal8895/android_kernel_samsung_universal8895/drivers/misc/modem_v1/link_device_memory_snapshot.c: In function ‘__take_sbd_status’:
/home/runner/work/android_kernel_samsung_universal8895/android_kernel_samsung_universal8895/drivers/misc/modem_v1/link_device_memory_snapshot.c:177:24: warning: taking address of packed member of ‘struct mem_snapshot’ may result in an unaligned pointer value [-Waddress-of-packed-member]
  177 |         getnstimeofday(&mst->ts);
      |                        ^~~~~~~~
/home/runner/work/android_kernel_samsung_universal8895/android_kernel_samsung_universal8895/drivers/misc/modem_v1/link_device_memory_snapshot.c: In function ‘__take_mem_status’:
/home/runner/work/android_kernel_samsung_universal8895/android_kernel_samsung_universal8895/drivers/misc/modem_v1/link_device_memory_snapshot.c:200:24: warning: taking address of packed member of ‘struct mem_snapshot’ may result in an unaligned pointer value [-Waddress-of-packed-member]
  200 |         getnstimeofday(&mst->ts);
      |                        ^~~~~~~~
  CC      drivers/misc/modem_v1/link_device_memory_flow_control.o
  CC      drivers/media/platform/exynos/fimc-is2/fimc-is-video-ispp.o
  CC      drivers/media/platform/exynos/mfc/s5p_mfc_enc.o
  CC      drivers/mmc/core/mmc_ops.o
  CC      drivers/misc/modem_v1/link_device_memory_debug.o
  CC      drivers/media/platform/exynos/fimc-is2/fimc-is-video-dis.o
  CC      drivers/misc/modem_v1/link_device_memory_sbd.o
  CC      drivers/mmc/core/sd.o
  CC      drivers/media/platform/exynos/mfc/s5p_mfc_enc_vb2_ops.o
  CC      drivers/media/platform/exynos/fimc-is2/fimc-is-video-disc.o
  CC      drivers/media/platform/exynos/mfc/s5p_mfc_ctrl.o
  CC      drivers/mmc/core/sd_ops.o
  CC      drivers/misc/modem_v1/modem_notifier.o
  CC      drivers/media/platform/exynos/fimc-is2/fimc-is-video-scc.o
  CC      drivers/mmc/core/sdio.o
  CC      drivers/media/platform/exynos/mfc/s5p_mfc_hwlock.o
  CC      drivers/misc/modem_v1/modem_ctrl_ss310ap.o
  CC      drivers/media/platform/exynos/fimc-is2/fimc-is-video-scp.o
  CC      drivers/mmc/core/sdio_ops.o
  CC      drivers/misc/modem_v1/modem_argos_notifier.o
  CC      drivers/media/platform/exynos/mfc/s5p_mfc_nal_q.o
  CC      drivers/media/platform/exynos/fimc-is2/fimc-is-video-mcs.o
  CC      drivers/mmc/core/sdio_bus.o
  LD      drivers/misc/modem_v1/built-in.o
  CC      drivers/misc/tzic64.o
  CC      drivers/media/platform/exynos/fimc-is2/fimc-is-video-mcsp.o
  CC      drivers/mmc/core/sdio_cis.o
  LD      drivers/misc/built-in.o
  CC      drivers/motor/max77865_haptic.o
  CC      drivers/mmc/core/sdio_io.o
  CC      drivers/media/platform/exynos/mfc/s5p_mfc_watchdog.o
  CC      drivers/media/platform/exynos/fimc-is2/fimc-is-video-vra.o
  LD      drivers/motor/built-in.o
  CC      drivers/muic/muic-core.o
  CC      drivers/mmc/core/sdio_irq.o
  CC      drivers/media/platform/exynos/mfc/s5p_mfc_opr.o
  CC      drivers/muic/muic_notifier.o
  CC      drivers/media/platform/exynos/fimc-is2/fimc-is-video-ssvc0.o
  CC      drivers/mmc/core/quirks.o
  CC      drivers/muic/universal/muic_ccic.o
  CC      drivers/mmc/core/slot-gpio.o
  CC      drivers/media/platform/exynos/mfc/s5p_mfc_sync.o
  CC      drivers/media/platform/exynos/fimc-is2/fimc-is-video-ssvc1.o
  CC      drivers/muic/universal/muic_usb.o
  CC      drivers/mmc/core/pwrseq.o
  CC      drivers/media/platform/exynos/mfc/s5p_mfc_pm.o
  CC      drivers/muic/universal/muic_coagent.o
  CC      drivers/mmc/core/pwrseq_simple.o
  CC      drivers/media/platform/exynos/fimc-is2/fimc-is-video-ssvc2.o
  CC      drivers/muic/universal/muic_state.o
  CC      drivers/media/platform/exynos/mfc/s5p_mfc_inst.o
  CC      drivers/mmc/core/pwrseq_emmc.o
  CC      drivers/muic/universal/muic_apis.o
  CC      drivers/media/platform/exynos/fimc-is2/fimc-is-video-ssvc3.o
  CC      drivers/media/platform/exynos/mfc/s5p_mfc_cmd.o
  CC      drivers/mmc/core/debugfs.o
  CC      drivers/media/platform/exynos/mfc/s5p_mfc_reg.o
  CC      drivers/muic/universal/muic_sysfs.o
  LD      drivers/mmc/core/mmc_core.o
  LD      drivers/mmc/core/built-in.o
  CC      drivers/media/platform/exynos/fimc-is2/fimc-is-subdev-ctrl.o
  CC      drivers/mmc/host/dw_mmc.o
  CC      drivers/muic/universal/muic_debug.o
  CC      drivers/media/platform/exynos/mfc/s5p_mfc_dec_ops.o
  CC      drivers/muic/universal/muic_dt.o
  CC      drivers/media/platform/exynos/fimc-is2/fimc-is-device-flite.o
  CC      drivers/media/platform/exynos/mfc/s5p_mfc_enc_ops.o
  CC      drivers/muic/universal/muic_i2c.o
  CC      drivers/muic/universal/muic_regmap.o
  CC      drivers/media/platform/exynos/fimc-is2/fimc-is-device-ischain.o
  CC      drivers/muic/universal/muic_vps.o
  CC      drivers/mmc/host/dw_mmc-pltfm.o
  CC      drivers/media/platform/exynos/mfc/s5p_mfc_enc_param.o
  CC      drivers/mmc/host/dw_mmc-exynos.o
  CC      drivers/muic/universal/muic_task_max77865.o
  CC      drivers/muic/universal/muic_regmap_max77865.o
  CC      drivers/media/platform/exynos/mfc/s5p_mfc_queue.o
  CC      drivers/muic/universal/muic_hv_max77865.o
  LD      drivers/mmc/host/built-in.o
  LD      drivers/mmc/built-in.o
  CC      drivers/net/mii.o
  CC      drivers/media/platform/exynos/mfc/s5p_mfc_buf.o
  LD      drivers/muic/built-in.o
  LD      drivers/media/tuners/built-in.o
  CC      drivers/net/Space.o
  CC      drivers/media/platform/exynos/scaler/scaler-core.o
  CC      drivers/media/platform/exynos/fimc-is2/fimc-is-time.o
/home/runner/work/android_kernel_samsung_universal8895/android_kernel_samsung_universal8895/drivers/media/platform/exynos/scaler/scaler-core.c: In function ‘sc_v4l2_try_fmt_mplane’:
/home/runner/work/android_kernel_samsung_universal8895/android_kernel_samsung_universal8895/drivers/media/platform/exynos/scaler/scaler-core.c:590:31: warning: taking address of packed member of ‘struct v4l2_pix_format_mplane’ may result in an unaligned pointer value [-Waddress-of-packed-member]
  590 |         v4l_bound_align_image(&pixm->width, limit->min_w, limit->max_w,
      |                               ^~~~~~~~~~~~
/home/runner/work/android_kernel_samsung_universal8895/android_kernel_samsung_universal8895/drivers/media/platform/exynos/scaler/scaler-core.c:591:34: warning: taking address of packed member of ‘struct v4l2_pix_format_mplane’ may result in an unaligned pointer value [-Waddress-of-packed-member]
  591 |                         w_align, &pixm->height, limit->min_h,
      |                                  ^~~~~~~~~~~~~
  CC      drivers/net/loopback.o
  CC      drivers/media/platform/exynos/mfc/s5p_mfc_utils.o
  CC      drivers/media/platform/exynos/fimc-is2/fimc-is-dvfs.o
  LD      drivers/net/ethernet/3com/built-in.o
  LD      drivers/net/ethernet/8390/built-in.o
  CC      drivers/media/platform/exynos/mfc/s5p_mfc_qos.o
  LD      drivers/net/ethernet/adaptec/built-in.o
  LD      drivers/net/ethernet/agere/built-in.o
  LD      drivers/net/ethernet/alteon/built-in.o
  LD      drivers/net/ethernet/amd/built-in.o
  LD      drivers/net/ethernet/arc/built-in.o
  CC      drivers/media/platform/exynos/fimc-is2/fimc-is-dt.o
  LD      drivers/net/ethernet/atheros/built-in.o
  LD      drivers/net/ethernet/broadcom/built-in.o
  LD      drivers/net/ethernet/brocade/built-in.o
  LD      drivers/net/ethernet/cadence/built-in.o
  LD      drivers/net/ethernet/cavium/liquidio/built-in.o
  LD      drivers/net/ethernet/cavium/thunder/built-in.o
  LD      drivers/net/ethernet/cavium/built-in.o
  LD      drivers/net/ethernet/chelsio/built-in.o
  LD      drivers/net/ethernet/cisco/built-in.o
  LD      drivers/net/ethernet/dec/built-in.o
  LD      drivers/net/ethernet/dlink/built-in.o
  LD      drivers/net/ethernet/emulex/built-in.o
  LD      drivers/net/ethernet/ezchip/built-in.o
  LD      drivers/net/ethernet/hisilicon/built-in.o
  LD      drivers/net/ethernet/hp/built-in.o
  LD      drivers/net/ethernet/i825xx/built-in.o
  LD      drivers/net/ethernet/intel/built-in.o
  LD      drivers/net/ethernet/marvell/built-in.o
  LD      drivers/net/ethernet/mellanox/built-in.o
  LD      drivers/net/ethernet/micrel/built-in.o
  LD      drivers/net/ethernet/microchip/built-in.o
  LD      drivers/net/ethernet/myricom/built-in.o
  CC      drivers/media/platform/exynos/scaler/scaler-regs.o
  LD      drivers/net/ethernet/natsemi/built-in.o
  LD      drivers/net/ethernet/neterion/built-in.o
  CC      drivers/media/platform/exynos/mfc/s5p_mfc_mem.o
  LD      drivers/net/ethernet/nvidia/built-in.o
  LD      drivers/net/ethernet/oki-semi/built-in.o
  LD      drivers/net/ethernet/packetengines/built-in.o
  LD      drivers/net/ethernet/qlogic/built-in.o
  LD      drivers/net/ethernet/qualcomm/built-in.o
  LD      drivers/net/ethernet/rdc/built-in.o
  LD      drivers/net/ethernet/realtek/built-in.o
  LD      drivers/net/ethernet/renesas/built-in.o
  LD      drivers/net/ethernet/rocker/built-in.o
  LD      drivers/net/ethernet/samsung/built-in.o
  LD      drivers/net/ethernet/seeq/built-in.o
  LD      drivers/net/ethernet/silan/built-in.o
  LD      drivers/net/ethernet/sis/built-in.o
  CC      drivers/media/platform/exynos/fimc-is2/fimc-is-clk-gate.o
  LD      drivers/net/ethernet/smsc/built-in.o
  LD      drivers/net/ethernet/stmicro/built-in.o
  LD      drivers/net/ethernet/sun/built-in.o
  LD      drivers/net/ethernet/synopsys/built-in.o
  LD      drivers/net/ethernet/tehuti/built-in.o
  LD      drivers/net/ethernet/ti/built-in.o
  LD      drivers/net/ethernet/via/built-in.o
  LD      drivers/net/ethernet/wiznet/built-in.o
  LD      drivers/net/ethernet/built-in.o
  LD      drivers/media/platform/exynos/mfc/s5p-mfc.o
  CC      drivers/net/phy/phy.o
  LD      drivers/media/platform/exynos/scaler/scaler.o
  LD      drivers/media/platform/exynos/mfc/built-in.o
  LD      drivers/media/platform/exynos/scaler/built-in.o
  CC      drivers/nfc/sec_nfc.o
  CC      drivers/net/ppp/ppp_generic.o
  CC      drivers/media/platform/exynos/fimc-is2/fimc-is-binary.o
  CC      drivers/media/platform/exynos/fimc-is2/fimc-is-interface-wrap.o
  CC      drivers/nfc/ese_p3.o
  CC      drivers/net/phy/phy_device.o
  CC      drivers/media/platform/exynos/fimc-is2/fimc-is-device-sensor_v2.o
  CC      drivers/nfc/nfc_logger/nfc_logger.o
  CC      drivers/net/ppp/bsd_comp.o
  LD      drivers/nfc/nfc_logger/built-in.o
  LD      drivers/nfc/built-in.o
  CC      drivers/net/slip/slhc.o
  CC      drivers/net/phy/mdio_bus.o
  CC      drivers/net/ppp/ppp_deflate.o
  LD      drivers/net/phy/libphy.o
  LD      drivers/net/phy/built-in.o
  LD      drivers/media/usb/b2c2/built-in.o
  CC      drivers/net/ppp/ppp_mppe.o
  LD      drivers/media/usb/dvb-usb/built-in.o
  LD      drivers/media/usb/dvb-usb-v2/built-in.o
  LD      drivers/media/usb/s2255/built-in.o
  LD      drivers/net/slip/built-in.o
  LD      drivers/media/usb/siano/built-in.o
  LD      drivers/media/usb/stkwebcam/built-in.o
  LD      drivers/media/usb/ttusb-budget/built-in.o
  CC      drivers/media/platform/exynos/fimc-is2/hardware/fimc-is-hw-control.o
  LD      drivers/media/usb/ttusb-dec/built-in.o
  LD      drivers/media/usb/zr364xx/built-in.o
  LD      drivers/media/usb/built-in.o
  CC      drivers/media/platform/exynos/smfc/smfc.o
  CC      drivers/net/ppp/pppox.o
In file included from /home/runner/work/android_kernel_samsung_universal8895/android_kernel_samsung_universal8895/arch/arm64/include/asm/atomic.h:36,
                 from /home/runner/work/android_kernel_samsung_universal8895/android_kernel_samsung_universal8895/include/linux/atomic.h:4,
                 from /home/runner/work/android_kernel_samsung_universal8895/android_kernel_samsung_universal8895/include/linux/spinlock.h:406,
                 from /home/runner/work/android_kernel_samsung_universal8895/android_kernel_samsung_universal8895/include/linux/seqlock.h:35,
                 from /home/runner/work/android_kernel_samsung_universal8895/android_kernel_samsung_universal8895/include/linux/time.h:5,
                 from /home/runner/work/android_kernel_samsung_universal8895/android_kernel_samsung_universal8895/include/uapi/linux/timex.h:56,
                 from /home/runner/work/android_kernel_samsung_universal8895/android_kernel_samsung_universal8895/include/linux/timex.h:56,
                 from /home/runner/work/android_kernel_samsung_universal8895/android_kernel_samsung_universal8895/include/linux/sched.h:19,
                 from /home/runner/work/android_kernel_samsung_universal8895/android_kernel_samsung_universal8895/arch/arm64/include/asm/compat.h:25,
                 from /home/runner/work/android_kernel_samsung_universal8895/android_kernel_samsung_universal8895/arch/arm64/include/asm/stat.h:23,
                 from /home/runner/work/android_kernel_samsung_universal8895/android_kernel_samsung_universal8895/include/linux/stat.h:5,
                 from /home/runner/work/android_kernel_samsung_universal8895/android_kernel_samsung_universal8895/include/linux/module.h:10,
                 from /home/runner/work/android_kernel_samsung_universal8895/android_kernel_samsung_universal8895/drivers/media/platform/exynos/smfc/smfc.c:12:
/home/runner/work/android_kernel_samsung_universal8895/android_kernel_samsung_universal8895/drivers/media/platform/exynos/smfc/smfc.c: In function ‘exynos_smfc_wait_done’:
/home/runner/work/android_kernel_samsung_universal8895/android_kernel_samsung_universal8895/arch/arm64/include/asm/atomic_ll_sc.h:197:9: warning: array subscript ‘long unsigned int[0]’ is partly outside array bounds of ‘atomic_t[1]’ [-Warray-bounds]
  197 |         asm volatile(                                                   \
      |         ^~~
/home/runner/work/android_kernel_samsung_universal8895/android_kernel_samsung_universal8895/arch/arm64/include/asm/atomic_ll_sc.h:230:1: note: in expansion of macro ‘__CMPXCHG_CASE’
  230 | __CMPXCHG_CASE(w,  ,  mb_4, dmb ish,  , l, "memory")
      | ^~~~~~~~~~~~~~
/home/runner/work/android_kernel_samsung_universal8895/android_kernel_samsung_universal8895/drivers/media/platform/exynos/smfc/smfc.c:30:17: note: while referencing ‘smfc_hwfc_state’
   30 | static atomic_t smfc_hwfc_state;
      |                 ^~~~~~~~~~~~~~~
In file included from /home/runner/work/android_kernel_samsung_universal8895/android_kernel_samsung_universal8895/arch/arm64/include/asm/atomic.h:36,
                 from /home/runner/work/android_kernel_samsung_universal8895/android_kernel_samsung_universal8895/include/linux/atomic.h:4,
                 from /home/runner/work/android_kernel_samsung_universal8895/android_kernel_samsung_universal8895/include/linux/spinlock.h:406,
                 from /home/runner/work/android_kernel_samsung_universal8895/android_kernel_samsung_universal8895/include/linux/seqlock.h:35,
                 from /home/runner/work/android_kernel_samsung_universal8895/android_kernel_samsung_universal8895/include/linux/time.h:5,
                 from /home/runner/work/android_kernel_samsung_universal8895/android_kernel_samsung_universal8895/include/uapi/linux/timex.h:56,
                 from /home/runner/work/android_kernel_samsung_universal8895/android_kernel_samsung_universal8895/include/linux/timex.h:56,
                 from /home/runner/work/android_kernel_samsung_universal8895/android_kernel_samsung_universal8895/include/linux/sched.h:19,
                 from /home/runner/work/android_kernel_samsung_universal8895/android_kernel_samsung_universal8895/arch/arm64/include/asm/compat.h:25,
                 from /home/runner/work/android_kernel_samsung_universal8895/android_kernel_samsung_universal8895/arch/arm64/include/asm/stat.h:23,
                 from /home/runner/work/android_kernel_samsung_universal8895/android_kernel_samsung_universal8895/include/linux/stat.h:5,
                 from /home/runner/work/android_kernel_samsung_universal8895/android_kernel_samsung_universal8895/include/linux/module.h:10,
                 from /home/runner/work/android_kernel_samsung_universal8895/android_kernel_samsung_universal8895/drivers/media/platform/exynos/smfc/smfc.c:12:
/home/runner/work/android_kernel_samsung_universal8895/android_kernel_samsung_universal8895/arch/arm64/include/asm/atomic_ll_sc.h:197:9: warning: array subscript ‘long unsigned int[0]’ is partly outside array bounds of ‘atomic_t[1]’ [-Warray-bounds]
  197 |         asm volatile(                                                   \
      |         ^~~
/home/runner/work/android_kernel_samsung_universal8895/android_kernel_samsung_universal8895/arch/arm64/include/asm/atomic_ll_sc.h:230:1: note: in expansion of macro ‘__CMPXCHG_CASE’
  230 | __CMPXCHG_CASE(w,  ,  mb_4, dmb ish,  , l, "memory")
      | ^~~~~~~~~~~~~~
/home/runner/work/android_kernel_samsung_universal8895/android_kernel_samsung_universal8895/drivers/media/platform/exynos/smfc/smfc.c:30:17: note: while referencing ‘smfc_hwfc_state’
   30 | static atomic_t smfc_hwfc_state;
      |                 ^~~~~~~~~~~~~~~
  LD      drivers/nvme/host/built-in.o
  LD      drivers/nvme/built-in.o
  CC      drivers/media/platform/exynos/smfc/smfc-v4l2-ioctls.o
  CC      drivers/net/usb/rtl8150.o
  CC      drivers/net/ppp/pppolac.o
  CC      drivers/media/platform/exynos/smfc/smfc-regs.o
  CC      drivers/net/ppp/pppopns.o
  CC      drivers/net/usb/r8152.o
  CC      drivers/media/platform/exynos/fimc-is2/hardware/fimc-is-hw-3aa.o
  CC      drivers/media/platform/exynos/smfc/smfc-stream-parser.o
  LD      drivers/net/ppp/built-in.o
  CC      drivers/net/wireless/bcmdhd4361/dhd_pno.o
  CC      drivers/media/platform/exynos/fimc-is2/hardware/fimc-is-hw-isp.o
In file included from /home/runner/work/android_kernel_samsung_universal8895/android_kernel_samsung_universal8895/include/linux/if_ether.h:23,
                 from /home/runner/work/android_kernel_samsung_universal8895/android_kernel_samsung_universal8895/include/uapi/linux/ethtool.h:17,
                 from /home/runner/work/android_kernel_samsung_universal8895/android_kernel_samsung_universal8895/include/linux/ethtool.h:16,
                 from /home/runner/work/android_kernel_samsung_universal8895/android_kernel_samsung_universal8895/include/linux/netdevice.h:42,
                 from /home/runner/work/android_kernel_samsung_universal8895/android_kernel_samsung_universal8895/drivers/net/usb/r8152.c:15:
/home/runner/work/android_kernel_samsung_universal8895/android_kernel_samsung_universal8895/drivers/net/usb/r8152.c: In function ‘rtl_drop_queued_tx’:
/home/runner/work/android_kernel_samsung_universal8895/android_kernel_samsung_universal8895/include/linux/skbuff.h:1510:20: warning: array subscript ‘struct sk_buff[0]’ is partly outside array bounds of ‘struct sk_buff_head[1]’ [-Warray-bounds]
 1510 |         prev->next = first;
      |         ~~~~~~~~~~~^~~~~~~
/home/runner/work/android_kernel_samsung_universal8895/android_kernel_samsung_universal8895/drivers/net/usb/r8152.c:2194:29: note: while referencing ‘skb_head’
 2194 |         struct sk_buff_head skb_head, *tx_queue = &tp->tx_queue;
      |                             ^~~~~~~~
  LD      drivers/media/platform/exynos/smfc/built-in.o
  LD      drivers/net/wireless/realtek/built-in.o
  CC      drivers/media/v4l2-core/v4l2-dev.o
In file included from /home/runner/work/android_kernel_samsung_universal8895/android_kernel_samsung_universal8895/include/linux/if_ether.h:23,
                 from /home/runner/work/android_kernel_samsung_universal8895/android_kernel_samsung_universal8895/include/uapi/linux/ethtool.h:17,
                 from /home/runner/work/android_kernel_samsung_universal8895/android_kernel_samsung_universal8895/include/linux/ethtool.h:16,
                 from /home/runner/work/android_kernel_samsung_universal8895/android_kernel_samsung_universal8895/include/linux/netdevice.h:42,
                 from /home/runner/work/android_kernel_samsung_universal8895/android_kernel_samsung_universal8895/drivers/net/usb/r8152.c:15:
/home/runner/work/android_kernel_samsung_universal8895/android_kernel_samsung_universal8895/drivers/net/usb/r8152.c: In function ‘r8152_poll’:
/home/runner/work/android_kernel_samsung_universal8895/android_kernel_samsung_universal8895/include/linux/skbuff.h:1510:20: warning: array subscript ‘struct sk_buff[0]’ is partly outside array bounds of ‘struct sk_buff_head[1]’ [-Warray-bounds]
 1510 |         prev->next = first;
      |         ~~~~~~~~~~~^~~~~~~
/home/runner/work/android_kernel_samsung_universal8895/android_kernel_samsung_universal8895/drivers/net/usb/r8152.c:1751:29: note: while referencing ‘skb_head’
 1751 |         struct sk_buff_head skb_head, *tx_queue = &tp->tx_queue;
      |                             ^~~~~~~~
In file included from /home/runner/work/android_kernel_samsung_universal8895/android_kernel_samsung_universal8895/include/linux/if_ether.h:23,
                 from /home/runner/work/android_kernel_samsung_universal8895/android_kernel_samsung_universal8895/include/uapi/linux/ethtool.h:17,
                 from /home/runner/work/android_kernel_samsung_universal8895/android_kernel_samsung_universal8895/include/linux/ethtool.h:16,
                 from /home/runner/work/android_kernel_samsung_universal8895/android_kernel_samsung_universal8895/include/linux/netdevice.h:42,
                 from /home/runner/work/android_kernel_samsung_universal8895/android_kernel_samsung_universal8895/drivers/net/usb/r8152.c:15:
/home/runner/work/android_kernel_samsung_universal8895/android_kernel_samsung_universal8895/include/linux/skbuff.h:1594:9: warning: array subscript ‘struct sk_buff[0]’ is partly outside array bounds of ‘struct sk_buff_head[1]’ [-Warray-bounds]
 1594 |         __skb_insert(newsk, prev, prev->next, list);
      |         ^~~~~~~~~~~~~~~~~~~~~~~~~~~~~~~~~~~~~~~~~~~
/home/runner/work/android_kernel_samsung_universal8895/android_kernel_samsung_universal8895/drivers/net/usb/r8152.c:1751:29: note: while referencing ‘skb_head’
 1751 |         struct sk_buff_head skb_head, *tx_queue = &tp->tx_queue;
      |                             ^~~~~~~~
In file included from /home/runner/work/android_kernel_samsung_universal8895/android_kernel_samsung_universal8895/include/linux/if_ether.h:23,
                 from /home/runner/work/android_kernel_samsung_universal8895/android_kernel_samsung_universal8895/include/uapi/linux/ethtool.h:17,
                 from /home/runner/work/android_kernel_samsung_universal8895/android_kernel_samsung_universal8895/include/linux/ethtool.h:16,
                 from /home/runner/work/android_kernel_samsung_universal8895/android_kernel_samsung_universal8895/include/linux/netdevice.h:42,
                 from /home/runner/work/android_kernel_samsung_universal8895/android_kernel_samsung_universal8895/drivers/net/usb/r8152.c:15:
/home/runner/work/android_kernel_samsung_universal8895/android_kernel_samsung_universal8895/include/linux/skbuff.h:1498:34: warning: array subscript ‘struct sk_buff[0]’ is partly outside array bounds of ‘struct sk_buff_head[1]’ [-Warray-bounds]
 1498 |         next->prev  = prev->next = newsk;
      |                       ~~~~~~~~~~~^~~~~~~
/home/runner/work/android_kernel_samsung_universal8895/android_kernel_samsung_universal8895/drivers/net/usb/r8152.c:1751:29: note: while referencing ‘skb_head’
 1751 |         struct sk_buff_head skb_head, *tx_queue = &tp->tx_queue;
      |                             ^~~~~~~~
In file included from /home/runner/work/android_kernel_samsung_universal8895/android_kernel_samsung_universal8895/include/linux/if_ether.h:23,
                 from /home/runner/work/android_kernel_samsung_universal8895/android_kernel_samsung_universal8895/include/uapi/linux/ethtool.h:17,
                 from /home/runner/work/android_kernel_samsung_universal8895/android_kernel_samsung_universal8895/include/linux/ethtool.h:16,
                 from /home/runner/work/android_kernel_samsung_universal8895/android_kernel_samsung_universal8895/include/linux/netdevice.h:42,
                 from /home/runner/work/android_kernel_samsung_universal8895/android_kernel_samsung_universal8895/drivers/net/usb/r8152.c:15:
/home/runner/work/android_kernel_samsung_universal8895/android_kernel_samsung_universal8895/include/linux/skbuff.h:1594:9: warning: array subscript ‘struct sk_buff[0]’ is partly outside array bounds of ‘struct sk_buff_head[1]’ [-Warray-bounds]
 1594 |         __skb_insert(newsk, prev, prev->next, list);
      |         ^~~~~~~~~~~~~~~~~~~~~~~~~~~~~~~~~~~~~~~~~~~
/home/runner/work/android_kernel_samsung_universal8895/android_kernel_samsung_universal8895/drivers/net/usb/r8152.c:1751:29: note: while referencing ‘skb_head’
 1751 |         struct sk_buff_head skb_head, *tx_queue = &tp->tx_queue;
      |                             ^~~~~~~~
In file included from /home/runner/work/android_kernel_samsung_universal8895/android_kernel_samsung_universal8895/include/linux/if_ether.h:23,
                 from /home/runner/work/android_kernel_samsung_universal8895/android_kernel_samsung_universal8895/include/uapi/linux/ethtool.h:17,
                 from /home/runner/work/android_kernel_samsung_universal8895/android_kernel_samsung_universal8895/include/linux/ethtool.h:16,
                 from /home/runner/work/android_kernel_samsung_universal8895/android_kernel_samsung_universal8895/include/linux/netdevice.h:42,
                 from /home/runner/work/android_kernel_samsung_universal8895/android_kernel_samsung_universal8895/drivers/net/usb/r8152.c:15:
/home/runner/work/android_kernel_samsung_universal8895/android_kernel_samsung_universal8895/include/linux/skbuff.h:1498:34: warning: array subscript ‘struct sk_buff[0]’ is partly outside array bounds of ‘struct sk_buff_head[1]’ [-Warray-bounds]
 1498 |         next->prev  = prev->next = newsk;
      |                       ~~~~~~~~~~~^~~~~~~
/home/runner/work/android_kernel_samsung_universal8895/android_kernel_samsung_universal8895/drivers/net/usb/r8152.c:1751:29: note: while referencing ‘skb_head’
 1751 |         struct sk_buff_head skb_head, *tx_queue = &tp->tx_queue;
      |                             ^~~~~~~~
In file included from /home/runner/work/android_kernel_samsung_universal8895/android_kernel_samsung_universal8895/include/linux/if_ether.h:23,
                 from /home/runner/work/android_kernel_samsung_universal8895/android_kernel_samsung_universal8895/include/uapi/linux/ethtool.h:17,
                 from /home/runner/work/android_kernel_samsung_universal8895/android_kernel_samsung_universal8895/include/linux/ethtool.h:16,
                 from /home/runner/work/android_kernel_samsung_universal8895/android_kernel_samsung_universal8895/include/linux/netdevice.h:42,
                 from /home/runner/work/android_kernel_samsung_universal8895/android_kernel_samsung_universal8895/drivers/net/usb/r8152.c:15:
/home/runner/work/android_kernel_samsung_universal8895/android_kernel_samsung_universal8895/include/linux/skbuff.h:1604:9: warning: array subscript ‘struct sk_buff[0]’ is partly outside array bounds of ‘struct sk_buff_head[1]’ [-Warray-bounds]
 1604 |         __skb_insert(newsk, next->prev, next, list);
      |         ^~~~~~~~~~~~~~~~~~~~~~~~~~~~~~~~~~~~~~~~~~~
/home/runner/work/android_kernel_samsung_universal8895/android_kernel_samsung_universal8895/drivers/net/usb/r8152.c:1542:37: note: while referencing ‘seg_list’
 1542 |                 struct sk_buff_head seg_list;
      |                                     ^~~~~~~~
In file included from /home/runner/work/android_kernel_samsung_universal8895/android_kernel_samsung_universal8895/include/linux/if_ether.h:23,
                 from /home/runner/work/android_kernel_samsung_universal8895/android_kernel_samsung_universal8895/include/uapi/linux/ethtool.h:17,
                 from /home/runner/work/android_kernel_samsung_universal8895/android_kernel_samsung_universal8895/include/linux/ethtool.h:16,
                 from /home/runner/work/android_kernel_samsung_universal8895/android_kernel_samsung_universal8895/include/linux/netdevice.h:42,
                 from /home/runner/work/android_kernel_samsung_universal8895/android_kernel_samsung_universal8895/drivers/net/usb/r8152.c:15:
/home/runner/work/android_kernel_samsung_universal8895/android_kernel_samsung_universal8895/include/linux/skbuff.h:1498:21: warning: array subscript ‘struct sk_buff[0]’ is partly outside array bounds of ‘struct sk_buff_head[1]’ [-Warray-bounds]
 1498 |         next->prev  = prev->next = newsk;
      |         ~~~~~~~~~~~~^~~~~~~~~~~~~~~~~~~~
/home/runner/work/android_kernel_samsung_universal8895/android_kernel_samsung_universal8895/drivers/net/usb/r8152.c:1542:37: note: while referencing ‘seg_list’
 1542 |                 struct sk_buff_head seg_list;
      |                                     ^~~~~~~~
In file included from /home/runner/work/android_kernel_samsung_universal8895/android_kernel_samsung_universal8895/include/linux/if_ether.h:23,
                 from /home/runner/work/android_kernel_samsung_universal8895/android_kernel_samsung_universal8895/include/uapi/linux/ethtool.h:17,
                 from /home/runner/work/android_kernel_samsung_universal8895/android_kernel_samsung_universal8895/include/linux/ethtool.h:16,
                 from /home/runner/work/android_kernel_samsung_universal8895/android_kernel_samsung_universal8895/include/linux/netdevice.h:42,
                 from /home/runner/work/android_kernel_samsung_universal8895/android_kernel_samsung_universal8895/drivers/net/usb/r8152.c:15:
/home/runner/work/android_kernel_samsung_universal8895/android_kernel_samsung_universal8895/include/linux/skbuff.h:1510:20: warning: array subscript ‘struct sk_buff[0]’ is partly outside array bounds of ‘struct sk_buff_head[1]’ [-Warray-bounds]
 1510 |         prev->next = first;
      |         ~~~~~~~~~~~^~~~~~~
/home/runner/work/android_kernel_samsung_universal8895/android_kernel_samsung_universal8895/drivers/net/usb/r8152.c:1751:29: note: while referencing ‘skb_head’
 1751 |         struct sk_buff_head skb_head, *tx_queue = &tp->tx_queue;
      |                             ^~~~~~~~
In file included from /home/runner/work/android_kernel_samsung_universal8895/android_kernel_samsung_universal8895/include/linux/if_ether.h:23,
                 from /home/runner/work/android_kernel_samsung_universal8895/android_kernel_samsung_universal8895/include/uapi/linux/ethtool.h:17,
                 from /home/runner/work/android_kernel_samsung_universal8895/android_kernel_samsung_universal8895/include/linux/ethtool.h:16,
                 from /home/runner/work/android_kernel_samsung_universal8895/android_kernel_samsung_universal8895/include/linux/netdevice.h:42,
                 from /home/runner/work/android_kernel_samsung_universal8895/android_kernel_samsung_universal8895/drivers/net/usb/r8152.c:15:
/home/runner/work/android_kernel_samsung_universal8895/android_kernel_samsung_universal8895/include/linux/skbuff.h:1594:9: warning: array subscript ‘struct sk_buff[0]’ is partly outside array bounds of ‘struct sk_buff_head[1]’ [-Warray-bounds]
 1594 |         __skb_insert(newsk, prev, prev->next, list);
      |         ^~~~~~~~~~~~~~~~~~~~~~~~~~~~~~~~~~~~~~~~~~~
/home/runner/work/android_kernel_samsung_universal8895/android_kernel_samsung_universal8895/drivers/net/usb/r8152.c:1751:29: note: while referencing ‘skb_head’
 1751 |         struct sk_buff_head skb_head, *tx_queue = &tp->tx_queue;
      |                             ^~~~~~~~
In file included from /home/runner/work/android_kernel_samsung_universal8895/android_kernel_samsung_universal8895/include/linux/if_ether.h:23,
                 from /home/runner/work/android_kernel_samsung_universal8895/android_kernel_samsung_universal8895/include/uapi/linux/ethtool.h:17,
                 from /home/runner/work/android_kernel_samsung_universal8895/android_kernel_samsung_universal8895/include/linux/ethtool.h:16,
                 from /home/runner/work/android_kernel_samsung_universal8895/android_kernel_samsung_universal8895/include/linux/netdevice.h:42,
                 from /home/runner/work/android_kernel_samsung_universal8895/android_kernel_samsung_universal8895/drivers/net/usb/r8152.c:15:
/home/runner/work/android_kernel_samsung_universal8895/android_kernel_samsung_universal8895/include/linux/skbuff.h:1498:34: warning: array subscript ‘struct sk_buff[0]’ is partly outside array bounds of ‘struct sk_buff_head[1]’ [-Warray-bounds]
 1498 |         next->prev  = prev->next = newsk;
      |                       ~~~~~~~~~~~^~~~~~~
/home/runner/work/android_kernel_samsung_universal8895/android_kernel_samsung_universal8895/drivers/net/usb/r8152.c:1751:29: note: while referencing ‘skb_head’
 1751 |         struct sk_buff_head skb_head, *tx_queue = &tp->tx_queue;
      |                             ^~~~~~~~
  CC      drivers/media/platform/exynos/fimc-is2/hardware/fimc-is-hw-tpu.o
  CC      drivers/media/v4l2-core/v4l2-ioctl.o
  CC      drivers/media/platform/exynos/fimc-is2/hardware/fimc-is-hw-vra.o
  CC      drivers/net/wireless/bcmdhd4361/dhd_common.o
  CC      drivers/media/platform/exynos/fimc-is2/hardware/fimc-is-hw-dm.o
  CC      drivers/media/platform/exynos/fimc-is2/hardware/fimc-is-hw-mcscaler-v2.o
  CC      drivers/media/v4l2-core/v4l2-device.o
  CC      drivers/net/usb/asix_devices.o
  CC      drivers/media/v4l2-core/v4l2-fh.o
  CC      drivers/media/v4l2-core/v4l2-event.o
  CC      drivers/net/usb/asix_common.o
  CC      drivers/media/platform/exynos/fimc-is2/hardware/api/fimc-is-hw-api-common.o
  CC      drivers/media/v4l2-core/v4l2-ctrls.o
  CC      drivers/media/platform/exynos/fimc-is2/hardware/api/fimc-is-hw-api-vra.o
/home/runner/work/android_kernel_samsung_universal8895/android_kernel_samsung_universal8895/drivers/media/v4l2-core/v4l2-ctrls.c: In function ‘validate_ctrls’:
/home/runner/work/android_kernel_samsung_universal8895/android_kernel_samsung_universal8895/drivers/media/v4l2-core/v4l2-ctrls.c:3040:39: warning: taking address of packed member of ‘struct v4l2_ext_control’ may result in an unaligned pointer value [-Waddress-of-packed-member]
 3040 |                         p_new.p_s64 = &cs->controls[i].value64;
      |                                       ^~~~~~~~~~~~~~~~~~~~~~~~
/home/runner/work/android_kernel_samsung_universal8895/android_kernel_samsung_universal8895/drivers/media/v4l2-core/v4l2-ctrls.c:3042:39: warning: taking address of packed member of ‘struct v4l2_ext_control’ may result in an unaligned pointer value [-Waddress-of-packed-member]
 3042 |                         p_new.p_s32 = &cs->controls[i].value;
      |                                       ^~~~~~~~~~~~~~~~~~~~~~
  CC      drivers/net/usb/ax88172a.o
  CC      drivers/media/platform/exynos/fimc-is2/hardware/api/fimc-is-hw-api-mcscaler-v3_0.o
  CC      drivers/net/usb/ax88179_178a.o
  CC      drivers/media/v4l2-core/v4l2-subdev.o
  CC      drivers/net/wireless/bcmdhd4361/dhd_ip.o
  CC      drivers/net/usb/cdc_ether.o
  CC      drivers/media/v4l2-core/v4l2-clk.o
  LD      drivers/media/platform/exynos/fimc-is2/hardware/api/built-in.o
  LD      drivers/media/platform/exynos/fimc-is2/hardware/built-in.o
  CC      drivers/media/platform/exynos/fimc-is2/interface/fimc-is-interface-ischain.o
  CC      drivers/net/usb/cdc_eem.o
  CC      drivers/media/v4l2-core/v4l2-async.o
  CC      drivers/net/wireless/bcmdhd4361/dhd_custom_gpio.o
  CC      drivers/net/usb/smsc75xx.o
  CC      drivers/media/v4l2-core/v4l2-compat-ioctl32.o
  CC      drivers/net/wireless/bcmdhd4361/dhd_custom_sec.o
In file included from /home/runner/work/android_kernel_samsung_universal8895/android_kernel_samsung_universal8895/include/linux/poll.h:11,
                 from /home/runner/work/android_kernel_samsung_universal8895/android_kernel_samsung_universal8895/include/media/v4l2-dev.h:12,
                 from /home/runner/work/android_kernel_samsung_universal8895/android_kernel_samsung_universal8895/drivers/media/v4l2-core/v4l2-compat-ioctl32.c:20:
/home/runner/work/android_kernel_samsung_universal8895/android_kernel_samsung_universal8895/drivers/media/v4l2-core/v4l2-compat-ioctl32.c: In function ‘get_v4l2_ext_controls32’:
/home/runner/work/android_kernel_samsung_universal8895/android_kernel_samsung_universal8895/drivers/media/v4l2-core/v4l2-compat-ioctl32.c:820:34: warning: taking address of packed member of ‘struct v4l2_ext_control’ may result in an unaligned pointer value [-Waddress-of-packed-member]
  820 |                 if (get_user(id, &kcontrols->id))
/home/runner/work/android_kernel_samsung_universal8895/android_kernel_samsung_universal8895/arch/arm64/include/asm/uaccess.h:318:43: note: in definition of macro ‘get_user’
  318 |         __typeof__(*(ptr)) __user *__p = (ptr);                         \
      |                                           ^~~
/home/runner/work/android_kernel_samsung_universal8895/android_kernel_samsung_universal8895/drivers/media/v4l2-core/v4l2-compat-ioctl32.c:825:41: warning: taking address of packed member of ‘struct v4l2_ext_control32’ may result in an unaligned pointer value [-Waddress-of-packed-member]
  825 |                         if (get_user(p, &ucontrols->string))
/home/runner/work/android_kernel_samsung_universal8895/android_kernel_samsung_universal8895/arch/arm64/include/asm/uaccess.h:318:43: note: in definition of macro ‘get_user’
  318 |         __typeof__(*(ptr)) __user *__p = (ptr);                         \
      |                                           ^~~
/home/runner/work/android_kernel_samsung_universal8895/android_kernel_samsung_universal8895/drivers/media/v4l2-core/v4l2-compat-ioctl32.c:828:41: warning: taking address of packed member of ‘struct v4l2_ext_control’ may result in an unaligned pointer value [-Waddress-of-packed-member]
  828 |                         if (put_user(s, &kcontrols->string))
/home/runner/work/android_kernel_samsung_universal8895/android_kernel_samsung_universal8895/arch/arm64/include/asm/uaccess.h:384:43: note: in definition of macro ‘put_user’
  384 |         __typeof__(*(ptr)) __user *__p = (ptr);                         \
      |                                           ^~~
/home/runner/work/android_kernel_samsung_universal8895/android_kernel_samsung_universal8895/drivers/media/v4l2-core/v4l2-compat-ioctl32.c: In function ‘put_v4l2_ext_controls32’:
/home/runner/work/android_kernel_samsung_universal8895/android_kernel_samsung_universal8895/drivers/media/v4l2-core/v4l2-compat-ioctl32.c:867:34: warning: taking address of packed member of ‘struct v4l2_ext_control’ may result in an unaligned pointer value [-Waddress-of-packed-member]
  867 |                 if (get_user(id, &kcontrols->id))
/home/runner/work/android_kernel_samsung_universal8895/android_kernel_samsung_universal8895/arch/arm64/include/asm/uaccess.h:318:43: note: in definition of macro ‘get_user’
  318 |         __typeof__(*(ptr)) __user *__p = (ptr);                         \
      |                                           ^~~
  CC      drivers/net/wireless/bcmdhd4361/dhd_linux.o
  CC      drivers/net/usb/smsc95xx.o
  CC      drivers/media/platform/exynos/fimc-is2/interface/fimc-is-interface-library.o
  CC      drivers/net/usb/net1080.o
  CC      drivers/media/platform/exynos/fimc-is2/interface/fimc-is-interface-vra.o
/home/runner/work/android_kernel_samsung_universal8895/android_kernel_samsung_universal8895/drivers/net/usb/net1080.c: In function ‘net1080_rx_fixup’:
/home/runner/work/android_kernel_samsung_universal8895/android_kernel_samsung_universal8895/drivers/net/usb/net1080.c:381:32: warning: taking address of packed member of ‘struct nc_header’ may result in an unaligned pointer value [-Waddress-of-packed-member]
  381 |         hdr_len = le16_to_cpup(&header->hdr_len);
      |                                ^~~~~~~~~~~~~~~~
/home/runner/work/android_kernel_samsung_universal8895/android_kernel_samsung_universal8895/drivers/net/usb/net1080.c:382:35: warning: taking address of packed member of ‘struct nc_header’ may result in an unaligned pointer value [-Waddress-of-packed-member]
  382 |         packet_len = le16_to_cpup(&header->packet_len);
      |                                   ^~~~~~~~~~~~~~~~~~~
  CC      drivers/net/usb/cdc_subset.o
  CC      drivers/media/v4l2-core/v4l2-of.o
  CC      drivers/media/platform/exynos/fimc-is2/interface/fimc-is-interface-ddk.o
  CC      drivers/net/usb/zaurus.o
  CC      drivers/media/v4l2-core/vb2-trace.o
  CC      drivers/net/usb/usbnet.o
  CC      drivers/media/v4l2-core/v4l2-trace.o
  LD      drivers/media/platform/exynos/fimc-is2/interface/built-in.o
  CC      drivers/media/platform/exynos/fimc-is2/ischain/setup-fimc-is.o
  CC      drivers/media/v4l2-core/v4l2-common.o
  CC      drivers/media/platform/exynos/fimc-is2/ischain/setup-fimc-is-sensor.o
  CC      drivers/media/v4l2-core/v4l2-dv-timings.o
  CC      drivers/net/usb/cdc_ncm.o
  CC      drivers/media/v4l2-core/v4l2-mem2mem.o
  CC      drivers/media/platform/exynos/fimc-is2/ischain/setup-fimc-is-module.o
  CC      drivers/media/platform/exynos/fimc-is2/ischain/setup-fimc-is-preprocessor.o
  CC      drivers/media/v4l2-core/videobuf2-core.o
  CC      drivers/net/usb/cdc_mbim.o
  LD      drivers/media/platform/exynos/fimc-is2/ischain/fimc-is-v3_11_0/built-in.o
  LD      drivers/media/platform/exynos/fimc-is2/ischain/fimc-is-v3_1_1/built-in.o
  LD      drivers/media/platform/exynos/fimc-is2/ischain/fimc-is-v3_20_0/built-in.o
  LD      drivers/media/platform/exynos/fimc-is2/ischain/fimc-is-v4_0_0/built-in.o
  LD      drivers/media/platform/exynos/fimc-is2/ischain/fimc-is-v4_3_0/built-in.o
  LD      drivers/media/platform/exynos/fimc-is2/ischain/fimc-is-v5_10_0/built-in.o
  CC      drivers/media/platform/exynos/fimc-is2/ischain/fimc-is-v5_2_0/fimc-is-hw-pwr.o
  CC      drivers/media/platform/exynos/fimc-is2/ischain/fimc-is-v5_2_0/fimc-is-hw-chain.o
  LD      drivers/net/usb/asix.o
  LD      drivers/net/usb/built-in.o
  CC      drivers/net/tun.o
  CC      drivers/media/v4l2-core/videobuf2-v4l2.o
/home/runner/work/android_kernel_samsung_universal8895/android_kernel_samsung_universal8895/drivers/net/wireless/bcmdhd4361/dhd_linux.c: In function ‘dhd_preinit_ioctls’:
/home/runner/work/android_kernel_samsung_universal8895/android_kernel_samsung_universal8895/drivers/net/wireless/bcmdhd4361/dhd_linux.c:12035:33: warning: ‘snprintf’ argument 4 overlaps destination object ‘clm_version’ [-Wrestrict]
12035 |                                 snprintf(clm_version,
      |                                 ^~~~~~~~~~~~~~~~~~~~~
12036 |                                         strlen(clm_version) + strlen(", Blob ver = Major : ") + 1,
      |                                         ~~~~~~~~~~~~~~~~~~~~~~~~~~~~~~~~~~~~~~~~~~~~~~~~~~~~~~~~~~
12037 |                                         "%s, Blob ver = Major : ", clm_version);
      |                                         ~~~~~~~~~~~~~~~~~~~~~~~~~~~~~~~~~~~~~~~
/home/runner/work/android_kernel_samsung_universal8895/android_kernel_samsung_universal8895/drivers/net/wireless/bcmdhd4361/dhd_linux.c:1482:13: note: destination object referenced by ‘restrict’-qualified argument 1 was declared here
 1482 | extern char clm_version[];
      |             ^~~~~~~~~~~
/home/runner/work/android_kernel_samsung_universal8895/android_kernel_samsung_universal8895/drivers/net/wireless/bcmdhd4361/dhd_linux.c:12038:33: warning: ‘snprintf’ argument 4 overlaps destination object ‘clm_version’ [-Wrestrict]
12038 |                                 snprintf(clm_version,
      |                                 ^~~~~~~~~~~~~~~~~~~~~
12039 |                                         strlen(clm_version) + strlen(ver_temp_buf) + 1,
      |                                         ~~~~~~~~~~~~~~~~~~~~~~~~~~~~~~~~~~~~~~~~~~~~~~~
12040 |                                         "%s%s", clm_version, ver_temp_buf);
      |                                         ~~~~~~~~~~~~~~~~~~~~~~~~~~~~~~~~~~
/home/runner/work/android_kernel_samsung_universal8895/android_kernel_samsung_universal8895/drivers/net/wireless/bcmdhd4361/dhd_linux.c:1482:13: note: destination object referenced by ‘restrict’-qualified argument 1 was declared here
 1482 | extern char clm_version[];
      |             ^~~~~~~~~~~
/home/runner/work/android_kernel_samsung_universal8895/android_kernel_samsung_universal8895/drivers/net/wireless/bcmdhd4361/dhd_linux.c:12020:33: warning: ‘snprintf’ argument 4 overlaps destination object ‘clm_version’ [-Wrestrict]
12020 |                                 snprintf(clm_version,
      |                                 ^~~~~~~~~~~~~~~~~~~~~
12021 |                                         CLM_VER_STR_LEN - 1, "%s, Blob ver = Major : %s minor : ",
      |                                         ~~~~~~~~~~~~~~~~~~~~~~~~~~~~~~~~~~~~~~~~~~~~~~~~~~~~~~~~~~
12022 |                                         clm_version, ver_temp_buf);
      |                                         ~~~~~~~~~~~~~~~~~~~~~~~~~~
/home/runner/work/android_kernel_samsung_universal8895/android_kernel_samsung_universal8895/drivers/net/wireless/bcmdhd4361/dhd_linux.c:1482:13: note: destination object referenced by ‘restrict’-qualified argument 1 was declared here
 1482 | extern char clm_version[];
      |             ^~~~~~~~~~~
/home/runner/work/android_kernel_samsung_universal8895/android_kernel_samsung_universal8895/drivers/net/wireless/bcmdhd4361/dhd_linux.c:12027:41: warning: ‘snprintf’ argument 4 overlaps destination object ‘clm_version’ [-Wrestrict]
12027 |                                         snprintf(clm_version,
      |                                         ^~~~~~~~~~~~~~~~~~~~~
12028 |                                                 strlen(clm_version) + strlen(ver_temp_buf),
      |                                                 ~~~~~~~~~~~~~~~~~~~~~~~~~~~~~~~~~~~~~~~~~~~
12029 |                                                 "%s%s", clm_version, ver_temp_buf);
      |                                                 ~~~~~~~~~~~~~~~~~~~~~~~~~~~~~~~~~~
/home/runner/work/android_kernel_samsung_universal8895/android_kernel_samsung_universal8895/drivers/net/wireless/bcmdhd4361/dhd_linux.c:1482:13: note: destination object referenced by ‘restrict’-qualified argument 1 was declared here
 1482 | extern char clm_version[];
      |             ^~~~~~~~~~~
  CC      drivers/media/platform/exynos/fimc-is2/ischain/fimc-is-v5_2_0/fimc-is-hw-dvfs.o
  CC      drivers/media/v4l2-core/videobuf2-memops.o
  CC      drivers/media/v4l2-core/videobuf2-ion.o
  CC      drivers/of/base.o
  CC      drivers/media/platform/exynos/fimc-is2/ischain/fimc-is-v5_2_0/fimc-is-subdev-3aa.o
  CC      drivers/media/platform/exynos/fimc-is2/ischain/fimc-is-v5_2_0/fimc-is-subdev-3ac.o
In file included from /home/runner/work/android_kernel_samsung_universal8895/android_kernel_samsung_universal8895/include/linux/if_ether.h:23,
                 from /home/runner/work/android_kernel_samsung_universal8895/android_kernel_samsung_universal8895/include/uapi/linux/ethtool.h:17,
                 from /home/runner/work/android_kernel_samsung_universal8895/android_kernel_samsung_universal8895/include/linux/ethtool.h:16,
                 from /home/runner/work/android_kernel_samsung_universal8895/android_kernel_samsung_universal8895/include/linux/netdevice.h:42,
                 from /home/runner/work/android_kernel_samsung_universal8895/android_kernel_samsung_universal8895/drivers/net/wireless/bcmdhd4361/include/linuxver.h:86,
                 from /home/runner/work/android_kernel_samsung_universal8895/android_kernel_samsung_universal8895/drivers/net/wireless/bcmdhd4361/dhd_sec_feature.h:65,
                 from <command-line>:
/home/runner/work/android_kernel_samsung_universal8895/android_kernel_samsung_universal8895/drivers/net/wireless/bcmdhd4361/dhd_linux.c: In function ‘dhd_napi_poll’:
/home/runner/work/android_kernel_samsung_universal8895/android_kernel_samsung_universal8895/include/linux/skbuff.h:1513:20: warning: array subscript ‘struct sk_buff[0]’ is partly outside array bounds of ‘struct sk_buff_head[1]’ [-Warray-bounds]
 1513 |         next->prev = last;
      |         ~~~~~~~~~~~^~~~~~
/home/runner/work/android_kernel_samsung_universal8895/android_kernel_samsung_universal8895/drivers/net/wireless/bcmdhd4361/dhd_linux.c:2412:29: note: while referencing ‘rx_process_queue’
 2412 |         struct sk_buff_head rx_process_queue;
      |                             ^~~~~~~~~~~~~~~~
  LD      drivers/media/v4l2-core/videodev.o
  LD      drivers/media/v4l2-core/built-in.o
  CC      drivers/net/wireless/bcmdhd4361/dhd_linux_sched.o
  CC      drivers/media/platform/exynos/fimc-is2/ischain/fimc-is-v5_2_0/fimc-is-subdev-3ap.o
  CC      drivers/of/device.o
  CC      drivers/net/wireless/bcmdhd4361/dhd_custom_memprealloc.o
  CC      drivers/net/wireless/bcmdhd4361/dhd_cfg80211.o
  CC      drivers/media/platform/exynos/fimc-is2/ischain/fimc-is-v5_2_0/fimc-is-subdev-isp.o
  CC      drivers/of/platform.o
  CC      drivers/net/wireless/bcmdhd4361/dhd_custom_exynos.o
  CC      drivers/media/platform/exynos/fimc-is2/ischain/fimc-is-v5_2_0/fimc-is-subdev-ixc.o
  CC      drivers/media/platform/exynos/fimc-is2/sensor/fimc-is-helper-i2c.o
  CC      drivers/of/fdt.o
  CC      drivers/net/wireless/bcmdhd4361/dhd_linux_wq.o
  CC      drivers/media/platform/exynos/fimc-is2/ischain/fimc-is-v5_2_0/fimc-is-subdev-ixp.o
  CC      drivers/media/platform/exynos/fimc-is2/sensor/csi2/fimc-is-hw-csi-v5_0.o
  CC      drivers/of/fdt_address.o
  CC      drivers/media/platform/exynos/fimc-is2/ischain/fimc-is-v5_2_0/fimc-is-subdev-dis.o
  CC      drivers/net/wireless/bcmdhd4361/aiutils.o
  CC      drivers/of/address.o
  LD      drivers/media/platform/exynos/fimc-is2/sensor/csi2/built-in.o
  CC      drivers/media/platform/exynos/fimc-is2/sensor/flite/fimc-is-hw-flite-v4_20_0.o
  CC      drivers/media/platform/exynos/fimc-is2/ischain/fimc-is-v5_2_0/fimc-is-subdev-dxc.o
  LD      drivers/media/platform/exynos/fimc-is2/sensor/flite/built-in.o
  CC      drivers/media/platform/exynos/fimc-is2/sensor/module_framework/fimc-is-interface-sensor.o
  CC      drivers/of/irq.o
  CC      drivers/media/platform/exynos/fimc-is2/ischain/fimc-is-v5_2_0/fimc-is-subdev-mcs.o
  CC      drivers/net/wireless/bcmdhd4361/bcmevent.o
  CC      drivers/of/of_net.o
  CC      drivers/media/platform/exynos/fimc-is2/ischain/fimc-is-v5_2_0/fimc-is-subdev-mcsp.o
  CC      drivers/net/wireless/bcmdhd4361/bcmutils.o
  CC      drivers/of/of_mdio.o
/home/runner/work/android_kernel_samsung_universal8895/android_kernel_samsung_universal8895/drivers/net/wireless/bcmdhd4361/bcmutils.c: In function ‘pktsetprio’:
/home/runner/work/android_kernel_samsung_universal8895/android_kernel_samsung_universal8895/drivers/net/wireless/bcmdhd4361/bcmutils.c:274:31: warning: converting a packed ‘struct ether_header’ pointer (alignment 1) to a ‘struct ethervlan_header’ pointer (alignment 2) may result in an unaligned pointer value [-Waddress-of-packed-member]
  274 |                 evh = (struct ethervlan_header *)eh;
      |                               ^~~~~~~~~~~~~~~~
In file included from /home/runner/work/android_kernel_samsung_universal8895/android_kernel_samsung_universal8895/drivers/net/wireless/bcmdhd4361/bcmutils.c:64:
/home/runner/work/android_kernel_samsung_universal8895/android_kernel_samsung_universal8895/drivers/net/wireless/bcmdhd4361/include/ethernet.h:124:30: note: defined here
  124 | BWL_PRE_PACKED_STRUCT struct ether_header {
      |                              ^~~~~~~~~~~~
In file included from /home/runner/work/android_kernel_samsung_universal8895/android_kernel_samsung_universal8895/drivers/net/wireless/bcmdhd4361/bcmutils.c:65:
/home/runner/work/android_kernel_samsung_universal8895/android_kernel_samsung_universal8895/drivers/net/wireless/bcmdhd4361/include/vlan.h:62:8: note: defined here
   62 | struct ethervlan_header {
      |        ^~~~~~~~~~~~~~~~
/home/runner/work/android_kernel_samsung_universal8895/android_kernel_samsung_universal8895/drivers/net/wireless/bcmdhd4361/bcmutils.c: In function ‘pktgetdscp’:
/home/runner/work/android_kernel_samsung_universal8895/android_kernel_samsung_universal8895/drivers/net/wireless/bcmdhd4361/bcmutils.c:422:31: warning: converting a packed ‘struct ether_header’ pointer (alignment 1) to a ‘struct ethervlan_header’ pointer (alignment 2) may result in an unaligned pointer value [-Waddress-of-packed-member]
  422 |                 evh = (struct ethervlan_header *)eh;
      |                               ^~~~~~~~~~~~~~~~
In file included from /home/runner/work/android_kernel_samsung_universal8895/android_kernel_samsung_universal8895/drivers/net/wireless/bcmdhd4361/bcmutils.c:64:
/home/runner/work/android_kernel_samsung_universal8895/android_kernel_samsung_universal8895/drivers/net/wireless/bcmdhd4361/include/ethernet.h:124:30: note: defined here
  124 | BWL_PRE_PACKED_STRUCT struct ether_header {
      |                              ^~~~~~~~~~~~
In file included from /home/runner/work/android_kernel_samsung_universal8895/android_kernel_samsung_universal8895/drivers/net/wireless/bcmdhd4361/bcmutils.c:65:
/home/runner/work/android_kernel_samsung_universal8895/android_kernel_samsung_universal8895/drivers/net/wireless/bcmdhd4361/include/vlan.h:62:8: note: defined here
   62 | struct ethervlan_header {
      |        ^~~~~~~~~~~~~~~~
  CC      drivers/media/platform/exynos/fimc-is2/ischain/fimc-is-v5_2_0/fimc-is-subdev-vra.o
  CC      drivers/media/platform/exynos/fimc-is2/sensor/module_framework/fimc-is-interface-actuator.o
  CC      drivers/of/of_pci.o
  CC      drivers/media/platform/exynos/fimc-is2/ischain/fimc-is-v5_2_0/fimc-is-subdev-sensor.o
  CC      drivers/media/platform/exynos/fimc-is2/sensor/module_framework/fimc-is-control-sensor.o
  CC      drivers/of/of_pci_irq.o
  CC      drivers/media/platform/exynos/fimc-is2/ischain/fimc-is-v5_2_0/fimc-is-subdev-sensor_bns.o
  CC      drivers/net/wireless/bcmdhd4361/bcmwifi_channels.o
  CC      drivers/of/of_reserved_mem.o
  CC      drivers/media/platform/exynos/fimc-is2/ischain/fimc-is-v5_2_0/fimc-is-subdev-sensor_vc0.o
  CC      drivers/media/platform/exynos/fimc-is2/sensor/module_framework/fimc-is-control-actuator.o
  LD      drivers/of/built-in.o
  CC      drivers/optics/hrm_max86902.o
  CC      drivers/media/platform/exynos/fimc-is2/ischain/fimc-is-v5_2_0/fimc-is-subdev-sensor_vc1.o
  CC      drivers/media/platform/exynos/fimc-is2/sensor/module_framework/fimc-is-device-sensor-peri.o
  CC      drivers/net/wireless/bcmdhd4361/hndpmu.o
  CC      drivers/media/platform/exynos/fimc-is2/ischain/fimc-is-v5_2_0/fimc-is-subdev-sensor_vc2.o
  CC      drivers/net/wireless/bcmdhd4361/linux_osl.o
  CC      drivers/media/platform/exynos/fimc-is2/ischain/fimc-is-v5_2_0/fimc-is-subdev-sensor_vc3.o
  LD      drivers/media/platform/exynos/fimc-is2/ischain/fimc-is-v5_2_0/built-in.o
  LD      drivers/media/platform/exynos/fimc-is2/ischain/built-in.o
  CC      drivers/media/media-device.o
  LD      drivers/media/platform/exynos/fimc-is2/sensor/module_framework/built-in.o
  CC      drivers/media/platform/exynos/fimc-is2/sensor/module_framework/actuator/fimc-is-helper-actuator-i2c.o
  CC      drivers/net/wireless/bcmdhd4361/linux_pkt.o
  CC      drivers/media/platform/exynos/fimc-is2/sensor/module_framework/actuator/fimc-is-actuator-ak7371.o
  CC      drivers/media/media-devnode.o
  CC      drivers/optics/hrmsensor.o
  CC      drivers/net/wireless/bcmdhd4361/sbutils.o
  CC      drivers/net/veth.o
  CC      drivers/media/platform/exynos/fimc-is2/sensor/module_framework/actuator/fimc-is-actuator-ak7372.o
  LD      drivers/media/platform/exynos/fimc-is2/sensor/module_framework/actuator/built-in.o
  CC      drivers/pci/access.o
  CC      drivers/media/platform/exynos/fimc-is2/sensor/module_framework/cis/fimc-is-cis.o
  CC      drivers/net/wireless/bcmdhd4361/siutils.o
  LD      drivers/optics/built-in.o
  CC      drivers/perf/arm_pmu.o
  CC      drivers/media/platform/exynos/fimc-is2/sensor/module_framework/cis/fimc-is-cis-3h1.o
  CC      drivers/pci/bus.o
  LD      drivers/perf/built-in.o
  CC      drivers/media/platform/exynos/fimc-is2/vendor/mcd/fimc-is-vender.o
  CC      drivers/pci/probe.o
  CC      drivers/media/platform/exynos/fimc-is2/sensor/module_framework/cis/fimc-is-cis-3m3.o
  CC      drivers/net/wireless/bcmdhd4361/wl_android.o
  CC      drivers/media/platform/exynos/fimc-is2/vendor/mcd/fimc-is-sec-define.o
  CC      drivers/pci/host-bridge.o
  CC      drivers/media/platform/exynos/fimc-is2/sensor/module_framework/cis/fimc-is-cis-2l1.o
  CC      drivers/pci/remove.o
  CC      drivers/pci/pci.o
  CC      drivers/media/platform/exynos/fimc-is2/sensor/module_framework/cis/fimc-is-cis-2l2.o
  CC      drivers/media/platform/exynos/fimc-is2/vendor/mcd/crc32.o
  CC      drivers/media/platform/exynos/fimc-is2/vendor/mcd/fimc-is-sysfs.o
/home/runner/work/android_kernel_samsung_universal8895/android_kernel_samsung_universal8895/drivers/media/platform/exynos/fimc-is2/vendor/mcd/fimc-is-sysfs.c: In function ‘camera_ssrm_camera_info_store’:
/home/runner/work/android_kernel_samsung_universal8895/android_kernel_samsung_universal8895/drivers/media/platform/exynos/fimc-is2/vendor/mcd/fimc-is-sysfs.c:248:47: warning: expression does not compute the number of elements in this array; element type is ‘struct ssrm_camera_data’, not ‘int’ [-Wsizeof-array-div]
  248 |         if (ret_count > sizeof(SsrmCameraInfo)/sizeof(int))
      |                                               ^
/home/runner/work/android_kernel_samsung_universal8895/android_kernel_samsung_universal8895/drivers/media/platform/exynos/fimc-is2/vendor/mcd/fimc-is-sysfs.c:248:47: note: add parentheses around the second ‘sizeof’ to silence this warning
/home/runner/work/android_kernel_samsung_universal8895/android_kernel_samsung_universal8895/drivers/media/platform/exynos/fimc-is2/vendor/mcd/fimc-is-sysfs.c:112:25: note: array ‘SsrmCameraInfo’ declared here
  112 | struct ssrm_camera_data SsrmCameraInfo[FIMC_IS_SENSOR_COUNT];
      |                         ^~~~~~~~~~~~~~
/home/runner/work/android_kernel_samsung_universal8895/android_kernel_samsung_universal8895/drivers/media/platform/exynos/fimc-is2/vendor/mcd/fimc-is-sysfs.c: In function ‘camera_rear_paf_offset_far_show’:
/home/runner/work/android_kernel_samsung_universal8895/android_kernel_samsung_universal8895/drivers/media/platform/exynos/fimc-is2/vendor/mcd/fimc-is-sysfs.c:2256:9: warning: ‘strncat’ specified bound 1 equals source length [-Wstringop-overflow=]
 2256 |         strncat(buf, "\n", strlen("\n"));
      |         ^~~~~~~~~~~~~~~~~~~~~~~~~~~~~~~~
/home/runner/work/android_kernel_samsung_universal8895/android_kernel_samsung_universal8895/drivers/media/platform/exynos/fimc-is2/vendor/mcd/fimc-is-sysfs.c: In function ‘camera_rear_afcal_show’:
/home/runner/work/android_kernel_samsung_universal8895/android_kernel_samsung_universal8895/drivers/media/platform/exynos/fimc-is2/vendor/mcd/fimc-is-sysfs.c:2165:9: warning: ‘strncat’ specified bound 3 equals source length [-Wstringop-overflow=]
 2165 |         strncat(buf, "10 ", strlen("10 "));
      |         ^~~~~~~~~~~~~~~~~~~~~~~~~~~~~~~~~~
/home/runner/work/android_kernel_samsung_universal8895/android_kernel_samsung_universal8895/drivers/media/platform/exynos/fimc-is2/vendor/mcd/fimc-is-sysfs.c: In function ‘camera_rear2_info_show’:
/home/runner/work/android_kernel_samsung_universal8895/android_kernel_samsung_universal8895/drivers/media/platform/exynos/fimc-is2/vendor/mcd/fimc-is-sysfs.c:1352:25: warning: ‘strncat’ specified bound 4 equals source length [-Wstringop-overflow=]
 1352 |                         strncat(camera_info, "INT;", strlen("INT;"));
      |                         ^~~~~~~~~~~~~~~~~~~~~~~~~~~~~~~~~~~~~~~~~~~~
/home/runner/work/android_kernel_samsung_universal8895/android_kernel_samsung_universal8895/drivers/media/platform/exynos/fimc-is2/vendor/mcd/fimc-is-sysfs.c:1355:25: warning: ‘strncat’ specified bound 4 equals source length [-Wstringop-overflow=]
 1355 |                         strncat(camera_info, "EXT;", strlen("EXT;"));
      |                         ^~~~~~~~~~~~~~~~~~~~~~~~~~~~~~~~~~~~~~~~~~~~
/home/runner/work/android_kernel_samsung_universal8895/android_kernel_samsung_universal8895/drivers/media/platform/exynos/fimc-is2/vendor/mcd/fimc-is-sysfs.c:1358:25: warning: ‘strncat’ specified bound 4 equals source length [-Wstringop-overflow=]
 1358 |                         strncat(camera_info, "SOC;", strlen("SOC;"));
      |                         ^~~~~~~~~~~~~~~~~~~~~~~~~~~~~~~~~~~~~~~~~~~~
/home/runner/work/android_kernel_samsung_universal8895/android_kernel_samsung_universal8895/drivers/media/platform/exynos/fimc-is2/vendor/mcd/fimc-is-sysfs.c:1361:25: warning: ‘strncat’ specified bound 5 equals source length [-Wstringop-overflow=]
 1361 |                         strncat(camera_info, "NULL;", strlen("NULL;"));
      |                         ^~~~~~~~~~~~~~~~~~~~~~~~~~~~~~~~~~~~~~~~~~~~~~
/home/runner/work/android_kernel_samsung_universal8895/android_kernel_samsung_universal8895/drivers/media/platform/exynos/fimc-is2/vendor/mcd/fimc-is-sysfs.c:1365:17: warning: ‘strncat’ specified bound 7 equals source length [-Wstringop-overflow=]
 1365 |                 strncat(camera_info, "CALMEM=", strlen("CALMEM="));
      |                 ^~~~~~~~~~~~~~~~~~~~~~~~~~~~~~~~~~~~~~~~~~~~~~~~~~
/home/runner/work/android_kernel_samsung_universal8895/android_kernel_samsung_universal8895/drivers/media/platform/exynos/fimc-is2/vendor/mcd/fimc-is-sysfs.c:1368:25: warning: ‘strncat’ specified bound 2 equals source length [-Wstringop-overflow=]
 1368 |                         strncat(camera_info, "N;", strlen("N;"));
      |                         ^~~~~~~~~~~~~~~~~~~~~~~~~~~~~~~~~~~~~~~~
/home/runner/work/android_kernel_samsung_universal8895/android_kernel_samsung_universal8895/drivers/media/platform/exynos/fimc-is2/vendor/mcd/fimc-is-sysfs.c:1373:25: warning: ‘strncat’ specified bound 2 equals source length [-Wstringop-overflow=]
 1373 |                         strncat(camera_info, "Y;", strlen("Y;"));
      |                         ^~~~~~~~~~~~~~~~~~~~~~~~~~~~~~~~~~~~~~~~
/home/runner/work/android_kernel_samsung_universal8895/android_kernel_samsung_universal8895/drivers/media/platform/exynos/fimc-is2/vendor/mcd/fimc-is-sysfs.c:1376:25: warning: ‘strncat’ specified bound 5 equals source length [-Wstringop-overflow=]
 1376 |                         strncat(camera_info, "NULL;", strlen("NULL;"));
      |                         ^~~~~~~~~~~~~~~~~~~~~~~~~~~~~~~~~~~~~~~~~~~~~~
/home/runner/work/android_kernel_samsung_universal8895/android_kernel_samsung_universal8895/drivers/media/platform/exynos/fimc-is2/vendor/mcd/fimc-is-sysfs.c:1380:17: warning: ‘strncat’ specified bound 8 equals source length [-Wstringop-overflow=]
 1380 |                 strncat(camera_info, "READVER=", strlen("READVER="));
      |                 ^~~~~~~~~~~~~~~~~~~~~~~~~~~~~~~~~~~~~~~~~~~~~~~~~~~~
/home/runner/work/android_kernel_samsung_universal8895/android_kernel_samsung_universal8895/drivers/media/platform/exynos/fimc-is2/vendor/mcd/fimc-is-sysfs.c:1383:25: warning: ‘strncat’ specified bound 6 equals source length [-Wstringop-overflow=]
 1383 |                         strncat(camera_info, "SYSFS;", strlen("SYSFS;"));
      |                         ^~~~~~~~~~~~~~~~~~~~~~~~~~~~~~~~~~~~~~~~~~~~~~~~
/home/runner/work/android_kernel_samsung_universal8895/android_kernel_samsung_universal8895/drivers/media/platform/exynos/fimc-is2/vendor/mcd/fimc-is-sysfs.c:1386:25: warning: ‘strncat’ specified bound 6 equals source length [-Wstringop-overflow=]
 1386 |                         strncat(camera_info, "CAMON;", strlen("CAMON;"));
      |                         ^~~~~~~~~~~~~~~~~~~~~~~~~~~~~~~~~~~~~~~~~~~~~~~~
/home/runner/work/android_kernel_samsung_universal8895/android_kernel_samsung_universal8895/drivers/media/platform/exynos/fimc-is2/vendor/mcd/fimc-is-sysfs.c:1389:25: warning: ‘strncat’ specified bound 5 equals source length [-Wstringop-overflow=]
 1389 |                         strncat(camera_info, "NULL;", strlen("NULL;"));
      |                         ^~~~~~~~~~~~~~~~~~~~~~~~~~~~~~~~~~~~~~~~~~~~~~
/home/runner/work/android_kernel_samsung_universal8895/android_kernel_samsung_universal8895/drivers/media/platform/exynos/fimc-is2/vendor/mcd/fimc-is-sysfs.c:1393:17: warning: ‘strncat’ specified bound 9 equals source length [-Wstringop-overflow=]
 1393 |                 strncat(camera_info, "COREVOLT=", strlen("COREVOLT="));
      |                 ^~~~~~~~~~~~~~~~~~~~~~~~~~~~~~~~~~~~~~~~~~~~~~~~~~~~~~
/home/runner/work/android_kernel_samsung_universal8895/android_kernel_samsung_universal8895/drivers/media/platform/exynos/fimc-is2/vendor/mcd/fimc-is-sysfs.c:1396:25: warning: ‘strncat’ specified bound 2 equals source length [-Wstringop-overflow=]
 1396 |                         strncat(camera_info, "N;", strlen("N;"));
      |                         ^~~~~~~~~~~~~~~~~~~~~~~~~~~~~~~~~~~~~~~~
/home/runner/work/android_kernel_samsung_universal8895/android_kernel_samsung_universal8895/drivers/media/platform/exynos/fimc-is2/vendor/mcd/fimc-is-sysfs.c:1399:25: warning: ‘strncat’ specified bound 2 equals source length [-Wstringop-overflow=]
 1399 |                         strncat(camera_info, "Y;", strlen("Y;"));
      |                         ^~~~~~~~~~~~~~~~~~~~~~~~~~~~~~~~~~~~~~~~
/home/runner/work/android_kernel_samsung_universal8895/android_kernel_samsung_universal8895/drivers/media/platform/exynos/fimc-is2/vendor/mcd/fimc-is-sysfs.c:1402:25: warning: ‘strncat’ specified bound 5 equals source length [-Wstringop-overflow=]
 1402 |                         strncat(camera_info, "NULL;", strlen("NULL;"));
      |                         ^~~~~~~~~~~~~~~~~~~~~~~~~~~~~~~~~~~~~~~~~~~~~~
/home/runner/work/android_kernel_samsung_universal8895/android_kernel_samsung_universal8895/drivers/media/platform/exynos/fimc-is2/vendor/mcd/fimc-is-sysfs.c:1406:17: warning: ‘strncat’ specified bound 8 equals source length [-Wstringop-overflow=]
 1406 |                 strncat(camera_info, "UPGRADE=", strlen("UPGRADE="));
      |                 ^~~~~~~~~~~~~~~~~~~~~~~~~~~~~~~~~~~~~~~~~~~~~~~~~~~~
/home/runner/work/android_kernel_samsung_universal8895/android_kernel_samsung_universal8895/drivers/media/platform/exynos/fimc-is2/vendor/mcd/fimc-is-sysfs.c:1409:25: warning: ‘strncat’ specified bound 2 equals source length [-Wstringop-overflow=]
 1409 |                         strncat(camera_info, "N;", strlen("N;"));
      |                         ^~~~~~~~~~~~~~~~~~~~~~~~~~~~~~~~~~~~~~~~
/home/runner/work/android_kernel_samsung_universal8895/android_kernel_samsung_universal8895/drivers/media/platform/exynos/fimc-is2/vendor/mcd/fimc-is-sysfs.c:1412:25: warning: ‘strncat’ specified bound 6 equals source length [-Wstringop-overflow=]
 1412 |                         strncat(camera_info, "SYSFS;", strlen("SYSFS;"));
      |                         ^~~~~~~~~~~~~~~~~~~~~~~~~~~~~~~~~~~~~~~~~~~~~~~~
/home/runner/work/android_kernel_samsung_universal8895/android_kernel_samsung_universal8895/drivers/media/platform/exynos/fimc-is2/vendor/mcd/fimc-is-sysfs.c:1415:25: warning: ‘strncat’ specified bound 6 equals source length [-Wstringop-overflow=]
 1415 |                         strncat(camera_info, "CAMON;", strlen("CAMON;"));
      |                         ^~~~~~~~~~~~~~~~~~~~~~~~~~~~~~~~~~~~~~~~~~~~~~~~
/home/runner/work/android_kernel_samsung_universal8895/android_kernel_samsung_universal8895/drivers/media/platform/exynos/fimc-is2/vendor/mcd/fimc-is-sysfs.c:1418:25: warning: ‘strncat’ specified bound 5 equals source length [-Wstringop-overflow=]
 1418 |                         strncat(camera_info, "NULL;", strlen("NULL;"));
      |                         ^~~~~~~~~~~~~~~~~~~~~~~~~~~~~~~~~~~~~~~~~~~~~~
/home/runner/work/android_kernel_samsung_universal8895/android_kernel_samsung_universal8895/drivers/media/platform/exynos/fimc-is2/vendor/mcd/fimc-is-sysfs.c:1422:17: warning: ‘strncat’ specified bound 8 equals source length [-Wstringop-overflow=]
 1422 |                 strncat(camera_info, "FWWRITE=", strlen("FWWRITE="));
      |                 ^~~~~~~~~~~~~~~~~~~~~~~~~~~~~~~~~~~~~~~~~~~~~~~~~~~~
/home/runner/work/android_kernel_samsung_universal8895/android_kernel_samsung_universal8895/drivers/media/platform/exynos/fimc-is2/vendor/mcd/fimc-is-sysfs.c:1425:25: warning: ‘strncat’ specified bound 2 equals source length [-Wstringop-overflow=]
 1425 |                         strncat(camera_info, "N;", strlen("N;"));
      |                         ^~~~~~~~~~~~~~~~~~~~~~~~~~~~~~~~~~~~~~~~
/home/runner/work/android_kernel_samsung_universal8895/android_kernel_samsung_universal8895/drivers/media/platform/exynos/fimc-is2/vendor/mcd/fimc-is-sysfs.c:1428:25: warning: ‘strncat’ specified bound 3 equals source length [-Wstringop-overflow=]
 1428 |                         strncat(camera_info, "OS;", strlen("OS;"));
      |                         ^~~~~~~~~~~~~~~~~~~~~~~~~~~~~~~~~~~~~~~~~~
/home/runner/work/android_kernel_samsung_universal8895/android_kernel_samsung_universal8895/drivers/media/platform/exynos/fimc-is2/vendor/mcd/fimc-is-sysfs.c:1431:25: warning: ‘strncat’ specified bound 3 equals source length [-Wstringop-overflow=]
 1431 |                         strncat(camera_info, "SD;", strlen("SD;"));
      |                         ^~~~~~~~~~~~~~~~~~~~~~~~~~~~~~~~~~~~~~~~~~
/home/runner/work/android_kernel_samsung_universal8895/android_kernel_samsung_universal8895/drivers/media/platform/exynos/fimc-is2/vendor/mcd/fimc-is-sysfs.c:1434:25: warning: ‘strncat’ specified bound 4 equals source length [-Wstringop-overflow=]
 1434 |                         strncat(camera_info, "ALL;", strlen("ALL;"));
      |                         ^~~~~~~~~~~~~~~~~~~~~~~~~~~~~~~~~~~~~~~~~~~~
/home/runner/work/android_kernel_samsung_universal8895/android_kernel_samsung_universal8895/drivers/media/platform/exynos/fimc-is2/vendor/mcd/fimc-is-sysfs.c:1437:25: warning: ‘strncat’ specified bound 5 equals source length [-Wstringop-overflow=]
 1437 |                         strncat(camera_info, "NULL;", strlen("NULL;"));
      |                         ^~~~~~~~~~~~~~~~~~~~~~~~~~~~~~~~~~~~~~~~~~~~~~
/home/runner/work/android_kernel_samsung_universal8895/android_kernel_samsung_universal8895/drivers/media/platform/exynos/fimc-is2/vendor/mcd/fimc-is-sysfs.c:1441:17: warning: ‘strncat’ specified bound 7 equals source length [-Wstringop-overflow=]
 1441 |                 strncat(camera_info, "FWDUMP=", strlen("FWDUMP="));
      |                 ^~~~~~~~~~~~~~~~~~~~~~~~~~~~~~~~~~~~~~~~~~~~~~~~~~
/home/runner/work/android_kernel_samsung_universal8895/android_kernel_samsung_universal8895/drivers/media/platform/exynos/fimc-is2/vendor/mcd/fimc-is-sysfs.c:1444:25: warning: ‘strncat’ specified bound 2 equals source length [-Wstringop-overflow=]
 1444 |                         strncat(camera_info, "N;", strlen("N;"));
      |                         ^~~~~~~~~~~~~~~~~~~~~~~~~~~~~~~~~~~~~~~~
/home/runner/work/android_kernel_samsung_universal8895/android_kernel_samsung_universal8895/drivers/media/platform/exynos/fimc-is2/vendor/mcd/fimc-is-sysfs.c:1447:25: warning: ‘strncat’ specified bound 2 equals source length [-Wstringop-overflow=]
 1447 |                         strncat(camera_info, "Y;", strlen("Y;"));
      |                         ^~~~~~~~~~~~~~~~~~~~~~~~~~~~~~~~~~~~~~~~
/home/runner/work/android_kernel_samsung_universal8895/android_kernel_samsung_universal8895/drivers/media/platform/exynos/fimc-is2/vendor/mcd/fimc-is-sysfs.c:1450:25: warning: ‘strncat’ specified bound 5 equals source length [-Wstringop-overflow=]
 1450 |                         strncat(camera_info, "NULL;", strlen("NULL;"));
      |                         ^~~~~~~~~~~~~~~~~~~~~~~~~~~~~~~~~~~~~~~~~~~~~~
/home/runner/work/android_kernel_samsung_universal8895/android_kernel_samsung_universal8895/drivers/media/platform/exynos/fimc-is2/vendor/mcd/fimc-is-sysfs.c:1454:17: warning: ‘strncat’ specified bound 3 equals source length [-Wstringop-overflow=]
 1454 |                 strncat(camera_info, "CC=", strlen("CC="));
      |                 ^~~~~~~~~~~~~~~~~~~~~~~~~~~~~~~~~~~~~~~~~~
/home/runner/work/android_kernel_samsung_universal8895/android_kernel_samsung_universal8895/drivers/media/platform/exynos/fimc-is2/vendor/mcd/fimc-is-sysfs.c:1457:25: warning: ‘strncat’ specified bound 2 equals source length [-Wstringop-overflow=]
 1457 |                         strncat(camera_info, "N;", strlen("N;"));
      |                         ^~~~~~~~~~~~~~~~~~~~~~~~~~~~~~~~~~~~~~~~
/home/runner/work/android_kernel_samsung_universal8895/android_kernel_samsung_universal8895/drivers/media/platform/exynos/fimc-is2/vendor/mcd/fimc-is-sysfs.c:1460:25: warning: ‘strncat’ specified bound 2 equals source length [-Wstringop-overflow=]
 1460 |                         strncat(camera_info, "Y;", strlen("Y;"));
      |                         ^~~~~~~~~~~~~~~~~~~~~~~~~~~~~~~~~~~~~~~~
/home/runner/work/android_kernel_samsung_universal8895/android_kernel_samsung_universal8895/drivers/media/platform/exynos/fimc-is2/vendor/mcd/fimc-is-sysfs.c:1463:25: warning: ‘strncat’ specified bound 5 equals source length [-Wstringop-overflow=]
 1463 |                         strncat(camera_info, "NULL;", strlen("NULL;"));
      |                         ^~~~~~~~~~~~~~~~~~~~~~~~~~~~~~~~~~~~~~~~~~~~~~
/home/runner/work/android_kernel_samsung_universal8895/android_kernel_samsung_universal8895/drivers/media/platform/exynos/fimc-is2/vendor/mcd/fimc-is-sysfs.c:1467:17: warning: ‘strncat’ specified bound 4 equals source length [-Wstringop-overflow=]
 1467 |                 strncat(camera_info, "OIS=", strlen("OIS="));
      |                 ^~~~~~~~~~~~~~~~~~~~~~~~~~~~~~~~~~~~~~~~~~~~
/home/runner/work/android_kernel_samsung_universal8895/android_kernel_samsung_universal8895/drivers/media/platform/exynos/fimc-is2/vendor/mcd/fimc-is-sysfs.c:1470:25: warning: ‘strncat’ specified bound 2 equals source length [-Wstringop-overflow=]
 1470 |                         strncat(camera_info, "N;", strlen("N;"));
      |                         ^~~~~~~~~~~~~~~~~~~~~~~~~~~~~~~~~~~~~~~~
/home/runner/work/android_kernel_samsung_universal8895/android_kernel_samsung_universal8895/drivers/media/platform/exynos/fimc-is2/vendor/mcd/fimc-is-sysfs.c:1473:25: warning: ‘strncat’ specified bound 2 equals source length [-Wstringop-overflow=]
 1473 |                         strncat(camera_info, "Y;", strlen("Y;"));
      |                         ^~~~~~~~~~~~~~~~~~~~~~~~~~~~~~~~~~~~~~~~
/home/runner/work/android_kernel_samsung_universal8895/android_kernel_samsung_universal8895/drivers/media/platform/exynos/fimc-is2/vendor/mcd/fimc-is-sysfs.c:1476:25: warning: ‘strncat’ specified bound 5 equals source length [-Wstringop-overflow=]
 1476 |                         strncat(camera_info, "NULL;", strlen("NULL;"));
      |                         ^~~~~~~~~~~~~~~~~~~~~~~~~~~~~~~~~~~~~~~~~~~~~~
/home/runner/work/android_kernel_samsung_universal8895/android_kernel_samsung_universal8895/drivers/media/platform/exynos/fimc-is2/vendor/mcd/fimc-is-sysfs.c:1480:17: warning: ‘strncat’ specified bound 6 equals source length [-Wstringop-overflow=]
 1480 |                 strncat(camera_info, "VALID=", strlen("VALID="));
      |                 ^~~~~~~~~~~~~~~~~~~~~~~~~~~~~~~~~~~~~~~~~~~~~~~~
/home/runner/work/android_kernel_samsung_universal8895/android_kernel_samsung_universal8895/drivers/media/platform/exynos/fimc-is2/vendor/mcd/fimc-is-sysfs.c:1483:25: warning: ‘strncat’ specified bound 2 equals source length [-Wstringop-overflow=]
 1483 |                         strncat(camera_info, "N;", strlen("N;"));
      |                         ^~~~~~~~~~~~~~~~~~~~~~~~~~~~~~~~~~~~~~~~
/home/runner/work/android_kernel_samsung_universal8895/android_kernel_samsung_universal8895/drivers/media/platform/exynos/fimc-is2/vendor/mcd/fimc-is-sysfs.c:1486:25: warning: ‘strncat’ specified bound 2 equals source length [-Wstringop-overflow=]
 1486 |                         strncat(camera_info, "Y;", strlen("Y;"));
      |                         ^~~~~~~~~~~~~~~~~~~~~~~~~~~~~~~~~~~~~~~~
/home/runner/work/android_kernel_samsung_universal8895/android_kernel_samsung_universal8895/drivers/media/platform/exynos/fimc-is2/vendor/mcd/fimc-is-sysfs.c:1489:25: warning: ‘strncat’ specified bound 5 equals source length [-Wstringop-overflow=]
 1489 |                         strncat(camera_info, "NULL;", strlen("NULL;"));
      |                         ^~~~~~~~~~~~~~~~~~~~~~~~~~~~~~~~~~~~~~~~~~~~~~
/home/runner/work/android_kernel_samsung_universal8895/android_kernel_samsung_universal8895/drivers/media/platform/exynos/fimc-is2/vendor/mcd/fimc-is-sysfs.c:1493:17: warning: ‘strncat’ specified bound 9 equals source length [-Wstringop-overflow=]
 1493 |                 strncat(camera_info, "DUALOPEN=", strlen("DUALOPEN="));
      |                 ^~~~~~~~~~~~~~~~~~~~~~~~~~~~~~~~~~~~~~~~~~~~~~~~~~~~~~
/home/runner/work/android_kernel_samsung_universal8895/android_kernel_samsung_universal8895/drivers/media/platform/exynos/fimc-is2/vendor/mcd/fimc-is-sysfs.c:1496:25: warning: ‘strncat’ specified bound 2 equals source length [-Wstringop-overflow=]
 1496 |                         strncat(camera_info, "N;", strlen("N;"));
      |                         ^~~~~~~~~~~~~~~~~~~~~~~~~~~~~~~~~~~~~~~~
/home/runner/work/android_kernel_samsung_universal8895/android_kernel_samsung_universal8895/drivers/media/platform/exynos/fimc-is2/vendor/mcd/fimc-is-sysfs.c:1499:25: warning: ‘strncat’ specified bound 2 equals source length [-Wstringop-overflow=]
 1499 |                         strncat(camera_info, "Y;", strlen("Y;"));
      |                         ^~~~~~~~~~~~~~~~~~~~~~~~~~~~~~~~~~~~~~~~
/home/runner/work/android_kernel_samsung_universal8895/android_kernel_samsung_universal8895/drivers/media/platform/exynos/fimc-is2/vendor/mcd/fimc-is-sysfs.c:1502:25: warning: ‘strncat’ specified bound 5 equals source length [-Wstringop-overflow=]
 1502 |                         strncat(camera_info, "NULL;", strlen("NULL;"));
      |                         ^~~~~~~~~~~~~~~~~~~~~~~~~~~~~~~~~~~~~~~~~~~~~~
/home/runner/work/android_kernel_samsung_universal8895/android_kernel_samsung_universal8895/drivers/media/platform/exynos/fimc-is2/vendor/mcd/fimc-is-sysfs.c: In function ‘camera_rear2_afcal_show’:
/home/runner/work/android_kernel_samsung_universal8895/android_kernel_samsung_universal8895/drivers/media/platform/exynos/fimc-is2/vendor/mcd/fimc-is-sysfs.c:1526:9: warning: ‘strncat’ specified bound 3 equals source length [-Wstringop-overflow=]
 1526 |         strncat(buf, "10 ", strlen("10 "));
      |         ^~~~~~~~~~~~~~~~~~~~~~~~~~~~~~~~~~
  CC      drivers/media/platform/exynos/fimc-is2/sensor/module_framework/cis/fimc-is-cis-imx320.o
/home/runner/work/android_kernel_samsung_universal8895/android_kernel_samsung_universal8895/drivers/media/platform/exynos/fimc-is2/vendor/mcd/fimc-is-sysfs.c: In function ‘camera_ois_autotest_2nd_show’:
/home/runner/work/android_kernel_samsung_universal8895/android_kernel_samsung_universal8895/drivers/media/platform/exynos/fimc-is2/vendor/mcd/fimc-is-sysfs.c:1943:17: warning: ‘strncat’ specified bound depends on the length of the source argument [-Wstringop-overflow=]
 1943 |                 strncat(wide_buffer, tele_buffer, strlen(tele_buffer));
      |                 ^~~~~~~~~~~~~~~~~~~~~~~~~~~~~~~~~~~~~~~~~~~~~~~~~~~~~~
/home/runner/work/android_kernel_samsung_universal8895/android_kernel_samsung_universal8895/drivers/media/platform/exynos/fimc-is2/vendor/mcd/fimc-is-sysfs.c: In function ‘camera_rear2_afcal_show’:
/home/runner/work/android_kernel_samsung_universal8895/android_kernel_samsung_universal8895/drivers/media/platform/exynos/fimc-is2/vendor/mcd/fimc-is-sysfs.c:1533:9: warning: ‘strncat’ specified bound depends on the length of the source argument [-Wstringop-overflow=]
 1533 |         strncat(buf, tempbuf, strlen(tempbuf));
      |         ^~~~~~~~~~~~~~~~~~~~~~~~~~~~~~~~~~~~~~
/home/runner/work/android_kernel_samsung_universal8895/android_kernel_samsung_universal8895/drivers/media/platform/exynos/fimc-is2/vendor/mcd/fimc-is-sysfs.c:1540:9: warning: ‘strncat’ specified bound depends on the length of the source argument [-Wstringop-overflow=]
 1540 |         strncat(buf, tempbuf, strlen(tempbuf));
      |         ^~~~~~~~~~~~~~~~~~~~~~~~~~~~~~~~~~~~~~
/home/runner/work/android_kernel_samsung_universal8895/android_kernel_samsung_universal8895/drivers/media/platform/exynos/fimc-is2/vendor/mcd/fimc-is-sysfs.c:1547:9: warning: ‘strncat’ specified bound depends on the length of the source argument [-Wstringop-overflow=]
 1547 |         strncat(buf, tempbuf, strlen(tempbuf));
      |         ^~~~~~~~~~~~~~~~~~~~~~~~~~~~~~~~~~~~~~
/home/runner/work/android_kernel_samsung_universal8895/android_kernel_samsung_universal8895/drivers/media/platform/exynos/fimc-is2/vendor/mcd/fimc-is-sysfs.c:1554:9: warning: ‘strncat’ specified bound depends on the length of the source argument [-Wstringop-overflow=]
 1554 |         strncat(buf, tempbuf, strlen(tempbuf));
      |         ^~~~~~~~~~~~~~~~~~~~~~~~~~~~~~~~~~~~~~
/home/runner/work/android_kernel_samsung_universal8895/android_kernel_samsung_universal8895/drivers/media/platform/exynos/fimc-is2/vendor/mcd/fimc-is-sysfs.c:1561:9: warning: ‘strncat’ specified bound depends on the length of the source argument [-Wstringop-overflow=]
 1561 |         strncat(buf, tempbuf, strlen(tempbuf));
      |         ^~~~~~~~~~~~~~~~~~~~~~~~~~~~~~~~~~~~~~
/home/runner/work/android_kernel_samsung_universal8895/android_kernel_samsung_universal8895/drivers/media/platform/exynos/fimc-is2/vendor/mcd/fimc-is-sysfs.c:1568:9: warning: ‘strncat’ specified bound depends on the length of the source argument [-Wstringop-overflow=]
 1568 |         strncat(buf, tempbuf, strlen(tempbuf));
      |         ^~~~~~~~~~~~~~~~~~~~~~~~~~~~~~~~~~~~~~
/home/runner/work/android_kernel_samsung_universal8895/android_kernel_samsung_universal8895/drivers/media/platform/exynos/fimc-is2/vendor/mcd/fimc-is-sysfs.c:1575:9: warning: ‘strncat’ specified bound depends on the length of the source argument [-Wstringop-overflow=]
 1575 |         strncat(buf, tempbuf, strlen(tempbuf));
      |         ^~~~~~~~~~~~~~~~~~~~~~~~~~~~~~~~~~~~~~
/home/runner/work/android_kernel_samsung_universal8895/android_kernel_samsung_universal8895/drivers/media/platform/exynos/fimc-is2/vendor/mcd/fimc-is-sysfs.c:1582:9: warning: ‘strncat’ specified bound depends on the length of the source argument [-Wstringop-overflow=]
 1582 |         strncat(buf, tempbuf, strlen(tempbuf));
      |         ^~~~~~~~~~~~~~~~~~~~~~~~~~~~~~~~~~~~~~
/home/runner/work/android_kernel_samsung_universal8895/android_kernel_samsung_universal8895/drivers/media/platform/exynos/fimc-is2/vendor/mcd/fimc-is-sysfs.c:1589:9: warning: ‘strncat’ specified bound depends on the length of the source argument [-Wstringop-overflow=]
 1589 |         strncat(buf, tempbuf, strlen(tempbuf));
      |         ^~~~~~~~~~~~~~~~~~~~~~~~~~~~~~~~~~~~~~
/home/runner/work/android_kernel_samsung_universal8895/android_kernel_samsung_universal8895/drivers/media/platform/exynos/fimc-is2/vendor/mcd/fimc-is-sysfs.c: In function ‘camera_rear_afcal_show’:
/home/runner/work/android_kernel_samsung_universal8895/android_kernel_samsung_universal8895/drivers/media/platform/exynos/fimc-is2/vendor/mcd/fimc-is-sysfs.c:2172:9: warning: ‘strncat’ specified bound depends on the length of the source argument [-Wstringop-overflow=]
 2172 |         strncat(buf, tempbuf, strlen(tempbuf));
      |         ^~~~~~~~~~~~~~~~~~~~~~~~~~~~~~~~~~~~~~
/home/runner/work/android_kernel_samsung_universal8895/android_kernel_samsung_universal8895/drivers/media/platform/exynos/fimc-is2/vendor/mcd/fimc-is-sysfs.c:2179:9: warning: ‘strncat’ specified bound depends on the length of the source argument [-Wstringop-overflow=]
 2179 |         strncat(buf, tempbuf, strlen(tempbuf));
      |         ^~~~~~~~~~~~~~~~~~~~~~~~~~~~~~~~~~~~~~
/home/runner/work/android_kernel_samsung_universal8895/android_kernel_samsung_universal8895/drivers/media/platform/exynos/fimc-is2/vendor/mcd/fimc-is-sysfs.c:2186:9: warning: ‘strncat’ specified bound depends on the length of the source argument [-Wstringop-overflow=]
 2186 |         strncat(buf, tempbuf, strlen(tempbuf));
      |         ^~~~~~~~~~~~~~~~~~~~~~~~~~~~~~~~~~~~~~
/home/runner/work/android_kernel_samsung_universal8895/android_kernel_samsung_universal8895/drivers/media/platform/exynos/fimc-is2/vendor/mcd/fimc-is-sysfs.c:2193:9: warning: ‘strncat’ specified bound depends on the length of the source argument [-Wstringop-overflow=]
 2193 |         strncat(buf, tempbuf, strlen(tempbuf));
      |         ^~~~~~~~~~~~~~~~~~~~~~~~~~~~~~~~~~~~~~
/home/runner/work/android_kernel_samsung_universal8895/android_kernel_samsung_universal8895/drivers/media/platform/exynos/fimc-is2/vendor/mcd/fimc-is-sysfs.c:2200:9: warning: ‘strncat’ specified bound depends on the length of the source argument [-Wstringop-overflow=]
 2200 |         strncat(buf, tempbuf, strlen(tempbuf));
      |         ^~~~~~~~~~~~~~~~~~~~~~~~~~~~~~~~~~~~~~
/home/runner/work/android_kernel_samsung_universal8895/android_kernel_samsung_universal8895/drivers/media/platform/exynos/fimc-is2/vendor/mcd/fimc-is-sysfs.c:2207:9: warning: ‘strncat’ specified bound depends on the length of the source argument [-Wstringop-overflow=]
 2207 |         strncat(buf, tempbuf, strlen(tempbuf));
      |         ^~~~~~~~~~~~~~~~~~~~~~~~~~~~~~~~~~~~~~
/home/runner/work/android_kernel_samsung_universal8895/android_kernel_samsung_universal8895/drivers/media/platform/exynos/fimc-is2/vendor/mcd/fimc-is-sysfs.c:2214:9: warning: ‘strncat’ specified bound depends on the length of the source argument [-Wstringop-overflow=]
 2214 |         strncat(buf, tempbuf, strlen(tempbuf));
      |         ^~~~~~~~~~~~~~~~~~~~~~~~~~~~~~~~~~~~~~
/home/runner/work/android_kernel_samsung_universal8895/android_kernel_samsung_universal8895/drivers/media/platform/exynos/fimc-is2/vendor/mcd/fimc-is-sysfs.c:2221:9: warning: ‘strncat’ specified bound depends on the length of the source argument [-Wstringop-overflow=]
 2221 |         strncat(buf, tempbuf, strlen(tempbuf));
      |         ^~~~~~~~~~~~~~~~~~~~~~~~~~~~~~~~~~~~~~
/home/runner/work/android_kernel_samsung_universal8895/android_kernel_samsung_universal8895/drivers/media/platform/exynos/fimc-is2/vendor/mcd/fimc-is-sysfs.c:2228:9: warning: ‘strncat’ specified bound depends on the length of the source argument [-Wstringop-overflow=]
 2228 |         strncat(buf, tempbuf, strlen(tempbuf));
      |         ^~~~~~~~~~~~~~~~~~~~~~~~~~~~~~~~~~~~~~
  CC      drivers/pci/pci-driver.o
/home/runner/work/android_kernel_samsung_universal8895/android_kernel_samsung_universal8895/drivers/media/platform/exynos/fimc-is2/vendor/mcd/fimc-is-sysfs.c: In function ‘camera_rear_paf_offset_far_show’:
/home/runner/work/android_kernel_samsung_universal8895/android_kernel_samsung_universal8895/drivers/media/platform/exynos/fimc-is2/vendor/mcd/fimc-is-sysfs.c:2250:17: warning: ‘strncat’ specified bound depends on the length of the source argument [-Wstringop-overflow=]
 2250 |                 strncat(buf, tempbuf, strlen(tempbuf));
      |                 ^~~~~~~~~~~~~~~~~~~~~~~~~~~~~~~~~~~~~~
/home/runner/work/android_kernel_samsung_universal8895/android_kernel_samsung_universal8895/drivers/media/platform/exynos/fimc-is2/vendor/mcd/fimc-is-sysfs.c:2255:9: warning: ‘strncat’ specified bound depends on the length of the source argument [-Wstringop-overflow=]
 2255 |         strncat(buf, tempbuf, strlen(tempbuf));
      |         ^~~~~~~~~~~~~~~~~~~~~~~~~~~~~~~~~~~~~~
  CC      drivers/media/platform/exynos/fimc-is2/sensor/module_framework/cis/fimc-is-cis-imx333.o
  CC      drivers/media/platform/exynos/fimc-is2/vendor/mcd/fimc-is-device-from.o
  CC      drivers/pci/search.o
  CC      drivers/media/platform/exynos/fimc-is2/vendor/mcd/fimc-is-pmic.o
  CC      drivers/net/wireless/bcmdhd4361/wl_cfg80211.o
  CC      drivers/pci/pci-sysfs.o
  LD      drivers/media/platform/exynos/fimc-is2/sensor/module_framework/cis/built-in.o
  CC      drivers/media/platform/exynos/fimc-is2/vendor/mcd/fimc-is-companion_c3.o
  CC      drivers/media/platform/exynos/fimc-is2/sensor/module_framework/flash/fimc-is-flash-s2mpb02.o
  CC      drivers/pci/rom.o
  CC      drivers/media/platform/exynos/fimc-is2/sensor/module_framework/flash/fimc-is-flash-gpio.o
  CC      drivers/pci/setup-res.o
  LD      drivers/media/platform/exynos/fimc-is2/sensor/module_framework/flash/built-in.o
  CC      drivers/media/platform/exynos/fimc-is2/sensor/module_framework/modules/fimc-is-device-module-base.o
  CC      drivers/media/platform/exynos/fimc-is2/vendor/mcd/fimc-is-device-ois_common.o
  CC      drivers/pci/irq.o
  CC      drivers/pci/vpd.o
  CC      drivers/media/platform/exynos/fimc-is2/sensor/module_framework/modules/fimc-is-device-module-3h1.o
  CC      drivers/media/platform/exynos/fimc-is2/vendor/mcd/fimc-is-device-af.o
  CC      drivers/pci/setup-bus.o
  CC      drivers/media/platform/exynos/fimc-is2/vendor/mcd/fimc-is-device-eeprom.o
  CC      drivers/media/platform/exynos/fimc-is2/sensor/module_framework/modules/fimc-is-device-module-3h1-c3.o
  CC      drivers/media/platform/exynos/fimc-is2/vendor/mcd/fimc-is-device-ois_s6.o
  CC      drivers/pci/vc.o
  CC      drivers/pci/proc.o
  CC      drivers/pci/slot.o
  CC      drivers/media/platform/exynos/fimc-is2/vendor/mcd/preprocessor/fimc-is-interface-preprocessor.o
  CC      drivers/pci/quirks.o
  CC      drivers/media/platform/exynos/fimc-is2/vendor/mcd/preprocessor/fimc-is-module-preprocessor.o
  CC      drivers/media/platform/exynos/fimc-is2/sensor/module_framework/modules/fimc-is-device-module-3m3.o
  CC      drivers/pci/host/pcie-designware.o
  CC      drivers/media/platform/exynos/fimc-is2/vendor/mcd/preprocessor/fimc-is-preprocessor-c3.o
  CC      drivers/pci/host/pci-exynos.o
  CC      drivers/media/platform/exynos/fimc-is2/sensor/module_framework/modules/fimc-is-device-module-2l1.o
  LD      drivers/media/platform/exynos/fimc-is2/vendor/mcd/preprocessor/built-in.o
  LD      drivers/media/platform/exynos/fimc-is2/vendor/mcd/built-in.o
  LD      drivers/media/platform/exynos/fimc-is2/vendor/built-in.o
  CC      drivers/pci/pcie/portdrv_core.o
  CC      drivers/pci/pcie/portdrv_pci.o
  CC      drivers/pci/host/pci-exynos8895_cal.o
  CC      drivers/pci/pcie/portdrv_bus.o
  LD      drivers/pci/host/built-in.o
  CC      drivers/media/media-entity.o
  CC      drivers/pci/pcie/portdrv_acpi.o
  CC      drivers/phy/phy-core.o
  CC      drivers/pci/pcie/aer/aerdrv_errprint.o
  CC      drivers/pci/pcie/aer/aerdrv_core.o
  CC      drivers/phy/phy-exynos8895-mipi.o
  CC      drivers/phy/phy-exynos-displayport.o
  CC      drivers/pci/pcie/aer/aerdrv.o
  CC      drivers/phy/phy-exynos5-usbdrd.o
  CC      drivers/pci/pcie/aer/aerdrv_acpi.o
  CC      drivers/phy/phy-exynos-usbdrd.o
  LD      drivers/pci/pcie/aer/aerdriver.o
  LD      drivers/pci/pcie/aer/built-in.o
  CC      drivers/pci/pcie/pme.o
  CC      drivers/phy/phy-samsung-usb3-cal.o
  LD      drivers/pci/pcie/pcieportdrv.o
  LD      drivers/pci/pcie/built-in.o
  CC      drivers/pci/msi.o
  LD      drivers/phy/built-in.o
  CC      drivers/net/wireless/bcmdhd4361/wl_cfgp2p.o
  CC      drivers/pci/setup-irq.o
  CC      drivers/pci/pci-acpi.o
  CC      drivers/media/platform/exynos/fimc-is2/sensor/module_framework/modules/fimc-is-device-module-2l2.o
/home/runner/work/android_kernel_samsung_universal8895/android_kernel_samsung_universal8895/drivers/media/platform/exynos/fimc-is2/sensor/module_framework/modules/fimc-is-device-module-2l2.c: In function ‘sensor_2l2_power_setpin’:
/home/runner/work/android_kernel_samsung_universal8895/android_kernel_samsung_universal8895/drivers/media/platform/exynos/fimc-is2/sensor/module_framework/modules/fimc-is-device-module-2l2.c:384:17: warning: this ‘if’ clause does not guard... [-Wmisleading-indentation]
  384 |                 if (gpio_is_valid(gpio_ois_reset))
      |                 ^~
In file included from /home/runner/work/android_kernel_samsung_universal8895/android_kernel_samsung_universal8895/drivers/media/platform/exynos/fimc-is2/fimc-is-core.h:53,
                 from /home/runner/work/android_kernel_samsung_universal8895/android_kernel_samsung_universal8895/drivers/media/platform/exynos/fimc-is2/sensor/module_framework/modules/fimc-is-device-module-2l2.c:35:
/home/runner/work/android_kernel_samsung_universal8895/android_kernel_samsung_universal8895/drivers/media/platform/exynos/fimc-is2/include/exynos-fimc-is-module.h:75:9: note: ...this statement, but the latter is misleadingly indented as if it were guarded by the ‘if’
   75 |         do {                                                                                    \
      |         ^~
/home/runner/work/android_kernel_samsung_universal8895/android_kernel_samsung_universal8895/drivers/media/platform/exynos/fimc-is2/sensor/module_framework/modules/fimc-is-device-module-2l2.c:386:25: note: in expansion of macro ‘SET_PIN_SHARED’
  386 |                         SET_PIN_SHARED(pdata, SENSOR_SCENARIO_NORMAL, GPIO_SCENARIO_STANDBY_OFF, SRT_ACQUIRE,
      |                         ^~~~~~~~~~~~~~
  CC      drivers/pci/pci-label.o
  CC      drivers/pci/syscall.o
  LD      drivers/media/platform/exynos/fimc-is2/fimc-is.o
  CC      drivers/media/m2m1shot.o
  CC      drivers/pci/of.o
  CC      drivers/net/wireless/bcmdhd4361/wl_cfg_btcoex.o
  LD      drivers/pci/built-in.o
  CC      drivers/pinctrl/core.o
  LD      drivers/platform/built-in.o
  CC      drivers/media/platform/exynos/fimc-is2/sensor/module_framework/modules/fimc-is-device-module-imx320.o
  CC      drivers/net/wireless/bcmdhd4361/wldev_common.o
  CC      drivers/pinctrl/pinctrl-utils.o
  CC      drivers/media/platform/exynos/fimc-is2/sensor/module_framework/modules/fimc-is-device-module-imx320-c3.o
  CC      drivers/pnp/core.o
  CC      drivers/pinctrl/pinmux.o
  CC      drivers/net/wireless/bcmdhd4361/wl_linux_mon.o
  CC      drivers/pnp/card.o
  CC      drivers/pinctrl/pinconf.o
  CC      drivers/net/wireless/bcmdhd4361/wl_roam.o
  CC      drivers/pnp/driver.o
  CC      drivers/pinctrl/devicetree.o
  LD      drivers/pinctrl/freescale/built-in.o
  LD      drivers/pinctrl/nomadik/built-in.o
  CC      drivers/pinctrl/samsung/pinctrl-samsung.o
  CC      drivers/pnp/resource.o
In file included from /home/runner/work/android_kernel_samsung_universal8895/android_kernel_samsung_universal8895/include/linux/list.h:8,
                 from /home/runner/work/android_kernel_samsung_universal8895/android_kernel_samsung_universal8895/include/linux/module.h:9,
                 from /home/runner/work/android_kernel_samsung_universal8895/android_kernel_samsung_universal8895/drivers/pnp/resource.c:10:
/home/runner/work/android_kernel_samsung_universal8895/android_kernel_samsung_universal8895/drivers/pnp/resource.c: In function ‘pnp_check_port’:
/home/runner/work/android_kernel_samsung_universal8895/android_kernel_samsung_universal8895/include/linux/kernel.h:823:9: warning: array subscript -45 is outside array bounds of ‘struct list_head[1]’ [-Warray-bounds]
  823 |         (type *)( (char *)__mptr - offsetof(type,member) );})
      |         ^~~~~~~~~~~~~~~~~~~~~~~~~~~~~~~~~~~~~~~~~~~~~~~~~~
/home/runner/work/android_kernel_samsung_universal8895/android_kernel_samsung_universal8895/include/linux/list.h:352:9: note: in expansion of macro ‘container_of’
  352 |         container_of(ptr, type, member)
      |         ^~~~~~~~~~~~
/home/runner/work/android_kernel_samsung_universal8895/android_kernel_samsung_universal8895/include/linux/pnp.h:274:30: note: in expansion of macro ‘list_entry’
  274 | #define global_to_pnp_dev(n) list_entry(n, struct pnp_dev, global_list)
      |                              ^~~~~~~~~~
/home/runner/work/android_kernel_samsung_universal8895/android_kernel_samsung_universal8895/include/linux/pnp.h:280:18: note: in expansion of macro ‘global_to_pnp_dev’
  280 |         (dev) != global_to_pnp_dev(&pnp_global); \
      |                  ^~~~~~~~~~~~~~~~~
/home/runner/work/android_kernel_samsung_universal8895/android_kernel_samsung_universal8895/drivers/pnp/resource.c:206:9: note: in expansion of macro ‘pnp_for_each_dev’
  206 |         pnp_for_each_dev(tdev) {
      |         ^~~~~~~~~~~~~~~~
In file included from /home/runner/work/android_kernel_samsung_universal8895/android_kernel_samsung_universal8895/drivers/pnp/resource.c:22:
/home/runner/work/android_kernel_samsung_universal8895/android_kernel_samsung_universal8895/include/linux/pnp.h:453:25: note: while referencing ‘pnp_global’
  453 | extern struct list_head pnp_global;
      |                         ^~~~~~~~~~
In file included from /home/runner/work/android_kernel_samsung_universal8895/android_kernel_samsung_universal8895/include/linux/list.h:8,
                 from /home/runner/work/android_kernel_samsung_universal8895/android_kernel_samsung_universal8895/include/linux/module.h:9,
                 from /home/runner/work/android_kernel_samsung_universal8895/android_kernel_samsung_universal8895/drivers/pnp/resource.c:10:
/home/runner/work/android_kernel_samsung_universal8895/android_kernel_samsung_universal8895/drivers/pnp/resource.c: In function ‘pnp_check_mem’:
/home/runner/work/android_kernel_samsung_universal8895/android_kernel_samsung_universal8895/include/linux/kernel.h:823:9: warning: array subscript -45 is outside array bounds of ‘struct list_head[1]’ [-Warray-bounds]
  823 |         (type *)( (char *)__mptr - offsetof(type,member) );})
      |         ^~~~~~~~~~~~~~~~~~~~~~~~~~~~~~~~~~~~~~~~~~~~~~~~~~
/home/runner/work/android_kernel_samsung_universal8895/android_kernel_samsung_universal8895/include/linux/list.h:352:9: note: in expansion of macro ‘container_of’
  352 |         container_of(ptr, type, member)
      |         ^~~~~~~~~~~~
/home/runner/work/android_kernel_samsung_universal8895/android_kernel_samsung_universal8895/include/linux/pnp.h:274:30: note: in expansion of macro ‘list_entry’
  274 | #define global_to_pnp_dev(n) list_entry(n, struct pnp_dev, global_list)
      |                              ^~~~~~~~~~
/home/runner/work/android_kernel_samsung_universal8895/android_kernel_samsung_universal8895/include/linux/pnp.h:280:18: note: in expansion of macro ‘global_to_pnp_dev’
  280 |         (dev) != global_to_pnp_dev(&pnp_global); \
      |                  ^~~~~~~~~~~~~~~~~
/home/runner/work/android_kernel_samsung_universal8895/android_kernel_samsung_universal8895/drivers/pnp/resource.c:269:9: note: in expansion of macro ‘pnp_for_each_dev’
  269 |         pnp_for_each_dev(tdev) {
      |         ^~~~~~~~~~~~~~~~
In file included from /home/runner/work/android_kernel_samsung_universal8895/android_kernel_samsung_universal8895/drivers/pnp/resource.c:22:
/home/runner/work/android_kernel_samsung_universal8895/android_kernel_samsung_universal8895/include/linux/pnp.h:453:25: note: while referencing ‘pnp_global’
  453 | extern struct list_head pnp_global;
      |                         ^~~~~~~~~~
In file included from /home/runner/work/android_kernel_samsung_universal8895/android_kernel_samsung_universal8895/include/linux/list.h:8,
                 from /home/runner/work/android_kernel_samsung_universal8895/android_kernel_samsung_universal8895/include/linux/module.h:9,
                 from /home/runner/work/android_kernel_samsung_universal8895/android_kernel_samsung_universal8895/drivers/pnp/resource.c:10:
/home/runner/work/android_kernel_samsung_universal8895/android_kernel_samsung_universal8895/drivers/pnp/resource.c: In function ‘pnp_check_irq’:
/home/runner/work/android_kernel_samsung_universal8895/android_kernel_samsung_universal8895/include/linux/kernel.h:823:9: warning: array subscript -45 is outside array bounds of ‘struct list_head[1]’ [-Warray-bounds]
  823 |         (type *)( (char *)__mptr - offsetof(type,member) );})
      |         ^~~~~~~~~~~~~~~~~~~~~~~~~~~~~~~~~~~~~~~~~~~~~~~~~~
/home/runner/work/android_kernel_samsung_universal8895/android_kernel_samsung_universal8895/include/linux/list.h:352:9: note: in expansion of macro ‘container_of’
  352 |         container_of(ptr, type, member)
      |         ^~~~~~~~~~~~
/home/runner/work/android_kernel_samsung_universal8895/android_kernel_samsung_universal8895/include/linux/pnp.h:274:30: note: in expansion of macro ‘list_entry’
  274 | #define global_to_pnp_dev(n) list_entry(n, struct pnp_dev, global_list)
      |                              ^~~~~~~~~~
/home/runner/work/android_kernel_samsung_universal8895/android_kernel_samsung_universal8895/include/linux/pnp.h:280:18: note: in expansion of macro ‘global_to_pnp_dev’
  280 |         (dev) != global_to_pnp_dev(&pnp_global); \
      |                  ^~~~~~~~~~~~~~~~~
/home/runner/work/android_kernel_samsung_universal8895/android_kernel_samsung_universal8895/drivers/pnp/resource.c:396:9: note: in expansion of macro ‘pnp_for_each_dev’
  396 |         pnp_for_each_dev(tdev) {
      |         ^~~~~~~~~~~~~~~~
In file included from /home/runner/work/android_kernel_samsung_universal8895/android_kernel_samsung_universal8895/drivers/pnp/resource.c:22:
/home/runner/work/android_kernel_samsung_universal8895/android_kernel_samsung_universal8895/include/linux/pnp.h:453:25: note: while referencing ‘pnp_global’
  453 | extern struct list_head pnp_global;
      |                         ^~~~~~~~~~
  CC      drivers/net/wireless/bcmdhd4361/dhd_linux_platdev.o
In file included from /home/runner/work/android_kernel_samsung_universal8895/android_kernel_samsung_universal8895/include/linux/list.h:8,
                 from /home/runner/work/android_kernel_samsung_universal8895/android_kernel_samsung_universal8895/include/linux/module.h:9,
                 from /home/runner/work/android_kernel_samsung_universal8895/android_kernel_samsung_universal8895/drivers/pnp/resource.c:10:
/home/runner/work/android_kernel_samsung_universal8895/android_kernel_samsung_universal8895/drivers/pnp/resource.c: In function ‘pnp_range_reserved’:
/home/runner/work/android_kernel_samsung_universal8895/android_kernel_samsung_universal8895/include/linux/kernel.h:823:9: warning: array subscript -45 is outside array bounds of ‘struct list_head[1]’ [-Warray-bounds]
  823 |         (type *)( (char *)__mptr - offsetof(type,member) );})
      |         ^~~~~~~~~~~~~~~~~~~~~~~~~~~~~~~~~~~~~~~~~~~~~~~~~~
/home/runner/work/android_kernel_samsung_universal8895/android_kernel_samsung_universal8895/include/linux/list.h:352:9: note: in expansion of macro ‘container_of’
  352 |         container_of(ptr, type, member)
      |         ^~~~~~~~~~~~
/home/runner/work/android_kernel_samsung_universal8895/android_kernel_samsung_universal8895/include/linux/pnp.h:274:30: note: in expansion of macro ‘list_entry’
  274 | #define global_to_pnp_dev(n) list_entry(n, struct pnp_dev, global_list)
      |                              ^~~~~~~~~~
/home/runner/work/android_kernel_samsung_universal8895/android_kernel_samsung_universal8895/include/linux/pnp.h:280:18: note: in expansion of macro ‘global_to_pnp_dev’
  280 |         (dev) != global_to_pnp_dev(&pnp_global); \
      |                  ^~~~~~~~~~~~~~~~~
/home/runner/work/android_kernel_samsung_universal8895/android_kernel_samsung_universal8895/drivers/pnp/resource.c:691:9: note: in expansion of macro ‘pnp_for_each_dev’
  691 |         pnp_for_each_dev(dev) {
      |         ^~~~~~~~~~~~~~~~
In file included from /home/runner/work/android_kernel_samsung_universal8895/android_kernel_samsung_universal8895/drivers/pnp/resource.c:22:
/home/runner/work/android_kernel_samsung_universal8895/android_kernel_samsung_universal8895/include/linux/pnp.h:453:25: note: while referencing ‘pnp_global’
  453 | extern struct list_head pnp_global;
      |                         ^~~~~~~~~~
  CC      drivers/pnp/manager.o
  CC      drivers/pinctrl/samsung/pinctrl-exynos.o
  CC      drivers/pnp/support.o
  LD      drivers/pinctrl/samsung/built-in.o
  LD      drivers/pinctrl/built-in.o
  CC      drivers/media/m2m1shot-helper.o
  CC      drivers/net/wireless/bcmdhd4361/hnd_pktq.o
  CC      drivers/pnp/interface.o
  CC      drivers/media/m2m1shot2.o
  CC      drivers/pnp/quirks.o
  CC      drivers/media/platform/exynos/fimc-is2/sensor/module_framework/modules/fimc-is-device-module-imx333.o
  CC      drivers/net/wireless/bcmdhd4361/hnd_pktpool.o
/home/runner/work/android_kernel_samsung_universal8895/android_kernel_samsung_universal8895/drivers/media/platform/exynos/fimc-is2/sensor/module_framework/modules/fimc-is-device-module-imx333.c: In function ‘sensor_imx333_power_setpin’:
/home/runner/work/android_kernel_samsung_universal8895/android_kernel_samsung_universal8895/drivers/media/platform/exynos/fimc-is2/sensor/module_framework/modules/fimc-is-device-module-imx333.c:376:17: warning: this ‘if’ clause does not guard... [-Wmisleading-indentation]
  376 |                 if (gpio_is_valid(gpio_ois_reset))
      |                 ^~
In file included from /home/runner/work/android_kernel_samsung_universal8895/android_kernel_samsung_universal8895/drivers/media/platform/exynos/fimc-is2/fimc-is-core.h:53,
                 from /home/runner/work/android_kernel_samsung_universal8895/android_kernel_samsung_universal8895/drivers/media/platform/exynos/fimc-is2/sensor/module_framework/modules/fimc-is-device-module-imx333.c:35:
/home/runner/work/android_kernel_samsung_universal8895/android_kernel_samsung_universal8895/drivers/media/platform/exynos/fimc-is2/include/exynos-fimc-is-module.h:75:9: note: ...this statement, but the latter is misleadingly indented as if it were guarded by the ‘if’
   75 |         do {                                                                                    \
      |         ^~
/home/runner/work/android_kernel_samsung_universal8895/android_kernel_samsung_universal8895/drivers/media/platform/exynos/fimc-is2/sensor/module_framework/modules/fimc-is-device-module-imx333.c:378:25: note: in expansion of macro ‘SET_PIN_SHARED’
  378 |                         SET_PIN_SHARED(pdata, SENSOR_SCENARIO_NORMAL, GPIO_SCENARIO_STANDBY_OFF, SRT_ACQUIRE,
      |                         ^~~~~~~~~~~~~~
  CC      drivers/pnp/system.o
  CC      drivers/pnp/pnpacpi/core.o
  CC      drivers/net/wireless/bcmdhd4361/dhd_custom_cis.o
  CC      drivers/pnp/pnpacpi/rsparser.o
  LD      drivers/media/media.o
  CC      drivers/power/power_supply_core.o
  LD      drivers/pnp/pnpacpi/pnp.o
  LD      drivers/pnp/pnpacpi/built-in.o
  LD      drivers/pnp/pnp.o
  LD      drivers/pnp/built-in.o
  CC      drivers/net/wireless/bcmdhd4361/dhd_debug.o
  CC      drivers/media/platform/exynos/fimc-is2/sensor/module_framework/modules/fimc-is-device-module-5e6.o
  CC      drivers/power/power_supply_sysfs.o
  LD      drivers/power/reset/built-in.o
  LD      drivers/power/power_supply.o
  LD      drivers/power/built-in.o
  CC      drivers/net/wireless/bcmdhd4361/dhd_debug_linux.o
  CC      drivers/pwm/core.o
  LD      drivers/media/platform/exynos/fimc-is2/sensor/module_framework/modules/built-in.o
  LD      drivers/media/platform/exynos/fimc-is2/sensor/built-in.o
  LD      drivers/media/platform/exynos/fimc-is2/built-in.o
  LD      drivers/media/platform/exynos/built-in.o
  CC      drivers/net/wireless/bcmdhd4361/dhd_mschdbg.o
  LD      drivers/media/platform/built-in.o
  CC      drivers/pwm/sysfs.o
  LD      drivers/media/built-in.o
  CC      drivers/ras/ras.o
  CC      drivers/regulator/core.o
  CC      drivers/pwm/pwm-samsung.o
  CC      drivers/ras/debugfs.o
  LD      drivers/pwm/built-in.o
  CC      drivers/rtc/rtc-lib.o
  LD      drivers/ras/built-in.o
  CC      drivers/regulator/dummy.o
  CC      drivers/net/wireless/bcmdhd4361/dhd_dbg_ring.o
  CC      drivers/rtc/hctosys.o
  CC      drivers/regulator/fixed-helper.o
  CC      drivers/rtc/systohc.o
  CC      drivers/scsi/scsi.o
  CC      drivers/rtc/class.o
  CC      drivers/net/wireless/bcmdhd4361/dhd_linux_exportfs.o
  CC      drivers/rtc/interface.o
  CC      drivers/regulator/helpers.o
  CC      drivers/scsi/hosts.o
  CC      drivers/rtc/rtc-dev.o
  CC      drivers/net/wireless/bcmdhd4361/dhd_pcie.o
  CC      drivers/regulator/devres.o
  CC      drivers/scsi/scsi_ioctl.o
  CC      drivers/rtc/rtc-proc.o
  CC      drivers/regulator/of_regulator.o
  CC      drivers/rtc/rtc-sysfs.o
  CC      drivers/regulator/fixed.o
  CC      drivers/scsi/scsicam.o
  CC      drivers/rtc/rtc-s2mps17.o
  CC      drivers/regulator/madera-ldo1.o
  CC      drivers/scsi/scsi_error.o
  LD      drivers/rtc/rtc-core.o
  LD      drivers/rtc/built-in.o
In function ‘concate_revision_bcm4361’,
    inlined from ‘concate_revision’ at /home/runner/work/android_kernel_samsung_universal8895/android_kernel_samsung_universal8895/drivers/net/wireless/bcmdhd4361/dhd_pcie.c:2437:9:
/home/runner/work/android_kernel_samsung_universal8895/android_kernel_samsung_universal8895/drivers/net/wireless/bcmdhd4361/dhd_pcie.c:2394:17: warning: ‘strncat’ specified bound depends on the length of the source argument [-Wstringop-overflow=]
 2394 |                 strncat(nv_path, info->nvram_ext, strlen(info->nvram_ext));
      |                 ^~~~~~~~~~~~~~~~~~~~~~~~~~~~~~~~~~~~~~~~~~~~~~~~~~~~~~~~~~
/home/runner/work/android_kernel_samsung_universal8895/android_kernel_samsung_universal8895/drivers/net/wireless/bcmdhd4361/dhd_pcie.c:2395:17: warning: ‘strncat’ specified bound depends on the length of the source argument [-Wstringop-overflow=]
 2395 |                 strncat(fw_path, info->fw_ext, strlen(info->fw_ext));
      |                 ^~~~~~~~~~~~~~~~~~~~~~~~~~~~~~~~~~~~~~~~~~~~~~~~~~~~
/home/runner/work/android_kernel_samsung_universal8895/android_kernel_samsung_universal8895/drivers/sensorhub/brcm/Makefile:57: ANDROID_MAJOR_VERSION : p
/home/runner/work/android_kernel_samsung_universal8895/android_kernel_samsung_universal8895/drivers/sensorhub/brcm/Makefile:58: ANDROID_PLATFORM_VERSION : 90000
  CC      drivers/regulator/madera-micsupp.o
  CC      drivers/sensorhub/brcm/ssp_dev.o
  CC      drivers/regulator/s2mps17.o
  CC      drivers/sensorhub/brcm/ssp_i2c.o
  CC      drivers/scsi/scsi_lib.o
/home/runner/work/android_kernel_samsung_universal8895/android_kernel_samsung_universal8895/drivers/sensorhub/brcm/ssp_i2c.c: In function ‘select_irq_msg’:
/home/runner/work/android_kernel_samsung_universal8895/android_kernel_samsung_universal8895/drivers/sensorhub/brcm/ssp_i2c.c:95:50: warning: taking address of packed member of ‘struct ssp_msg’ may result in an unaligned pointer value [-Waddress-of-packed-member]
   95 |                                         list_del(&msg->list);
      |                                                  ^~~~~~~~~~
/home/runner/work/android_kernel_samsung_universal8895/android_kernel_samsung_universal8895/drivers/sensorhub/brcm/ssp_i2c.c:124:55: warning: taking address of packed member of ‘struct ssp_msg’ may result in an unaligned pointer value [-Waddress-of-packed-member]
  124 |                                         list_add_tail(&msg->list,
      |                                                       ^~~~~~~~~~
/home/runner/work/android_kernel_samsung_universal8895/android_kernel_samsung_universal8895/drivers/sensorhub/brcm/ssp_i2c.c: In function ‘clean_pending_list’:
/home/runner/work/android_kernel_samsung_universal8895/android_kernel_samsung_universal8895/drivers/sensorhub/brcm/ssp_i2c.c:177:26: warning: taking address of packed member of ‘struct ssp_msg’ may result in an unaligned pointer value [-Waddress-of-packed-member]
  177 |                 list_del(&msg->list);
      |                          ^~~~~~~~~~
  CC      drivers/regulator/s2mps17_powermeter.o
  CC      drivers/sensorhub/brcm/ssp_data.o
  CC      drivers/regulator/s2mpb02-regulator.o
  CC      drivers/sensorhub/brcm/ssp_sysfs.o
  CC      drivers/regulator/s2dos03.o
  CC      drivers/scsi/scsi_common.o
  CC      drivers/scsi/scsi_lib_dma.o
  CC      drivers/scsi/scsi_scan.o
  LD      drivers/regulator/built-in.o
  CC      drivers/soc/samsung/exynos-powermode.o
  CC      drivers/sensorhub/brcm/ssp_firmware.o
  CC      drivers/soc/samsung/exynos-pm.o
  CC      drivers/sensorhub/brcm/ssp_debug.o
  CC      drivers/scsi/scsi_sysfs.o
  CC      drivers/net/wireless/bcmdhd4361/dhd_pcie_linux.o
  CC      drivers/soc/samsung/exynos-smc.o
  CC      drivers/sensorhub/brcm/ssp_dump.o
  CC      drivers/soc/samsung/exynos-el3_mon.o
  CC      drivers/sensorhub/brcm/sensors_core.o
  CC      drivers/soc/samsung/exynos-cpu_hotplug.o
  CC      drivers/scsi/scsi_devinfo.o
  CC      drivers/sensorhub/brcm/ssp_iio_ring.o
  CC      drivers/soc/samsung/exynos-cpumap.o
  CC      drivers/scsi/scsi_sysctl.o
  CC      drivers/soc/samsung/core_reg.o
  CC      drivers/sensorhub/brcm/ssp_iio_trigger.o
  CC      drivers/net/wireless/bcmdhd4361/pcie_core.o
  CC      drivers/scsi/scsi_proc.o
  CC      drivers/soc/samsung/acpm/acpm.o
  CC      drivers/sensorhub/brcm/factory/accel_lsm6dsl.o
  CC      drivers/soc/samsung/acpm/acpm_ipc.o
  CC      drivers/scsi/scsi_trace.o
  CC      drivers/net/wireless/bcmdhd4361/dhd_flowring.o
  CC      drivers/sensorhub/brcm/factory/gyro_lsm6dsl.o
  CC      drivers/scsi/scsi_logging.o
  CC      drivers/soc/samsung/acpm/acpm_mfd.o
  CC      drivers/sensorhub/brcm/factory/magnetic_common.o
  LD      drivers/soc/samsung/acpm/built-in.o
  CC      drivers/scsi/scsi_pm.o
  CC      drivers/soc/samsung/cal-if/cal-if.o
  CC      drivers/net/wireless/bcmdhd4361/dhd_msgbuf.o
  CC      drivers/soc/samsung/cal-if/pmucal_system.o
  CC      drivers/scsi/ufs/ufshcd.o
  CC      drivers/soc/samsung/cal-if/pmucal_local.o
  CC      drivers/sensorhub/brcm/factory/light_tmg399x.o
  CC      drivers/soc/samsung/cal-if/pmucal_cpu.o
  CC      drivers/soc/samsung/cal-if/pmucal_rae.o
  CC      drivers/sensorhub/brcm/factory/prox_autocal_ams.o
  CC      drivers/soc/samsung/cal-if/cmucal.o
  CC      drivers/soc/samsung/cal-if/ra.o
  CC      drivers/sensorhub/brcm/factory/light_colorid.o
  CC      drivers/soc/samsung/cal-if/vclk.o
  CC      drivers/sensorhub/brcm/factory/pressure_lps22h.o
  CC      drivers/soc/samsung/cal-if/pll_spec.o
  CC      drivers/sensorhub/brcm/factory/barcode_emul_tmg3992.o
  CC      drivers/soc/samsung/cal-if/cmucal-debug.o
  CC      drivers/sensorhub/brcm/ssp_sensorhub.o
  CC      drivers/soc/samsung/cal-if/acpm_dvfs.o
  CC      drivers/scsi/ufs/ufs_quirks.o
  CC      drivers/soc/samsung/cal-if/fvmap.o
  CC      drivers/scsi/ufs/ufshcd-pltfrm.o
  CC      drivers/sensorhub/brcm/ssp_misc.o
  CC      drivers/soc/samsung/cal-if/exynos8895/cal_data.o
  CC      drivers/net/wireless/bcmdhd4361/wl_cfgvendor.o
  CC      drivers/sensorhub/brcm/sx9320.o
  CC      drivers/scsi/ufs/ufs-exynos.o
  LD      drivers/soc/samsung/cal-if/built-in.o
  CC      drivers/soc/samsung/exynos-hdcp/exynos-hdcp2-tx-auth.o
  CC      drivers/sensorhub/brcm/ssp_bbd.o
  CC      drivers/scsi/ufs/ufs-exynos-dbg.o
/home/runner/work/android_kernel_samsung_universal8895/android_kernel_samsung_universal8895/drivers/sensorhub/brcm/ssp_bbd.c: In function ‘bbd_do_transfer’:
/home/runner/work/android_kernel_samsung_universal8895/android_kernel_samsung_universal8895/drivers/sensorhub/brcm/ssp_bbd.c:140:31: warning: taking address of packed member of ‘struct ssp_msg’ may result in an unaligned pointer value [-Waddress-of-packed-member]
  140 |                 list_add_tail(&msg->list, &data->pending_list);
      |                               ^~~~~~~~~~
/home/runner/work/android_kernel_samsung_universal8895/android_kernel_samsung_universal8895/drivers/sensorhub/brcm/ssp_bbd.c:171:50: warning: taking address of packed member of ‘struct ssp_msg’ may result in an unaligned pointer value [-Waddress-of-packed-member]
  171 |                                         list_del(&msg->list);
      |                                                  ^~~~~~~~~~
/home/runner/work/android_kernel_samsung_universal8895/android_kernel_samsung_universal8895/drivers/sensorhub/brcm/ssp_bbd.c: In function ‘bbd_on_packet_work_func’:
/home/runner/work/android_kernel_samsung_universal8895/android_kernel_samsung_universal8895/drivers/sensorhub/brcm/ssp_bbd.c:479:50: warning: taking address of packed member of ‘struct ssp_msg’ may result in an unaligned pointer value [-Waddress-of-packed-member]
  479 |                                         list_del(&msg->list);
      |                                                  ^~~~~~~~~~
/home/runner/work/android_kernel_samsung_universal8895/android_kernel_samsung_universal8895/drivers/sensorhub/brcm/ssp_bbd.c:527:55: warning: taking address of packed member of ‘struct ssp_msg’ may result in an unaligned pointer value [-Waddress-of-packed-member]
  527 |                                         list_add_tail(&msg->list, &data->pending_list);
      |                                                       ^~~~~~~~~~
/home/runner/work/android_kernel_samsung_universal8895/android_kernel_samsung_universal8895/drivers/sensorhub/brcm/ssp_bbd.c: In function ‘bbd_find_ssp_msg’:
/home/runner/work/android_kernel_samsung_universal8895/android_kernel_samsung_universal8895/drivers/sensorhub/brcm/ssp_bbd.c:605:34: warning: taking address of packed member of ‘struct ssp_msg’ may result in an unaligned pointer value [-Waddress-of-packed-member]
  605 |                         list_del(&msg->list);
      |                                  ^~~~~~~~~~
/home/runner/work/android_kernel_samsung_universal8895/android_kernel_samsung_universal8895/drivers/sensorhub/brcm/ssp_bbd.c: In function ‘callback_bbd_on_packet’:
/home/runner/work/android_kernel_samsung_universal8895/android_kernel_samsung_universal8895/drivers/sensorhub/brcm/ssp_bbd.c:756:55: warning: taking address of packed member of ‘struct ssp_msg’ may result in an unaligned pointer value [-Waddress-of-packed-member]
  756 |                                         list_add_tail(&msg->list, &data->pending_list);
      |                                                       ^~~~~~~~~~
  CC      drivers/soc/samsung/exynos-hdcp/exynos-hdcp2-tx-session.o
  LD      drivers/scsi/ufs/built-in.o
  CC      drivers/sensorhub/brcm/factory/mcu_bcm4774.o
  CC      drivers/scsi/sd.o
  CC      drivers/soc/samsung/exynos-hdcp/exynos-hdcp2.o
  CC      drivers/soc/samsung/exynos-hdcp/exynos-hdcp2-teeif.o
  CC      drivers/sensorhub/brcm/bbdpl/bcm_gps_spi.o
  CC      drivers/soc/samsung/exynos-hdcp/exynos-hdcp2-protocol-msg.o
  CC      drivers/sensorhub/brcm/bbdpl/bbd_rpc_lh.o
  CC      drivers/soc/samsung/exynos-hdcp/exynos-hdcp2-selftest.o
  CC      drivers/sensorhub/brcm/bbdpl/bbd.o
  CC      drivers/soc/samsung/exynos-hdcp/exynos-hdcp2-misc.o
  CC      drivers/net/wireless/bcmdhd4361/bcmxtlv.o
  CC      drivers/scsi/scsi_srpmb.o
  CC      drivers/soc/samsung/exynos-hdcp/exynos-hdcp2-encrypt.o
  CC      drivers/soc/samsung/exynos-hdcp/exynos-hdcp2-crypto.o
  CC      drivers/soc/samsung/exynos-hdcp/dp_link/exynos-hdcp2-dplink.o
  LD      drivers/sensorhub/brcm/bbdpl/built-in.o
  CC      drivers/sensorhub/brcm/ssp_motorcallback.o
  LD      drivers/scsi/scsi_mod.o
  LD      drivers/scsi/sd_mod.o
  LD      drivers/scsi/built-in.o
  CC      drivers/spi/spi.o
  CC      drivers/net/wireless/bcmdhd4361/bcm_app_utils.o
  CC      drivers/sensorhub/brcm/ssp_iio.o
  CC      drivers/soc/samsung/exynos-hdcp/dp_link/exynos-hdcp2-dplink-if.o
  CC      drivers/soc/samsung/exynos-hdcp/dp_link/exynos-hdcp2-dplink-auth.o
  CC      drivers/net/wireless/bcmdhd4361/wl_cfgnan.o
  LD      drivers/sensorhub/brcm/built-in.o
  LD      drivers/sensorhub/built-in.o
  CC      drivers/spi/spidev.o
  CC      drivers/soc/samsung/exynos-hdcp/dp_link/exynos-hdcp2-dplink-protocol-msg.o
  CC      drivers/soc/samsung/exynos-pmu.o
  CC      drivers/soc/samsung/exynos-hdcp/dp_link/exynos-hdcp2-dplink-selftest.o
  CC      drivers/spi/spi-bitbang.o
  CC      drivers/staging/staging.o
  LD      drivers/soc/samsung/exynos-hdcp/built-in.o
  CC      drivers/soc/samsung/exynos-chipid.o
  CC      drivers/spi/spi-gpio.o
  CC      drivers/staging/android/ion/ion.o
  CC      drivers/soc/samsung/exynos-reboot.o
  CC      drivers/soc/samsung/exynos-pd.o
  CC      drivers/spi/spi-s3c64xx.o
  CC      drivers/soc/samsung/exynos-pd-dbg.o
  CC      drivers/soc/samsung/exynos-pm-dvs.o
  LD      drivers/spi/built-in.o
  CC      drivers/soc/samsung/ect_parser.o
  LD      drivers/staging/iio/accel/built-in.o
  LD      drivers/staging/iio/adc/built-in.o
  LD      drivers/staging/iio/addac/built-in.o
  LD      drivers/staging/iio/cdc/built-in.o
  LD      drivers/staging/iio/frequency/built-in.o
  LD      drivers/staging/iio/gyro/built-in.o
  LD      drivers/staging/iio/impedance-analyzer/built-in.o
  LD      drivers/staging/iio/light/built-in.o
  LD      drivers/staging/iio/magnetometer/built-in.o
  LD      drivers/staging/iio/meter/built-in.o
  LD      drivers/staging/iio/resolver/built-in.o
  LD      drivers/staging/iio/trigger/built-in.o
  LD      drivers/staging/iio/built-in.o
  CC      drivers/net/wireless/bcmdhd4361/bcmbloom.o
  CC      drivers/staging/android/ion/ion_heap.o
  CC      drivers/staging/android/ashmem.o
  CC      drivers/net/wireless/bcmdhd4361/dhd_pktlog.o
  CC      drivers/staging/android/ion/ion_page_pool.o
  CC      drivers/staging/android/ion/ion_system_heap.o
  CC      drivers/staging/android/timed_output.o
  CC      drivers/soc/samsung/cpuidle_profiler.o
  CC      drivers/staging/samsung/sec_notifier/vbus_notifier.o
  CC      drivers/staging/android/ion/ion_carveout_heap.o
  LD      drivers/staging/samsung/sec_notifier/built-in.o
  LD      drivers/staging/media/built-in.o
  CC      drivers/soc/samsung/usi.o
/home/runner/work/android_kernel_samsung_universal8895/android_kernel_samsung_universal8895/drivers/net/wireless/bcmdhd4361/dhd_pktlog.c: In function ‘dhd_pktlog_write_file’:
/home/runner/work/android_kernel_samsung_universal8895/android_kernel_samsung_universal8895/drivers/net/wireless/bcmdhd4361/dhd_pktlog.c:1172:9: warning: ‘snprintf’ argument 4 overlaps destination object ‘dump_path’ [-Wrestrict]
 1172 |         snprintf(dump_path, sizeof(dump_path), "%s_" "%s"
      |         ^~~~~~~~~~~~~~~~~~~~~~~~~~~~~~~~~~~~~~~~~~~~~~~~~
 1173 |                         ".pcap", dump_path,
      |                         ~~~~~~~~~~~~~~~~~~~
 1174 |                         dhdp->debug_dump_time_pktlog_str);
      |                         ~~~~~~~~~~~~~~~~~~~~~~~~~~~~~~~~~
/home/runner/work/android_kernel_samsung_universal8895/android_kernel_samsung_universal8895/drivers/net/wireless/bcmdhd4361/dhd_pktlog.c:1115:14: note: destination object referenced by ‘restrict’-qualified argument 1 was declared here
 1115 |         char dump_path[128];
      |              ^~~~~~~~~
  CC      drivers/staging/samsung/sec_batt.o
  CC      drivers/net/wireless/bcmdhd4361/dhd_event_log_filter.o
  CC      drivers/staging/samsung/sec_log.o
  CC      drivers/soc/samsung/pmu-cp.o
  CC      drivers/staging/android/ion/ion_chunk_heap.o
  CC      drivers/soc/samsung/exynos-seclog.o
  CC      drivers/staging/android/ion/ion_cma_heap.o
  CC      drivers/staging/samsung/sec_sysfs.o
  CC      drivers/staging/samsung/sec_reboot.o
  CC      drivers/staging/android/ion/ion_rbin_heap.o
  CC      drivers/soc/samsung/exynos-sdm.o
  CC      drivers/soc/samsung/exynos-dm.o
  CC      drivers/net/wireless/bcmdhd4361/wl_bigdata.o
  CC      drivers/staging/samsung/sec_debug.o
In function ‘wg_parse_ap_stadata’,
    inlined from ‘wl_gather_ap_stadata’ at /home/runner/work/android_kernel_samsung_universal8895/android_kernel_samsung_universal8895/drivers/net/wireless/bcmdhd4361/wl_bigdata.c:327:9:
/home/runner/work/android_kernel_samsung_universal8895/android_kernel_samsung_universal8895/drivers/net/wireless/bcmdhd4361/wl_bigdata.c:249:24: warning: ‘temp_sta_data.nss’ may be used uninitialized [-Wmaybe-uninitialized]
  249 |         if (ap_sta_data->nss) {
      |             ~~~~~~~~~~~^~~~~
/home/runner/work/android_kernel_samsung_universal8895/android_kernel_samsung_universal8895/drivers/net/wireless/bcmdhd4361/wl_bigdata.c: In function ‘wl_gather_ap_stadata’:
/home/runner/work/android_kernel_samsung_universal8895/android_kernel_samsung_universal8895/drivers/net/wireless/bcmdhd4361/wl_bigdata.c:275:26: note: ‘temp_sta_data’ declared here
  275 |         wl_ap_sta_data_t temp_sta_data;
      |                          ^~~~~~~~~~~~~
In function ‘wg_parse_ap_stadata’,
    inlined from ‘wl_gather_ap_stadata’ at /home/runner/work/android_kernel_samsung_universal8895/android_kernel_samsung_universal8895/drivers/net/wireless/bcmdhd4361/wl_bigdata.c:327:9:
/home/runner/work/android_kernel_samsung_universal8895/android_kernel_samsung_universal8895/drivers/net/wireless/bcmdhd4361/wl_bigdata.c:249:24: warning: ‘temp_sta_data.nss’ may be used uninitialized [-Wmaybe-uninitialized]
  249 |         if (ap_sta_data->nss) {
      |             ~~~~~~~~~~~^~~~~
/home/runner/work/android_kernel_samsung_universal8895/android_kernel_samsung_universal8895/drivers/net/wireless/bcmdhd4361/wl_bigdata.c: In function ‘wl_gather_ap_stadata’:
/home/runner/work/android_kernel_samsung_universal8895/android_kernel_samsung_universal8895/drivers/net/wireless/bcmdhd4361/wl_bigdata.c:275:26: note: ‘temp_sta_data’ declared here
  275 |         wl_ap_sta_data_t temp_sta_data;
      |                          ^~~~~~~~~~~~~
In function ‘wg_parse_ap_stadata’,
    inlined from ‘wl_gather_ap_stadata’ at /home/runner/work/android_kernel_samsung_universal8895/android_kernel_samsung_universal8895/drivers/net/wireless/bcmdhd4361/wl_bigdata.c:327:9:
/home/runner/work/android_kernel_samsung_universal8895/android_kernel_samsung_universal8895/drivers/net/wireless/bcmdhd4361/wl_bigdata.c:249:24: warning: ‘temp_sta_data.nss’ may be used uninitialized [-Wmaybe-uninitialized]
  249 |         if (ap_sta_data->nss) {
      |             ~~~~~~~~~~~^~~~~
/home/runner/work/android_kernel_samsung_universal8895/android_kernel_samsung_universal8895/drivers/net/wireless/bcmdhd4361/wl_bigdata.c: In function ‘wl_gather_ap_stadata’:
/home/runner/work/android_kernel_samsung_universal8895/android_kernel_samsung_universal8895/drivers/net/wireless/bcmdhd4361/wl_bigdata.c:275:26: note: ‘temp_sta_data’ declared here
  275 |         wl_ap_sta_data_t temp_sta_data;
      |                          ^~~~~~~~~~~~~
  CC      drivers/staging/samsung/sec_getlog.o
  CC      drivers/staging/android/ion/ion_test.o
  CC      drivers/net/wireless/bcmdhd4361/wl_bam.o
  CC      drivers/staging/samsung/sec_gaf.o
  CC      drivers/soc/samsung/exynos-mcinfo.o
  CC      drivers/staging/android/ion/compat_ion.o
  CC      drivers/staging/samsung/sec_debug_test.o
  CC      drivers/soc/samsung/secmem.o
  CC      drivers/staging/samsung/sec_debug_hard_reset_hook.o
  LD      drivers/net/wireless/bcmdhd4361/dhd.o
  LD      drivers/net/wireless/bcmdhd4361/built-in.o
  LD      drivers/net/wireless/built-in.o
  LD      drivers/net/built-in.o
  CC      drivers/soc/samsung/exynos-earlytmu.o
  CC      drivers/staging/samsung/sec_debug_reset_reason.o
  CC      drivers/staging/android/ion/exynos/exynos_ion.o
  CC      drivers/switch/switch_class.o
  LD      drivers/soc/samsung/built-in.o
  LD      drivers/soc/built-in.o
  CC      drivers/staging/samsung/sec_debug_extra_info.o
  CC      drivers/staging/samsung/sec_debug_hw_param.o
  CC      drivers/switch/switch-madera.o
  CC      drivers/staging/android/ion/exynos/exynos_ion_sync.o
  CC      drivers/staging/samsung/sec_debug_auto_summary.o
  CC      drivers/staging/android/timed_gpio.o
  CC      drivers/staging/samsung/sec_upload.o
  CC      drivers/staging/android/ion/exynos/ion_hpa_heap.o
  CC      drivers/thermal/thermal_core.o
  CC      drivers/staging/samsung/sec_debug_init_log.o
  LD      drivers/staging/android/ion/exynos/built-in.o
  LD      drivers/staging/android/ion/built-in.o
  CC      drivers/staging/android/lowmemorykiller.o
  CC      drivers/staging/samsung/sec_param.o
  LD      drivers/switch/built-in.o
  CC      drivers/trace/exynos8895-itmon.o
  CC      drivers/staging/samsung/sec_bootstat.o
  CC      drivers/staging/android/alarm-dev.o
  CC      drivers/staging/samsung/sec_argos.o
  CC      drivers/trace/exynos-ss.o
  CC      drivers/staging/android/sync.o
  CC      drivers/staging/samsung/sec_nad.o
  CC      drivers/staging/samsung/sec_fd_detect.o
/home/runner/work/android_kernel_samsung_universal8895/android_kernel_samsung_universal8895/drivers/trace/exynos-ss.c: In function ‘exynos_ss_combine_pmsg.isra’:
/home/runner/work/android_kernel_samsung_universal8895/android_kernel_samsung_universal8895/drivers/trace/exynos-ss.c:3754:56: warning: array subscript 0 is outside the bounds of an interior zero-length array ‘char[0]’ [-Wzero-length-bounds]
 3754 |                         unsigned char prio = logger.msg[0];
      |                                              ~~~~~~~~~~^~~
/home/runner/work/android_kernel_samsung_universal8895/android_kernel_samsung_universal8895/drivers/trace/exynos-ss.c:3324:25: note: while referencing ‘msg’
 3324 |         char            msg[0];
      |                         ^~~
/home/runner/work/android_kernel_samsung_universal8895/android_kernel_samsung_universal8895/drivers/trace/exynos-ss.c:3329:19: note: defined here ‘logger’
 3329 | static ess_logger logger;
      |                   ^~~~~~
  CC      drivers/thermal/thermal_hwmon.o
  CC      drivers/staging/samsung/sec_nad_balancer.o
  CC      drivers/staging/android/sync_debug.o
  CC      drivers/thermal/of-thermal.o
  LD      drivers/staging/samsung/built-in.o
  CC      drivers/tty/tty_io.o
/home/runner/work/android_kernel_samsung_universal8895/android_kernel_samsung_universal8895/drivers/trace/exynos-ss.c: In function ‘exynos_ss_hook_pmsg’:
/home/runner/work/android_kernel_samsung_universal8895/android_kernel_samsung_universal8895/drivers/trace/exynos-ss.c:3892:27: warning: array subscript 0 is outside the bounds of an interior zero-length array ‘char[0]’ [-Wzero-length-bounds]
 3892 |                 logger.msg[0] = buffer[0];
      |                 ~~~~~~~~~~^~~
/home/runner/work/android_kernel_samsung_universal8895/android_kernel_samsung_universal8895/drivers/trace/exynos-ss.c:3324:25: note: while referencing ‘msg’
 3324 |         char            msg[0];
      |                         ^~~
/home/runner/work/android_kernel_samsung_universal8895/android_kernel_samsung_universal8895/drivers/trace/exynos-ss.c:3329:19: note: defined here ‘logger’
 3329 | static ess_logger logger;
      |                   ^~~~~~
  CC      drivers/staging/android/sw_sync.o
  CC      drivers/trace/exynos-coresight.o
  CC      drivers/thermal/step_wise.o
  CC      drivers/staging/android/freecess.o
  LD      drivers/trace/built-in.o
  CC      drivers/usb/class/cdc-acm.o
  CC      drivers/thermal/power_allocator.o
  CC      drivers/staging/android/freecess_pkg.o
  CC      drivers/thermal/cpu_cooling.o
  CC      drivers/tty/n_tty.o
  CC      drivers/usb/class/usblp.o
  LD      drivers/staging/android/built-in.o
  LD      drivers/staging/built-in.o
  CC      drivers/usb/common/common.o
  CC      drivers/thermal/gpu_cooling.o
  LD      drivers/usb/common/usb-common.o
  LD      drivers/usb/common/built-in.o
  CC      drivers/usb/core/usb.o
  CC      drivers/usb/class/cdc-wdm.o
  CC      drivers/thermal/isp_cooling.o
  CC      drivers/tty/tty_ioctl.o
  CC      drivers/usb/core/hub.o
  LD      drivers/usb/class/built-in.o
  CC      drivers/thermal/samsung/exynos_tmu.o
  CC      drivers/video/backlight/lcd.o
  CC      drivers/tty/tty_ldisc.o
  CC      drivers/video/backlight/backlight.o
  CC      drivers/tty/tty_buffer.o
  LD      drivers/video/backlight/built-in.o
  CC      drivers/thermal/samsung/ekernel_thermal.o
  CC      drivers/video/fbdev/core/fb_notify.o
  CC      drivers/video/fbdev/core/fb_cmdline.o
  CC      drivers/tty/tty_port.o
  LD      drivers/thermal/samsung/exynos_thermal.o
  LD      drivers/thermal/samsung/built-in.o
  LD      drivers/thermal/thermal_sys.o
  LD      drivers/thermal/built-in.o
  CC      drivers/video/fbdev/exynos/dpu/dpp_drv.o
  CC      drivers/video/fbdev/core/fbmem.o
  CC      drivers/tty/tty_mutex.o
  CC      drivers/usb/core/hcd.o
  CC      drivers/tty/tty_ldsem.o
  CC      drivers/tty/pty.o
  CC      drivers/video/fbdev/exynos/dpu/dsim_drv.o
  CC      drivers/video/fbdev/core/fbmon.o
  CC      drivers/tty/tty_audit.o
  CC      drivers/usb/core/urb.o
  CC      drivers/tty/sysrq.o
  CC      drivers/video/fbdev/core/fbcmap.o
  CC      drivers/video/fbdev/exynos/dpu/displayport_drv.o
  CC      drivers/usb/core/message.o
/home/runner/work/android_kernel_samsung_universal8895/android_kernel_samsung_universal8895/drivers/video/fbdev/exynos/dpu/displayport_drv.c:1897:13: error: static declaration of ‘check_dex_support’ follows non-static declaration
 1897 | static bool check_dex_support(struct displayport_device *displayport)
      |             ^~~~~~~~~~~~~~~~~
In file included from /home/runner/work/android_kernel_samsung_universal8895/android_kernel_samsung_universal8895/drivers/video/fbdev/exynos/dpu/displayport_drv.c:33:
/home/runner/work/android_kernel_samsung_universal8895/android_kernel_samsung_universal8895/drivers/video/fbdev/exynos/dpu/displayport.h:647:6: note: previous declaration of ‘check_dex_support’ with type ‘bool(struct displayport_device *)’ {aka ‘_Bool(struct displayport_device *)’}
  647 | bool check_dex_support(struct displayport_device *displayport);
      |      ^~~~~~~~~~~~~~~~~
  CC      drivers/video/fbdev/core/fbsysfs.o
/home/runner/work/android_kernel_samsung_universal8895/android_kernel_samsung_universal8895/drivers/video/fbdev/exynos/dpu/displayport_drv.c:1897:13: warning: ‘check_dex_support’ defined but not used [-Wunused-function]
 1897 | static bool check_dex_support(struct displayport_device *displayport)
      |             ^~~~~~~~~~~~~~~~~
make[6]: *** [/home/runner/work/android_kernel_samsung_universal8895/android_kernel_samsung_universal8895/scripts/Makefile.build:266: drivers/video/fbdev/exynos/dpu/displayport_drv.o] Error 1
make[5]: *** [/home/runner/work/android_kernel_samsung_universal8895/android_kernel_samsung_universal8895/scripts/Makefile.build:411: drivers/video/fbdev/exynos/dpu] Error 2
make[4]: *** [/home/runner/work/android_kernel_samsung_universal8895/android_kernel_samsung_universal8895/scripts/Makefile.build:411: drivers/video/fbdev/exynos] Error 2
make[4]: *** Waiting for unfinished jobs....
  LD      drivers/tty/ipwireless/built-in.o
  CC      drivers/usb/dwc3/core.o
  CC      drivers/tty/serial/serial_core.o
  CC      drivers/video/fbdev/core/modedb.o
  CC      drivers/usb/core/driver.o
  CC      drivers/video/fbdev/core/fbcvt.o
  CC      drivers/usb/dwc3/debug.o
  CC      drivers/tty/serial/earlycon.o
  CC      drivers/usb/dwc3/trace.o
  CC      drivers/video/fbdev/core/cfbfillrect.o
  CC      drivers/usb/core/config.o
  CC      drivers/tty/serial/samsung.o
  CC      drivers/video/fbdev/core/cfbcopyarea.o
  CC      drivers/usb/dwc3/otg.o
  CC      drivers/video/fbdev/core/cfbimgblt.o
  CC      drivers/usb/core/file.o
  LD      drivers/video/fbdev/core/fb.o
  LD      drivers/video/fbdev/core/built-in.o
make[3]: *** [/home/runner/work/android_kernel_samsung_universal8895/android_kernel_samsung_universal8895/scripts/Makefile.build:411: drivers/video/fbdev] Error 2
make[2]: *** [/home/runner/work/android_kernel_samsung_universal8895/android_kernel_samsung_universal8895/scripts/Makefile.build:411: drivers/video] Error 2
make[2]: *** Waiting for unfinished jobs....
  LD      drivers/tty/vt/built-in.o
  CC      drivers/usb/gadget/usbstring.o
  CC      drivers/usb/core/buffer.o
  CC      drivers/usb/dwc3/host.o
  LD      drivers/tty/serial/built-in.o
  LD      drivers/tty/built-in.o
  CC      drivers/usb/host/pci-quirks.o
  CC      drivers/usb/gadget/config.o
  CC      drivers/usb/core/sysfs.o
  CC      drivers/usb/dwc3/gadget.o
  CC      drivers/usb/gadget/epautoconf.o
  CC      drivers/usb/host/xhci.o
  CC      drivers/usb/gadget/composite.o
  CC      drivers/usb/core/endpoint.o
/home/runner/work/android_kernel_samsung_universal8895/android_kernel_samsung_universal8895/drivers/usb/gadget/composite.c: In function ‘bos_desc’:
/home/runner/work/android_kernel_samsung_universal8895/android_kernel_samsung_universal8895/drivers/usb/gadget/composite.c:607:22: warning: taking address of packed member of ‘struct usb_bos_descriptor’ may result in an unaligned pointer value [-Waddress-of-packed-member]
  607 |         le16_add_cpu(&bos->wTotalLength, USB_DT_USB_EXT_CAP_SIZE);
      |                      ^~~~~~~~~~~~~~~~~~
/home/runner/work/android_kernel_samsung_universal8895/android_kernel_samsung_universal8895/drivers/usb/gadget/composite.c:622:22: warning: taking address of packed member of ‘struct usb_bos_descriptor’ may result in an unaligned pointer value [-Waddress-of-packed-member]
  622 |         le16_add_cpu(&bos->wTotalLength, USB_DT_USB_SS_CAP_SIZE);
      |                      ^~~~~~~~~~~~~~~~~~
/home/runner/work/android_kernel_samsung_universal8895/android_kernel_samsung_universal8895/drivers/usb/gadget/composite.c: In function ‘get_string’:
/home/runner/work/android_kernel_samsung_universal8895/android_kernel_samsung_universal8895/drivers/usb/gadget/composite.c:1045:44: warning: taking address of packed member of ‘struct usb_string_descriptor’ may result in an unaligned pointer value [-Waddress-of-packed-member]
 1045 |                         collect_langs(sp, s->wData);
      |                                           ~^~~~~~~
/home/runner/work/android_kernel_samsung_universal8895/android_kernel_samsung_universal8895/drivers/usb/gadget/composite.c:1050:52: warning: taking address of packed member of ‘struct usb_string_descriptor’ may result in an unaligned pointer value [-Waddress-of-packed-member]
 1050 |                                 collect_langs(sp, s->wData);
      |                                                   ~^~~~~~~
/home/runner/work/android_kernel_samsung_universal8895/android_kernel_samsung_universal8895/drivers/usb/gadget/composite.c:1063:60: warning: taking address of packed member of ‘struct usb_string_descriptor’ may result in an unaligned pointer value [-Waddress-of-packed-member]
 1063 |                                         collect_langs(sp, s->wData);
      |                                                           ~^~~~~~~
/home/runner/work/android_kernel_samsung_universal8895/android_kernel_samsung_universal8895/drivers/usb/gadget/composite.c:1070:44: warning: taking address of packed member of ‘struct usb_string_descriptor’ may result in an unaligned pointer value [-Waddress-of-packed-member]
 1070 |                         collect_langs(sp, s->wData);
      |                                           ~^~~~~~~
  CC      drivers/usb/core/devio.o
/home/runner/work/android_kernel_samsung_universal8895/android_kernel_samsung_universal8895/drivers/usb/core/devio.c: In function ‘proc_do_submiturb’:
/home/runner/work/android_kernel_samsung_universal8895/android_kernel_samsung_universal8895/drivers/usb/core/devio.c:1341:57: warning: taking address of packed member of ‘struct usb_ctrlrequest’ may result in an unaligned pointer value [-Waddress-of-packed-member]
 1341 |                 if (uurb->buffer_length < (le16_to_cpup(&dr->wLength) + 8)) {
      |                                                         ^~~~~~~~~~~~
/home/runner/work/android_kernel_samsung_universal8895/android_kernel_samsung_universal8895/drivers/usb/core/devio.c:1346:52: warning: taking address of packed member of ‘struct usb_ctrlrequest’ may result in an unaligned pointer value [-Waddress-of-packed-member]
 1346 |                                       le16_to_cpup(&dr->wIndex));
      |                                                    ^~~~~~~~~~~
/home/runner/work/android_kernel_samsung_universal8895/android_kernel_samsung_universal8895/drivers/usb/core/devio.c:1349:52: warning: taking address of packed member of ‘struct usb_ctrlrequest’ may result in an unaligned pointer value [-Waddress-of-packed-member]
 1349 |                 uurb->buffer_length = le16_to_cpup(&dr->wLength);
      |                                                    ^~~~~~~~~~~~
In file included from /home/runner/work/android_kernel_samsung_universal8895/android_kernel_samsung_universal8895/include/linux/usb/ch9.h:35,
                 from /home/runner/work/android_kernel_samsung_universal8895/android_kernel_samsung_universal8895/include/linux/usb.h:5,
                 from /home/runner/work/android_kernel_samsung_universal8895/android_kernel_samsung_universal8895/drivers/usb/core/devio.c:44:
/home/runner/work/android_kernel_samsung_universal8895/android_kernel_samsung_universal8895/drivers/usb/core/devio.c:1362:40: warning: taking address of packed member of ‘struct usb_ctrlrequest’ may result in an unaligned pointer value [-Waddress-of-packed-member]
 1362 |                         __le16_to_cpup(&dr->wValue),
      |                                        ^~~~~~~~~~~
/home/runner/work/android_kernel_samsung_universal8895/android_kernel_samsung_universal8895/include/linux/device.h:1176:58: note: in definition of macro ‘dev_info’
 1176 | #define dev_info(dev, fmt, arg...) _dev_info(dev, fmt, ##arg)
      |                                                          ^~~
/home/runner/work/android_kernel_samsung_universal8895/android_kernel_samsung_universal8895/drivers/usb/core/devio.c:1358:17: note: in expansion of macro ‘snoop’
 1358 |                 snoop(&ps->dev->dev, "control urb: bRequestType=%02x "
      |                 ^~~~~
/home/runner/work/android_kernel_samsung_universal8895/android_kernel_samsung_universal8895/drivers/usb/core/devio.c:1363:40: warning: taking address of packed member of ‘struct usb_ctrlrequest’ may result in an unaligned pointer value [-Waddress-of-packed-member]
 1363 |                         __le16_to_cpup(&dr->wIndex),
      |                                        ^~~~~~~~~~~
/home/runner/work/android_kernel_samsung_universal8895/android_kernel_samsung_universal8895/include/linux/device.h:1176:58: note: in definition of macro ‘dev_info’
 1176 | #define dev_info(dev, fmt, arg...) _dev_info(dev, fmt, ##arg)
      |                                                          ^~~
/home/runner/work/android_kernel_samsung_universal8895/android_kernel_samsung_universal8895/drivers/usb/core/devio.c:1358:17: note: in expansion of macro ‘snoop’
 1358 |                 snoop(&ps->dev->dev, "control urb: bRequestType=%02x "
      |                 ^~~~~
/home/runner/work/android_kernel_samsung_universal8895/android_kernel_samsung_universal8895/drivers/usb/core/devio.c:1364:40: warning: taking address of packed member of ‘struct usb_ctrlrequest’ may result in an unaligned pointer value [-Waddress-of-packed-member]
 1364 |                         __le16_to_cpup(&dr->wLength));
      |                                        ^~~~~~~~~~~~
/home/runner/work/android_kernel_samsung_universal8895/android_kernel_samsung_universal8895/include/linux/device.h:1176:58: note: in definition of macro ‘dev_info’
 1176 | #define dev_info(dev, fmt, arg...) _dev_info(dev, fmt, ##arg)
      |                                                          ^~~
/home/runner/work/android_kernel_samsung_universal8895/android_kernel_samsung_universal8895/drivers/usb/core/devio.c:1358:17: note: in expansion of macro ‘snoop’
 1358 |                 snoop(&ps->dev->dev, "control urb: bRequestType=%02x "
      |                 ^~~~~
  CC      drivers/usb/gadget/functions.o
  CC      drivers/usb/dwc3/ep0.o
  CC      drivers/usb/gadget/configfs.o
/home/runner/work/android_kernel_samsung_universal8895/android_kernel_samsung_universal8895/drivers/usb/gadget/configfs.c: In function ‘gadget_dev_desc_bcdUSB_show’:
/home/runner/work/android_kernel_samsung_universal8895/android_kernel_samsung_universal8895/drivers/usb/gadget/configfs.c:229:30: warning: taking address of packed member of ‘struct usb_device_descriptor’ may result in an unaligned pointer value [-Waddress-of-packed-member]
  229 |                 le16_to_cpup(&to_gadget_info(item)->cdev.desc.__name)); \
      |                              ^
/home/runner/work/android_kernel_samsung_universal8895/android_kernel_samsung_universal8895/drivers/usb/gadget/configfs.c:263:1: note: in expansion of macro ‘GI_DEVICE_DESC_SIMPLE_R_u16’
  263 | GI_DEVICE_DESC_SIMPLE_R_u16(bcdUSB);
      | ^~~~~~~~~~~~~~~~~~~~~~~~~~~
/home/runner/work/android_kernel_samsung_universal8895/android_kernel_samsung_universal8895/drivers/usb/gadget/configfs.c: In function ‘gadget_dev_desc_idVendor_show’:
/home/runner/work/android_kernel_samsung_universal8895/android_kernel_samsung_universal8895/drivers/usb/gadget/configfs.c:229:30: warning: taking address of packed member of ‘struct usb_device_descriptor’ may result in an unaligned pointer value [-Waddress-of-packed-member]
  229 |                 le16_to_cpup(&to_gadget_info(item)->cdev.desc.__name)); \
      |                              ^
/home/runner/work/android_kernel_samsung_universal8895/android_kernel_samsung_universal8895/drivers/usb/gadget/configfs.c:260:9: note: in expansion of macro ‘GI_DEVICE_DESC_SIMPLE_R_u16’
  260 |         GI_DEVICE_DESC_SIMPLE_R_##_type(_name)  \
      |         ^~~~~~~~~~~~~~~~~~~~~~~~
/home/runner/work/android_kernel_samsung_universal8895/android_kernel_samsung_universal8895/drivers/usb/gadget/configfs.c:268:1: note: in expansion of macro ‘GI_DEVICE_DESC_SIMPLE_RW’
  268 | GI_DEVICE_DESC_SIMPLE_RW(idVendor, u16);
      | ^~~~~~~~~~~~~~~~~~~~~~~~
/home/runner/work/android_kernel_samsung_universal8895/android_kernel_samsung_universal8895/drivers/usb/gadget/configfs.c: In function ‘gadget_dev_desc_idProduct_show’:
/home/runner/work/android_kernel_samsung_universal8895/android_kernel_samsung_universal8895/drivers/usb/gadget/configfs.c:229:30: warning: taking address of packed member of ‘struct usb_device_descriptor’ may result in an unaligned pointer value [-Waddress-of-packed-member]
  229 |                 le16_to_cpup(&to_gadget_info(item)->cdev.desc.__name)); \
      |                              ^
/home/runner/work/android_kernel_samsung_universal8895/android_kernel_samsung_universal8895/drivers/usb/gadget/configfs.c:260:9: note: in expansion of macro ‘GI_DEVICE_DESC_SIMPLE_R_u16’
  260 |         GI_DEVICE_DESC_SIMPLE_R_##_type(_name)  \
      |         ^~~~~~~~~~~~~~~~~~~~~~~~
/home/runner/work/android_kernel_samsung_universal8895/android_kernel_samsung_universal8895/drivers/usb/gadget/configfs.c:269:1: note: in expansion of macro ‘GI_DEVICE_DESC_SIMPLE_RW’
  269 | GI_DEVICE_DESC_SIMPLE_RW(idProduct, u16);
      | ^~~~~~~~~~~~~~~~~~~~~~~~
/home/runner/work/android_kernel_samsung_universal8895/android_kernel_samsung_universal8895/drivers/usb/gadget/configfs.c: In function ‘gadget_dev_desc_bcdDevice_show’:
/home/runner/work/android_kernel_samsung_universal8895/android_kernel_samsung_universal8895/drivers/usb/gadget/configfs.c:229:30: warning: taking address of packed member of ‘struct usb_device_descriptor’ may result in an unaligned pointer value [-Waddress-of-packed-member]
  229 |                 le16_to_cpup(&to_gadget_info(item)->cdev.desc.__name)); \
      |                              ^
/home/runner/work/android_kernel_samsung_universal8895/android_kernel_samsung_universal8895/drivers/usb/gadget/configfs.c:270:1: note: in expansion of macro ‘GI_DEVICE_DESC_SIMPLE_R_u16’
  270 | GI_DEVICE_DESC_SIMPLE_R_u16(bcdDevice);
      | ^~~~~~~~~~~~~~~~~~~~~~~~~~~
  CC      drivers/usb/dwc3/debugfs.o
  CC      drivers/usb/host/xhci-mem.o
  CC      drivers/usb/dwc3/dwc3-exynos.o
  CC      drivers/usb/core/notify.o
  CC      drivers/usb/gadget/u_f.o
  CC      drivers/usb/core/generic.o
  CC      drivers/usb/dwc3/dwc3-pci.o
  CC      drivers/usb/gadget/function/f_acm.o
  CC      drivers/usb/core/quirks.o
  LD      drivers/usb/dwc3/dwc3.o
  LD      drivers/usb/dwc3/built-in.o
  CC      drivers/usb/host/xhci-ring.o
  LD      drivers/usb/gadget/legacy/built-in.o
  CC      drivers/usb/core/devices.o
  CC      drivers/usb/gadget/function/u_serial.o
  CC      drivers/usb/host/xhci-hub.o
  CC      drivers/usb/core/port.o
  CC      drivers/usb/gadget/function/u_ether.o
  CC      drivers/usb/host/xhci-dbg.o
  CC      drivers/usb/core/hcd-pci.o
  CC      drivers/usb/host/xhci-trace.o
  CC      drivers/usb/core/usb-acpi.o
  CC      drivers/usb/gadget/function/f_ncm.o
  CC      drivers/usb/manager/usb_typec_manager_notifier.o
  CC      drivers/usb/host/xhci-pci.o
  LD      drivers/usb/core/usbcore.o
  LD      drivers/usb/core/built-in.o
  LD      drivers/usb/misc/built-in.o
  CC      drivers/usb/host/xhci-plat.o
  CC      drivers/usb/gadget/udc/udc-core.o
  LD      drivers/usb/manager/built-in.o
  CC      drivers/usb/gadget/function/f_rndis.o
  LD      drivers/usb/host/xhci-hcd.o
  LD      drivers/usb/host/xhci-plat-hcd.o
  LD      drivers/usb/host/built-in.o
  CC      drivers/usb/notify/host_notify_class.o
  CC      drivers/usb/gadget/function/rndis.o
  CC      drivers/usb/notify/external_notify.o
  LD      drivers/usb/gadget/udc/built-in.o
  CC      drivers/usb/phy/of.o
  LD      drivers/usb/gadget/libcomposite.o
  CC      drivers/usb/notify/usblog_proc_notify.o
  CC      drivers/usb/serial/usb-serial.o
  CC      drivers/usb/gadget/function/f_mass_storage.o
  LD      drivers/usb/phy/built-in.o
  CC      drivers/usb/storage/scsiglue.o
  CC      drivers/usb/storage/protocol.o
  CC      drivers/usb/notify/usb_notify.o
  CC      drivers/usb/serial/generic.o
  CC      drivers/usb/storage/transport.o
  CC      drivers/usb/serial/bus.o
  CC      drivers/usb/gadget/function/storage_common.o
  CC      drivers/usb/notify/usb_notify_sysfs.o
  CC      drivers/usb/storage/usb.o
  CC      drivers/usb/serial/ftdi_sio.o
  CC      drivers/usb/gadget/function/f_fs.o
  CC      drivers/usb/notify/dock_notify.o
  CC      drivers/usb/storage/initializers.o
  CC      drivers/usb/notify/usb_notifier.o
  CC      drivers/usb/serial/pl2303.o
  CC      drivers/usb/storage/sierra_ms.o
  LD      drivers/usb/notify/usb_notify_layer.o
  LD      drivers/usb/notify/built-in.o
  CC      drivers/usb/typec/typec.o
  LD      drivers/usb/serial/usbserial.o
  LD      drivers/usb/serial/built-in.o
  CC      drivers/usb/storage/option_ms.o
  CC      drivers/usb/gadget/function/f_midi.o
  CC      drivers/usb/storage/usual-tables.o
  CC      drivers/usb/gadget/function/f_dm.o
  LD      drivers/usb/typec/built-in.o
  CC      drivers/usb/gadget/function/f_adb.o
  LD      drivers/usb/storage/usb-storage.o
  LD      drivers/usb/storage/built-in.o
  CC      drivers/usb/gadget/function/f_mtp_samsung.o
  CC      drivers/usb/gadget/function/f_ptp.o
  CC      drivers/usb/gadget/function/f_audio_source.o
  CC      drivers/usb/gadget/function/f_accessory.o
  CC      drivers/usb/gadget/function/f_conn_gadget.o
/home/runner/work/android_kernel_samsung_universal8895/android_kernel_samsung_universal8895/drivers/usb/gadget/function/f_conn_gadget.c: In function ‘conn_gadget_setup’:
/home/runner/work/android_kernel_samsung_universal8895/android_kernel_samsung_universal8895/drivers/usb/gadget/function/f_conn_gadget.c:1258:5: warning: this ‘if’ clause does not guard... [-Wmisleading-indentation]
 1258 |     if (dev->rd_queue_buf)
      |     ^~
/home/runner/work/android_kernel_samsung_universal8895/android_kernel_samsung_universal8895/drivers/usb/gadget/function/f_conn_gadget.c:1261:9: note: ...this statement, but the latter is misleadingly indented as if it were guarded by the ‘if’
 1261 |         _conn_gadget_dev = NULL;
      |         ^~~~~~~~~~~~~~~~
/home/runner/work/android_kernel_samsung_universal8895/android_kernel_samsung_universal8895/drivers/usb/gadget/function/f_conn_gadget.c: In function ‘conn_gadget_cleanup’:
/home/runner/work/android_kernel_samsung_universal8895/android_kernel_samsung_universal8895/drivers/usb/gadget/function/f_conn_gadget.c:1278:5: warning: this ‘if’ clause does not guard... [-Wmisleading-indentation]
 1278 |     if (_conn_gadget_dev->rd_queue_buf)
      |     ^~
/home/runner/work/android_kernel_samsung_universal8895/android_kernel_samsung_universal8895/drivers/usb/gadget/function/f_conn_gadget.c:1281:9: note: ...this statement, but the latter is misleadingly indented as if it were guarded by the ‘if’
 1281 |         kfree(_conn_gadget_dev);
      |         ^~~~~
  CC      drivers/usb/gadget/function/multi_config.o
  LD      drivers/usb/gadget/function/usb_f_acm.o
  LD      drivers/usb/gadget/function/usb_f_ncm.o
  LD      drivers/usb/gadget/function/usb_f_rndis.o
  LD      drivers/usb/gadget/function/usb_f_mass_storage.o
  LD      drivers/usb/gadget/function/usb_f_fs.o
  LD      drivers/usb/gadget/function/usb_f_midi.o
  LD      drivers/usb/gadget/function/usb_f_dm.o
  LD      drivers/usb/gadget/function/usb_f_adb.o
  LD      drivers/usb/gadget/function/usb_f_mtp_samsung.o
  LD      drivers/usb/gadget/function/usb_f_ptp.o
  LD      drivers/usb/gadget/function/usb_f_audio_source.o
  LD      drivers/usb/gadget/function/usb_f_conn_gadget.o
  LD      drivers/usb/gadget/function/usb_f_accessory.o
  LD      drivers/usb/gadget/function/built-in.o
  LD      drivers/usb/gadget/built-in.o
  LD      drivers/usb/built-in.o
make[1]: *** [/home/runner/work/android_kernel_samsung_universal8895/android_kernel_samsung_universal8895/Makefile:1028: drivers] Error 2
make[1]: Leaving directory '/home/runner/work/android_kernel_samsung_universal8895/android_kernel_samsung_universal8895/out/greatlte'
make: *** [Makefile:150: sub-make] Error 2
